time_s,voltage_mv
0,77.7362388538
1.953125e-08,77.7386625724
3.90625e-08,77.7459328354
5.859375e-08,77.7580469654
7.8125e-08,77.775000502
9.765625e-08,77.7967872043
1.171875e-07,77.8233990555
1.3671875e-07,77.8548262672
1.5625e-07,77.8910572864
1.7578125e-07,77.9320788022
1.953125e-07,77.9778757545
2.1484375e-07,78.0284313438
2.34375e-07,78.0837270412
2.5390625e-07,78.1437426006
2.734375e-07,78.2084560713
2.9296875e-07,78.277843812
3.125e-07,78.3518805054
3.3203125e-07,78.4305391744
3.515625e-07,78.5137911987
3.7109375e-07,78.6016063333
3.90625e-07,78.6939527268
4.1015625e-07,78.7907969416
4.296875e-07,78.892103975
4.4921875e-07,78.9978372803
4.6875e-07,79.1079587902
4.8828125e-07,79.22242894
5.078125e-07,79.3412066921
5.2734375e-07,79.4642495614
5.46875e-07,79.5915136412
5.6640625e-07,79.7229536307
5.859375e-07,79.8585228617
6.0546875e-07,79.9981733283
6.25e-07,80.141855715
6.4453125e-07,80.2895194272
6.640625e-07,80.4411126218
6.8359375e-07,80.5965822379
7.03125e-07,80.7558740292
7.2265625e-07,80.9189325963
7.421875e-07,81.0857014193
7.6171875e-07,81.256122892
7.8125e-07,81.4301383553
8.0078125e-07,81.6076881322
8.203125e-07,81.7887115626
8.3984375e-07,81.9731470386
8.59375e-07,82.1609320405
8.7890625e-07,82.3520031725
8.984375e-07,82.5462962
9.1796875e-07,82.7437460855
9.375e-07,82.9442870261
9.5703125e-07,83.1478524907
9.765625e-07,83.3543752575
9.9609375e-07,83.5637874517
1.015625e-06,83.7760205833
1.03515625e-06,83.9910055848
1.0546875e-06,84.2086728496
1.07421875e-06,84.4289522698
1.09375e-06,84.6517732746
1.11328125e-06,84.8770648681
1.1328125e-06,85.1047556673
1.15234375e-06,85.3347739406
1.171875e-06,85.5670476452
1.19140625e-06,85.8015044652
1.2109375e-06,86.0380718491
1.23046875e-06,86.2766770475
1.25e-06,86.5172471501
1.26953125e-06,86.759709123
1.2890625e-06,87.0039898452
1.30859375e-06,87.2500161455
1.328125e-06,87.4977148384
1.34765625e-06,87.7470127602
1.3671875e-06,87.9978368043
1.38671875e-06,88.2501139567
1.40625e-06,88.5037713303
1.42578125e-06,88.7587361996
1.4453125e-06,89.0149360343
1.46484375e-06,89.2722985328
1.484375e-06,89.5307516554
1.50390625e-06,89.7902236561
1.5234375e-06,90.0506431152
1.54296875e-06,90.31193897
1.5625e-06,90.5740405459
1.58203125e-06,90.8368775867
1.6015625e-06,91.1003802837
1.62109375e-06,91.3644793053
1.640625e-06,91.6291058248
1.66015625e-06,91.8941915485
1.6796875e-06,92.1596687425
1.69921875e-06,92.4254702591
1.71875e-06,92.6915295627
1.73828125e-06,92.9577807545
1.7578125e-06,93.224158597
1.77734375e-06,93.4905985373
1.796875e-06,93.7570367305
1.81640625e-06,94.0234100612
1.8359375e-06,94.2896561654
1.85546875e-06,94.5557134506
1.875e-06,94.8215211163
1.89453125e-06,95.0870191726
1.9140625e-06,95.3521484588
1.93359375e-06,95.6168506612
1.953125e-06,95.8810683295
1.97265625e-06,96.1447448932
1.9921875e-06,96.4078246765
2.01171875e-06,96.6702529134
2.03125e-06,96.9319757611
2.05078125e-06,97.1929403128
2.0703125e-06,97.4530946101
2.08984375e-06,97.7123876546
2.109375e-06,97.9707694182
2.12890625e-06,98.2281908531
2.1484375e-06,98.4846039011
2.16796875e-06,98.7399615018
2.1875e-06,98.9942176003
2.20703125e-06,99.2473271539
2.2265625e-06,99.4992461385
2.24609375e-06,99.7499315536
2.265625e-06,99.9993414276
2.28515625e-06,100.247434821
2.3046875e-06,100.49417183
2.32421875e-06,100.739513589
2.34375e-06,100.983422273
2.36328125e-06,101.225861097
2.3828125e-06,101.466794319
2.40234375e-06,101.706187237
2.421875e-06,101.944006191
2.44140625e-06,102.180218559
2.4609375e-06,102.414792756
2.48046875e-06,102.647698232
2.5e-06,102.878905466
2.51953125e-06,103.108385967
2.5390625e-06,103.336112263
2.55859375e-06,103.5620579
2.578125e-06,103.786197438
2.59765625e-06,104.008506438
2.6171875e-06,104.228961464
2.63671875e-06,104.447540066
2.65625e-06,104.664220783
2.67578125e-06,104.878983124
2.6953125e-06,105.091807568
2.71484375e-06,105.30267555
2.734375e-06,105.511569452
2.75390625e-06,105.718472593
2.7734375e-06,105.923369219
2.79296875e-06,106.126244494
2.8125e-06,106.327084484
2.83203125e-06,106.525876148
2.8515625e-06,106.722607328
2.87109375e-06,106.917266731
2.890625e-06,107.109843922
2.91015625e-06,107.300329309
2.9296875e-06,107.488714126
2.94921875e-06,107.674990427
2.96875e-06,107.859151064
2.98828125e-06,108.041189677
3.0078125e-06,108.221100681
3.02734375e-06,108.398879246
3.046875e-06,108.574521289
3.06640625e-06,108.748023453
3.0859375e-06,108.919383093
3.10546875e-06,109.088598264
3.125e-06,109.255667702
3.14453125e-06,109.420590809
3.1640625e-06,109.583367636
3.18359375e-06,109.743998869
3.203125e-06,109.902485813
3.22265625e-06,110.058830373
3.2421875e-06,110.213035041
3.26171875e-06,110.365102876
3.28125e-06,110.515037491
3.30078125e-06,110.662843033
3.3203125e-06,110.808524171
3.33984375e-06,110.952086075
3.359375e-06,111.093534401
3.37890625e-06,111.232875275
3.3984375e-06,111.370115275
3.41796875e-06,111.505261416
3.4375e-06,111.638321131
3.45703125e-06,111.769302259
3.4765625e-06,111.898213023
3.49609375e-06,112.025062015
3.515625e-06,112.149858185
3.53515625e-06,112.272610815
3.5546875e-06,112.393329511
3.57421875e-06,112.512024183
3.59375e-06,112.628705031
3.61328125e-06,112.743382525
3.6328125e-06,112.856067394
3.65234375e-06,112.966770607
3.671875e-06,113.075503359
3.69140625e-06,113.182277055
3.7109375e-06,113.287103294
3.73046875e-06,113.389993854
3.75e-06,113.490960678
3.76953125e-06,113.590015859
3.7890625e-06,113.687171623
3.80859375e-06,113.782440316
3.828125e-06,113.875834392
3.84765625e-06,113.967366392
3.8671875e-06,114.057048938
3.88671875e-06,114.144894714
3.90625e-06,114.230916453
3.92578125e-06,114.315126925
3.9453125e-06,114.397538922
3.96484375e-06,114.478165246
3.984375e-06,114.557018696
4.00390625e-06,114.634112056
4.0234375e-06,114.709458079
4.04296875e-06,114.78306948
4.0625e-06,114.854958919
4.08203125e-06,114.925138993
4.1015625e-06,114.993622224
4.12109375e-06,115.060421043
4.140625e-06,115.125547784
4.16015625e-06,115.189014672
4.1796875e-06,115.250833811
4.19921875e-06,115.311017173
4.21875e-06,115.369576592
4.23828125e-06,115.426523746
4.2578125e-06,115.481870157
4.27734375e-06,115.535627173
4.296875e-06,115.587805963
4.31640625e-06,115.638417509
4.3359375e-06,115.687472593
4.35546875e-06,115.734981792
4.375e-06,115.780955467
4.39453125e-06,115.825403757
4.4140625e-06,115.868336571
4.43359375e-06,115.909763579
4.453125e-06,115.949694205
4.47265625e-06,115.98813762
4.4921875e-06,116.025102737
4.51171875e-06,116.060598202
4.53125e-06,116.094632386
4.55078125e-06,116.127213383
4.5703125e-06,116.158349002
4.58984375e-06,116.188046761
4.609375e-06,116.216313883
4.62890625e-06,116.243157288
4.6484375e-06,116.268583591
4.66796875e-06,116.292599095
4.6875e-06,116.315209788
4.70703125e-06,116.336421341
4.7265625e-06,116.356239097
4.74609375e-06,116.374668075
4.765625e-06,116.39171296
4.78515625e-06,116.407378107
4.8046875e-06,116.421667531
4.82421875e-06,116.434584907
4.84375e-06,116.446133569
4.86328125e-06,116.456316505
4.8828125e-06,116.465136358
4.90234375e-06,116.47259542
4.921875e-06,116.478695635
4.94140625e-06,116.483438593
4.9609375e-06,116.486825535
4.98046875e-06,116.488857346
5e-06,116.489534557
5.01953125e-06,116.488857346
5.0390625e-06,116.486825535
5.05859375e-06,116.483438593
5.078125e-06,116.478695635
5.09765625e-06,116.47259542
5.1171875e-06,116.465136358
5.13671875e-06,116.456316505
5.15625e-06,116.446133569
5.17578125e-06,116.434584907
5.1953125e-06,116.421667531
5.21484375e-06,116.407378107
5.234375e-06,116.39171296
5.25390625e-06,116.374668075
5.2734375e-06,116.356239097
5.29296875e-06,116.336421341
5.3125e-06,116.315209788
5.33203125e-06,116.292599095
5.3515625e-06,116.268583591
5.37109375e-06,116.243157288
5.390625e-06,116.216313883
5.41015625e-06,116.188046761
5.4296875e-06,116.158349002
5.44921875e-06,116.127213383
5.46875e-06,116.094632386
5.48828125e-06,116.060598202
5.5078125e-06,116.025102737
5.52734375e-06,115.98813762
5.546875e-06,115.949694205
5.56640625e-06,115.909763579
5.5859375e-06,115.868336571
5.60546875e-06,115.825403757
5.625e-06,115.780955467
5.64453125e-06,115.734981792
5.6640625e-06,115.687472593
5.68359375e-06,115.638417509
5.703125e-06,115.587805963
5.72265625e-06,115.535627173
5.7421875e-06,115.481870157
5.76171875e-06,115.426523746
5.78125e-06,115.369576592
5.80078125e-06,115.311017173
5.8203125e-06,115.250833811
5.83984375e-06,115.189014672
5.859375e-06,115.125547784
5.87890625e-06,115.060421043
5.8984375e-06,114.993622224
5.91796875e-06,114.925138993
5.9375e-06,114.854958919
5.95703125e-06,114.78306948
5.9765625e-06,114.709458079
5.99609375e-06,114.634112056
6.015625e-06,114.557018696
6.03515625e-06,114.478165246
6.0546875e-06,114.397538922
6.07421875e-06,114.315126925
6.09375e-06,114.230916453
6.11328125e-06,114.144894714
6.1328125e-06,114.057048938
6.15234375e-06,113.967366392
6.171875e-06,113.875834392
6.19140625e-06,113.782440316
6.2109375e-06,113.687171623
6.23046875e-06,113.590015859
6.25e-06,113.490960678
6.26953125e-06,113.389993854
6.2890625e-06,113.287103294
6.30859375e-06,113.182277055
6.328125e-06,113.075503359
6.34765625e-06,112.966770607
6.3671875e-06,112.856067394
6.38671875e-06,112.743382525
6.40625e-06,112.628705031
6.42578125e-06,112.512024183
6.4453125e-06,112.393329511
6.46484375e-06,112.272610815
6.484375e-06,112.149858185
6.50390625e-06,112.025062015
6.5234375e-06,111.898213023
6.54296875e-06,111.769302259
6.5625e-06,111.638321131
6.58203125e-06,111.505261416
6.6015625e-06,111.370115275
6.62109375e-06,111.232875275
6.640625e-06,111.093534401
6.66015625e-06,110.952086075
6.6796875e-06,110.808524171
6.69921875e-06,110.662843033
6.71875e-06,110.515037491
6.73828125e-06,110.365102876
6.7578125e-06,110.213035041
6.77734375e-06,110.058830373
6.796875e-06,109.902485813
6.81640625e-06,109.743998869
6.8359375e-06,109.583367636
6.85546875e-06,109.420590809
6.875e-06,109.255667702
6.89453125e-06,109.088598264
6.9140625e-06,108.919383093
6.93359375e-06,108.748023453
6.953125e-06,108.574521289
6.97265625e-06,108.398879246
6.9921875e-06,108.221100681
7.01171875e-06,108.041189677
7.03125e-06,107.859151064
7.05078125e-06,107.674990427
7.0703125e-06,107.488714126
7.08984375e-06,107.300329309
7.109375e-06,107.109843922
7.12890625e-06,106.917266731
7.1484375e-06,106.722607328
7.16796875e-06,106.525876148
7.1875e-06,106.327084484
7.20703125e-06,106.126244494
7.2265625e-06,105.923369219
7.24609375e-06,105.718472593
7.265625e-06,105.511569452
7.28515625e-06,105.30267555
7.3046875e-06,105.091807568
7.32421875e-06,104.878983124
7.34375e-06,104.664220783
7.36328125e-06,104.447540066
7.3828125e-06,104.228961464
7.40234375e-06,104.008506438
7.421875e-06,103.786197438
7.44140625e-06,103.5620579
7.4609375e-06,103.336112263
7.48046875e-06,103.108385967
7.5e-06,102.878905466
7.51953125e-06,102.647698232
7.5390625e-06,102.414792756
7.55859375e-06,102.180218559
7.578125e-06,101.944006191
7.59765625e-06,101.706187237
7.6171875e-06,101.466794319
7.63671875e-06,101.225861097
7.65625e-06,100.983422273
7.67578125e-06,100.739513589
7.6953125e-06,100.49417183
7.71484375e-06,100.247434821
7.734375e-06,99.9993414276
7.75390625e-06,99.7499315536
7.7734375e-06,99.4992461385
7.79296875e-06,99.2473271539
7.8125e-06,98.9942176003
7.83203125e-06,98.7399615018
7.8515625e-06,98.4846039011
7.87109375e-06,98.2281908531
7.890625e-06,97.9707694182
7.91015625e-06,97.7123876546
7.9296875e-06,97.4530946101
7.94921875e-06,97.1929403128
7.96875e-06,96.9319757611
7.98828125e-06,96.6702529134
8.0078125e-06,96.4078246765
8.02734375e-06,96.1447448932
8.046875e-06,95.8810683295
8.06640625e-06,95.6168506612
8.0859375e-06,95.3521484588
8.10546875e-06,95.0870191726
8.125e-06,94.8215211163
8.14453125e-06,94.5557134506
8.1640625e-06,94.2896561654
8.18359375e-06,94.0234100612
8.203125e-06,93.7570367305
8.22265625e-06,93.4905985373
8.2421875e-06,93.224158597
8.26171875e-06,92.9577807545
8.28125e-06,92.6915295627
8.30078125e-06,92.4254702591
8.3203125e-06,92.1596687425
8.33984375e-06,91.8941915485
8.359375e-06,91.6291058248
8.37890625e-06,91.3644793053
8.3984375e-06,91.1003802837
8.41796875e-06,90.8368775867
8.4375e-06,90.5740405459
8.45703125e-06,90.31193897
8.4765625e-06,90.0506431152
8.49609375e-06,89.7902236561
8.515625e-06,89.5307516554
8.53515625e-06,89.2722985328
8.5546875e-06,89.0149360343
8.57421875e-06,88.7587361996
8.59375e-06,88.5037713303
8.61328125e-06,88.2501139567
8.6328125e-06,87.9978368043
8.65234375e-06,87.7470127602
8.671875e-06,87.4977148384
8.69140625e-06,87.2500161455
8.7109375e-06,87.0039898452
8.73046875e-06,86.759709123
8.75e-06,86.5172471501
8.76953125e-06,86.2766770475
8.7890625e-06,86.0380718491
8.80859375e-06,85.8015044652
8.828125e-06,85.5670476452
8.84765625e-06,85.3347739406
8.8671875e-06,85.1047556673
8.88671875e-06,84.8770648681
8.90625e-06,84.6517732746
8.92578125e-06,84.4289522698
8.9453125e-06,84.2086728496
8.96484375e-06,83.9910055848
8.984375e-06,83.7760205833
9.00390625e-06,83.5637874517
9.0234375e-06,83.3543752575
9.04296875e-06,83.1478524907
9.0625e-06,82.9442870261
9.08203125e-06,82.7437460855
9.1015625e-06,82.5462962
9.12109375e-06,82.3520031725
9.140625e-06,82.1609320405
9.16015625e-06,81.9731470386
9.1796875e-06,81.7887115626
9.19921875e-06,81.6076881322
9.21875e-06,81.4301383553
9.23828125e-06,81.256122892
9.2578125e-06,81.0857014193
9.27734375e-06,80.9189325963
9.296875e-06,80.7558740292
9.31640625e-06,80.5965822379
9.3359375e-06,80.4411126218
9.35546875e-06,80.2895194272
9.375e-06,80.141855715
9.39453125e-06,79.9981733283
9.4140625e-06,79.8585228617
9.43359375e-06,79.7229536307
9.453125e-06,79.5915136412
9.47265625e-06,79.4642495614
9.4921875e-06,79.3412066921
9.51171875e-06,79.22242894
9.53125e-06,79.1079587902
9.55078125e-06,78.9978372803
9.5703125e-06,78.892103975
9.58984375e-06,78.7907969416
9.609375e-06,78.6939527268
9.62890625e-06,78.6016063333
9.6484375e-06,78.5137911987
9.66796875e-06,78.4305391744
9.6875e-06,78.3518805054
9.70703125e-06,78.277843812
9.7265625e-06,78.2084560713
9.74609375e-06,78.1437426006
9.765625e-06,78.0837270412
9.78515625e-06,78.0284313438
9.8046875e-06,77.9778757545
9.82421875e-06,77.9320788022
9.84375e-06,77.8910572864
9.86328125e-06,77.8548262672
9.8828125e-06,77.8233990555
9.90234375e-06,77.7967872043
9.921875e-06,77.775000502
9.94140625e-06,77.7580469654
9.9609375e-06,77.7459328354
9.98046875e-06,77.7386625724
1e-05,77.7362388538
1.001953125e-05,77.7386625724
1.00390625e-05,77.7459328354
1.005859375e-05,77.7580469654
1.0078125e-05,77.775000502
1.009765625e-05,77.7967872043
1.01171875e-05,77.8233990555
1.013671875e-05,77.8548262672
1.015625e-05,77.8910572864
1.017578125e-05,77.9320788022
1.01953125e-05,77.9778757545
1.021484375e-05,78.0284313438
1.0234375e-05,78.0837270412
1.025390625e-05,78.1437426006
1.02734375e-05,78.2084560713
1.029296875e-05,78.277843812
1.03125e-05,78.3518805054
1.033203125e-05,78.4305391744
1.03515625e-05,78.5137911987
1.037109375e-05,78.6016063333
1.0390625e-05,78.6939527268
1.041015625e-05,78.7907969416
1.04296875e-05,78.892103975
1.044921875e-05,78.9978372803
1.046875e-05,79.1079587902
1.048828125e-05,79.22242894
1.05078125e-05,79.3412066921
1.052734375e-05,79.4642495614
1.0546875e-05,79.5915136412
1.056640625e-05,79.7229536307
1.05859375e-05,79.8585228617
1.060546875e-05,79.9981733283
1.0625e-05,80.141855715
1.064453125e-05,80.2895194272
1.06640625e-05,80.4411126218
1.068359375e-05,80.5965822379
1.0703125e-05,80.7558740292
1.072265625e-05,80.9189325963
1.07421875e-05,81.0857014193
1.076171875e-05,81.256122892
1.078125e-05,81.4301383553
1.080078125e-05,81.6076881322
1.08203125e-05,81.7887115626
1.083984375e-05,81.9731470386
1.0859375e-05,82.1609320405
1.087890625e-05,82.3520031725
1.08984375e-05,82.5462962
1.091796875e-05,82.7437460855
1.09375e-05,82.9442870261
1.095703125e-05,83.1478524907
1.09765625e-05,83.3543752575
1.099609375e-05,83.5637874517
1.1015625e-05,83.7760205833
1.103515625e-05,83.9910055848
1.10546875e-05,84.2086728496
1.107421875e-05,84.4289522698
1.109375e-05,84.6517732746
1.111328125e-05,84.8770648681
1.11328125e-05,85.1047556673
1.115234375e-05,85.3347739406
1.1171875e-05,85.5670476452
1.119140625e-05,85.8015044652
1.12109375e-05,86.0380718491
1.123046875e-05,86.2766770475
1.125e-05,86.5172471501
1.126953125e-05,86.759709123
1.12890625e-05,87.0039898452
1.130859375e-05,87.2500161455
1.1328125e-05,87.4977148384
1.134765625e-05,87.7470127602
1.13671875e-05,87.9978368043
1.138671875e-05,88.2501139567
1.140625e-05,88.5037713303
1.142578125e-05,88.7587361996
1.14453125e-05,89.0149360343
1.146484375e-05,89.2722985328
1.1484375e-05,89.5307516554
1.150390625e-05,89.7902236561
1.15234375e-05,90.0506431152
1.154296875e-05,90.31193897
1.15625e-05,90.5740405459
1.158203125e-05,90.8368775867
1.16015625e-05,91.1003802837
1.162109375e-05,91.3644793053
1.1640625e-05,91.6291058248
1.166015625e-05,91.8941915485
1.16796875e-05,92.1596687425
1.169921875e-05,92.4254702591
1.171875e-05,92.6915295627
1.173828125e-05,92.9577807545
1.17578125e-05,93.224158597
1.177734375e-05,93.4905985373
1.1796875e-05,93.7570367305
1.181640625e-05,94.0234100612
1.18359375e-05,94.2896561654
1.185546875e-05,94.5557134506
1.1875e-05,94.8215211163
1.189453125e-05,95.0870191726
1.19140625e-05,95.3521484588
1.193359375e-05,95.6168506612
1.1953125e-05,95.8810683295
1.197265625e-05,96.1447448932
1.19921875e-05,96.4078246765
1.201171875e-05,96.6702529134
1.203125e-05,96.9319757611
1.205078125e-05,97.1929403128
1.20703125e-05,97.4530946101
1.208984375e-05,97.7123876546
1.2109375e-05,97.9707694182
1.212890625e-05,98.2281908531
1.21484375e-05,98.4846039011
1.216796875e-05,98.7399615018
1.21875e-05,98.9942176003
1.220703125e-05,99.2473271539
1.22265625e-05,99.4992461385
1.224609375e-05,99.7499315536
1.2265625e-05,99.9993414276
1.228515625e-05,100.247434821
1.23046875e-05,100.49417183
1.232421875e-05,100.739513589
1.234375e-05,100.983422273
1.236328125e-05,101.225861097
1.23828125e-05,101.466794319
1.240234375e-05,101.706187237
1.2421875e-05,101.944006191
1.244140625e-05,102.180218559
1.24609375e-05,102.414792756
1.248046875e-05,102.647698232
1.25e-05,102.878905466
1.251953125e-05,103.108385967
1.25390625e-05,103.336112263
1.255859375e-05,103.5620579
1.2578125e-05,103.786197438
1.259765625e-05,104.008506438
1.26171875e-05,104.228961464
1.263671875e-05,104.447540066
1.265625e-05,104.664220783
1.267578125e-05,104.878983124
1.26953125e-05,105.091807568
1.271484375e-05,105.30267555
1.2734375e-05,105.511569452
1.275390625e-05,105.718472593
1.27734375e-05,105.923369219
1.279296875e-05,106.126244494
1.28125e-05,106.327084484
1.283203125e-05,106.525876148
1.28515625e-05,106.722607328
1.287109375e-05,106.917266731
1.2890625e-05,107.109843922
1.291015625e-05,107.300329309
1.29296875e-05,107.488714126
1.294921875e-05,107.674990427
1.296875e-05,107.859151064
1.298828125e-05,108.041189677
1.30078125e-05,108.221100681
1.302734375e-05,108.398879246
1.3046875e-05,108.574521289
1.306640625e-05,108.748023453
1.30859375e-05,108.919383093
1.310546875e-05,109.088598264
1.3125e-05,109.255667702
1.314453125e-05,109.420590809
1.31640625e-05,109.583367636
1.318359375e-05,109.743998869
1.3203125e-05,109.902485813
1.322265625e-05,110.058830373
1.32421875e-05,110.213035041
1.326171875e-05,110.365102876
1.328125e-05,110.515037491
1.330078125e-05,110.662843033
1.33203125e-05,110.808524171
1.333984375e-05,110.952086075
1.3359375e-05,111.093534401
1.337890625e-05,111.232875275
1.33984375e-05,111.370115275
1.341796875e-05,111.505261416
1.34375e-05,111.638321131
1.345703125e-05,111.769302259
1.34765625e-05,111.898213023
1.349609375e-05,112.025062015
1.3515625e-05,112.149858185
1.353515625e-05,112.272610815
1.35546875e-05,112.393329511
1.357421875e-05,112.512024183
1.359375e-05,112.628705031
1.361328125e-05,112.743382525
1.36328125e-05,112.856067394
1.365234375e-05,112.966770607
1.3671875e-05,113.075503359
1.369140625e-05,113.182277055
1.37109375e-05,113.287103294
1.373046875e-05,113.389993854
1.375e-05,113.490960678
1.376953125e-05,113.590015859
1.37890625e-05,113.687171623
1.380859375e-05,113.782440316
1.3828125e-05,113.875834392
1.384765625e-05,113.967366392
1.38671875e-05,114.057048938
1.388671875e-05,114.144894714
1.390625e-05,114.230916453
1.392578125e-05,114.315126925
1.39453125e-05,114.397538922
1.396484375e-05,114.478165246
1.3984375e-05,114.557018696
1.400390625e-05,114.634112056
1.40234375e-05,114.709458079
1.404296875e-05,114.78306948
1.40625e-05,114.854958919
1.408203125e-05,114.925138993
1.41015625e-05,114.993622224
1.412109375e-05,115.060421043
1.4140625e-05,115.125547784
1.416015625e-05,115.189014672
1.41796875e-05,115.250833811
1.419921875e-05,115.311017173
1.421875e-05,115.369576592
1.423828125e-05,115.426523746
1.42578125e-05,115.481870157
1.427734375e-05,115.535627173
1.4296875e-05,115.587805963
1.431640625e-05,115.638417509
1.43359375e-05,115.687472593
1.435546875e-05,115.734981792
1.4375e-05,115.780955467
1.439453125e-05,115.825403757
1.44140625e-05,115.868336571
1.443359375e-05,115.909763579
1.4453125e-05,115.949694205
1.447265625e-05,115.98813762
1.44921875e-05,116.025102737
1.451171875e-05,116.060598202
1.453125e-05,116.094632386
1.455078125e-05,116.127213383
1.45703125e-05,116.158349002
1.458984375e-05,116.188046761
1.4609375e-05,116.216313883
1.462890625e-05,116.243157288
1.46484375e-05,116.268583591
1.466796875e-05,116.292599095
1.46875e-05,116.315209788
1.470703125e-05,116.336421341
1.47265625e-05,116.356239097
1.474609375e-05,116.374668075
1.4765625e-05,116.39171296
1.478515625e-05,116.407378107
1.48046875e-05,116.421667531
1.482421875e-05,116.434584907
1.484375e-05,116.446133569
1.486328125e-05,116.456316505
1.48828125e-05,116.465136358
1.490234375e-05,116.47259542
1.4921875e-05,116.478695635
1.494140625e-05,116.483438593
1.49609375e-05,116.486825535
1.498046875e-05,116.488857346
1.5e-05,116.489534557
1.501953125e-05,116.488857346
1.50390625e-05,116.486825535
1.505859375e-05,116.483438593
1.5078125e-05,116.478695635
1.509765625e-05,116.47259542
1.51171875e-05,116.465136358
1.513671875e-05,116.456316505
1.515625e-05,116.446133569
1.517578125e-05,116.434584907
1.51953125e-05,116.421667531
1.521484375e-05,116.407378107
1.5234375e-05,116.39171296
1.525390625e-05,116.374668075
1.52734375e-05,116.356239097
1.529296875e-05,116.336421341
1.53125e-05,116.315209788
1.533203125e-05,116.292599095
1.53515625e-05,116.268583591
1.537109375e-05,116.243157288
1.5390625e-05,116.216313883
1.541015625e-05,116.188046761
1.54296875e-05,116.158349002
1.544921875e-05,116.127213383
1.546875e-05,116.094632386
1.548828125e-05,116.060598202
1.55078125e-05,116.025102737
1.552734375e-05,115.98813762
1.5546875e-05,115.949694205
1.556640625e-05,115.909763579
1.55859375e-05,115.868336571
1.560546875e-05,115.825403757
1.5625e-05,115.780955467
1.564453125e-05,115.734981792
1.56640625e-05,115.687472593
1.568359375e-05,115.638417509
1.5703125e-05,115.587805963
1.572265625e-05,115.535627173
1.57421875e-05,115.481870157
1.576171875e-05,115.426523746
1.578125e-05,115.369576592
1.580078125e-05,115.311017173
1.58203125e-05,115.250833811
1.583984375e-05,115.189014672
1.5859375e-05,115.125547784
1.587890625e-05,115.060421043
1.58984375e-05,114.993622224
1.591796875e-05,114.925138993
1.59375e-05,114.854958919
1.595703125e-05,114.78306948
1.59765625e-05,114.709458079
1.599609375e-05,114.634112056
1.6015625e-05,114.557018696
1.603515625e-05,114.478165246
1.60546875e-05,114.397538922
1.607421875e-05,114.315126925
1.609375e-05,114.230916453
1.611328125e-05,114.144894714
1.61328125e-05,114.057048938
1.615234375e-05,113.967366392
1.6171875e-05,113.875834392
1.619140625e-05,113.782440316
1.62109375e-05,113.687171623
1.623046875e-05,113.590015859
1.625e-05,113.490960678
1.626953125e-05,113.389993854
1.62890625e-05,113.287103294
1.630859375e-05,113.182277055
1.6328125e-05,113.075503359
1.634765625e-05,112.966770607
1.63671875e-05,112.856067394
1.638671875e-05,112.743382525
1.640625e-05,112.628705031
1.642578125e-05,112.512024183
1.64453125e-05,112.393329511
1.646484375e-05,112.272610815
1.6484375e-05,112.149858185
1.650390625e-05,112.025062015
1.65234375e-05,111.898213023
1.654296875e-05,111.769302259
1.65625e-05,111.638321131
1.658203125e-05,111.505261416
1.66015625e-05,111.370115275
1.662109375e-05,111.232875275
1.6640625e-05,111.093534401
1.666015625e-05,110.952086075
1.66796875e-05,110.808524171
1.669921875e-05,110.662843033
1.671875e-05,110.515037491
1.673828125e-05,110.365102876
1.67578125e-05,110.213035041
1.677734375e-05,110.058830373
1.6796875e-05,109.902485813
1.681640625e-05,109.743998869
1.68359375e-05,109.583367636
1.685546875e-05,109.420590809
1.6875e-05,109.255667702
1.689453125e-05,109.088598264
1.69140625e-05,108.919383093
1.693359375e-05,108.748023453
1.6953125e-05,108.574521289
1.697265625e-05,108.398879246
1.69921875e-05,108.221100681
1.701171875e-05,108.041189677
1.703125e-05,107.859151064
1.705078125e-05,107.674990427
1.70703125e-05,107.488714126
1.708984375e-05,107.300329309
1.7109375e-05,107.109843922
1.712890625e-05,106.917266731
1.71484375e-05,106.722607328
1.716796875e-05,106.525876148
1.71875e-05,106.327084484
1.720703125e-05,106.126244494
1.72265625e-05,105.923369219
1.724609375e-05,105.718472593
1.7265625e-05,105.511569452
1.728515625e-05,105.30267555
1.73046875e-05,105.091807568
1.732421875e-05,104.878983124
1.734375e-05,104.664220783
1.736328125e-05,104.447540066
1.73828125e-05,104.228961464
1.740234375e-05,104.008506438
1.7421875e-05,103.786197438
1.744140625e-05,103.5620579
1.74609375e-05,103.336112263
1.748046875e-05,103.108385967
1.75e-05,102.878905466
1.751953125e-05,102.647698232
1.75390625e-05,102.414792756
1.755859375e-05,102.180218559
1.7578125e-05,101.944006191
1.759765625e-05,101.706187237
1.76171875e-05,101.466794319
1.763671875e-05,101.225861097
1.765625e-05,100.983422273
1.767578125e-05,100.739513589
1.76953125e-05,100.49417183
1.771484375e-05,100.247434821
1.7734375e-05,99.9993414276
1.775390625e-05,99.7499315536
1.77734375e-05,99.4992461385
1.779296875e-05,99.2473271539
1.78125e-05,98.9942176003
1.783203125e-05,98.7399615018
1.78515625e-05,98.4846039011
1.787109375e-05,98.2281908531
1.7890625e-05,97.9707694182
1.791015625e-05,97.7123876546
1.79296875e-05,97.4530946101
1.794921875e-05,97.1929403128
1.796875e-05,96.9319757611
1.798828125e-05,96.6702529134
1.80078125e-05,96.4078246765
1.802734375e-05,96.1447448932
1.8046875e-05,95.8810683295
1.806640625e-05,95.6168506612
1.80859375e-05,95.3521484588
1.810546875e-05,95.0870191726
1.8125e-05,94.8215211163
1.814453125e-05,94.5557134506
1.81640625e-05,94.2896561654
1.818359375e-05,94.0234100612
1.8203125e-05,93.7570367305
1.822265625e-05,93.4905985373
1.82421875e-05,93.224158597
1.826171875e-05,92.9577807545
1.828125e-05,92.6915295627
1.830078125e-05,92.4254702591
1.83203125e-05,92.1596687425
1.833984375e-05,91.8941915485
1.8359375e-05,91.6291058248
1.837890625e-05,91.3644793053
1.83984375e-05,91.1003802837
1.841796875e-05,90.8368775867
1.84375e-05,90.5740405459
1.845703125e-05,90.31193897
1.84765625e-05,90.0506431152
1.849609375e-05,89.7902236561
1.8515625e-05,89.5307516554
1.853515625e-05,89.2722985328
1.85546875e-05,89.0149360343
1.857421875e-05,88.7587361996
1.859375e-05,88.5037713303
1.861328125e-05,88.2501139567
1.86328125e-05,87.9978368043
1.865234375e-05,87.7470127602
1.8671875e-05,87.4977148384
1.869140625e-05,87.2500161455
1.87109375e-05,87.0039898452
1.873046875e-05,86.759709123
1.875e-05,86.5172471501
1.876953125e-05,86.2766770475
1.87890625e-05,86.0380718491
1.880859375e-05,85.8015044652
1.8828125e-05,85.5670476452
1.884765625e-05,85.3347739406
1.88671875e-05,85.1047556673
1.888671875e-05,84.8770648681
1.890625e-05,84.6517732746
1.892578125e-05,84.4289522698
1.89453125e-05,84.2086728496
1.896484375e-05,83.9910055848
1.8984375e-05,83.7760205833
1.900390625e-05,83.5637874517
1.90234375e-05,83.3543752575
1.904296875e-05,83.1478524907
1.90625e-05,82.9442870261
1.908203125e-05,82.7437460855
1.91015625e-05,82.5462962
1.912109375e-05,82.3520031725
1.9140625e-05,82.1609320405
1.916015625e-05,81.9731470386
1.91796875e-05,81.7887115626
1.919921875e-05,81.6076881322
1.921875e-05,81.4301383553
1.923828125e-05,81.256122892
1.92578125e-05,81.0857014193
1.927734375e-05,80.9189325963
1.9296875e-05,80.7558740292
1.931640625e-05,80.5965822379
1.93359375e-05,80.4411126218
1.935546875e-05,80.2895194272
1.9375e-05,80.141855715
1.939453125e-05,79.9981733283
1.94140625e-05,79.8585228617
1.943359375e-05,79.7229536307
1.9453125e-05,79.5915136412
1.947265625e-05,79.4642495614
1.94921875e-05,79.3412066921
1.951171875e-05,79.22242894
1.953125e-05,79.1079587902
1.955078125e-05,78.9978372803
1.95703125e-05,78.892103975
1.958984375e-05,78.7907969416
1.9609375e-05,78.6939527268
1.962890625e-05,78.6016063333
1.96484375e-05,78.5137911987
1.966796875e-05,78.4305391744
1.96875e-05,78.3518805054
1.970703125e-05,78.277843812
1.97265625e-05,78.2084560713
1.974609375e-05,78.1437426006
1.9765625e-05,78.0837270412
1.978515625e-05,78.0284313438
1.98046875e-05,77.9778757545
1.982421875e-05,77.9320788022
1.984375e-05,77.8910572864
1.986328125e-05,77.8548262672
1.98828125e-05,77.8233990555
1.990234375e-05,77.7967872043
1.9921875e-05,77.775000502
1.994140625e-05,77.7580469654
1.99609375e-05,77.7459328354
1.998046875e-05,77.7386625724
2e-05,77.7362388538
2.001953125e-05,77.7386625724
2.00390625e-05,77.7459328354
2.005859375e-05,77.7580469654
2.0078125e-05,77.775000502
2.009765625e-05,77.7967872043
2.01171875e-05,77.8233990555
2.013671875e-05,77.8548262672
2.015625e-05,77.8910572864
2.017578125e-05,77.9320788022
2.01953125e-05,77.9778757545
2.021484375e-05,78.0284313438
2.0234375e-05,78.0837270412
2.025390625e-05,78.1437426006
2.02734375e-05,78.2084560713
2.029296875e-05,78.277843812
2.03125e-05,78.3518805054
2.033203125e-05,78.4305391744
2.03515625e-05,78.5137911987
2.037109375e-05,78.6016063333
2.0390625e-05,78.6939527268
2.041015625e-05,78.7907969416
2.04296875e-05,78.892103975
2.044921875e-05,78.9978372803
2.046875e-05,79.1079587902
2.048828125e-05,79.22242894
2.05078125e-05,79.3412066921
2.052734375e-05,79.4642495614
2.0546875e-05,79.5915136412
2.056640625e-05,79.7229536307
2.05859375e-05,79.8585228617
2.060546875e-05,79.9981733283
2.0625e-05,80.141855715
2.064453125e-05,80.2895194272
2.06640625e-05,80.4411126218
2.068359375e-05,80.5965822379
2.0703125e-05,80.7558740292
2.072265625e-05,80.9189325963
2.07421875e-05,81.0857014193
2.076171875e-05,81.256122892
2.078125e-05,81.4301383553
2.080078125e-05,81.6076881322
2.08203125e-05,81.7887115626
2.083984375e-05,81.9731470386
2.0859375e-05,82.1609320405
2.087890625e-05,82.3520031725
2.08984375e-05,82.5462962
2.091796875e-05,82.7437460855
2.09375e-05,82.9442870261
2.095703125e-05,83.1478524907
2.09765625e-05,83.3543752575
2.099609375e-05,83.5637874517
2.1015625e-05,83.7760205833
2.103515625e-05,83.9910055848
2.10546875e-05,84.2086728496
2.107421875e-05,84.4289522698
2.109375e-05,84.6517732746
2.111328125e-05,84.8770648681
2.11328125e-05,85.1047556673
2.115234375e-05,85.3347739406
2.1171875e-05,85.5670476452
2.119140625e-05,85.8015044652
2.12109375e-05,86.0380718491
2.123046875e-05,86.2766770475
2.125e-05,86.5172471501
2.126953125e-05,86.759709123
2.12890625e-05,87.0039898452
2.130859375e-05,87.2500161455
2.1328125e-05,87.4977148384
2.134765625e-05,87.7470127602
2.13671875e-05,87.9978368043
2.138671875e-05,88.2501139567
2.140625e-05,88.5037713303
2.142578125e-05,88.7587361996
2.14453125e-05,89.0149360343
2.146484375e-05,89.2722985328
2.1484375e-05,89.5307516554
2.150390625e-05,89.7902236561
2.15234375e-05,90.0506431152
2.154296875e-05,90.31193897
2.15625e-05,90.5740405459
2.158203125e-05,90.8368775867
2.16015625e-05,91.1003802837
2.162109375e-05,91.3644793053
2.1640625e-05,91.6291058248
2.166015625e-05,91.8941915485
2.16796875e-05,92.1596687425
2.169921875e-05,92.4254702591
2.171875e-05,92.6915295627
2.173828125e-05,92.9577807545
2.17578125e-05,93.224158597
2.177734375e-05,93.4905985373
2.1796875e-05,93.7570367305
2.181640625e-05,94.0234100612
2.18359375e-05,94.2896561654
2.185546875e-05,94.5557134506
2.1875e-05,94.8215211163
2.189453125e-05,95.0870191726
2.19140625e-05,95.3521484588
2.193359375e-05,95.6168506612
2.1953125e-05,95.8810683295
2.197265625e-05,96.1447448932
2.19921875e-05,96.4078246765
2.201171875e-05,96.6702529134
2.203125e-05,96.9319757611
2.205078125e-05,97.1929403128
2.20703125e-05,97.4530946101
2.208984375e-05,97.7123876546
2.2109375e-05,97.9707694182
2.212890625e-05,98.2281908531
2.21484375e-05,98.4846039011
2.216796875e-05,98.7399615018
2.21875e-05,98.9942176003
2.220703125e-05,99.2473271539
2.22265625e-05,99.4992461385
2.224609375e-05,99.7499315536
2.2265625e-05,99.9993414276
2.228515625e-05,100.247434821
2.23046875e-05,100.49417183
2.232421875e-05,100.739513589
2.234375e-05,100.983422273
2.236328125e-05,101.225861097
2.23828125e-05,101.466794319
2.240234375e-05,101.706187237
2.2421875e-05,101.944006191
2.244140625e-05,102.180218559
2.24609375e-05,102.414792756
2.248046875e-05,102.647698232
2.25e-05,102.878905466
2.251953125e-05,103.108385967
2.25390625e-05,103.336112263
2.255859375e-05,103.5620579
2.2578125e-05,103.786197438
2.259765625e-05,104.008506438
2.26171875e-05,104.228961464
2.263671875e-05,104.447540066
2.265625e-05,104.664220783
2.267578125e-05,104.878983124
2.26953125e-05,105.091807568
2.271484375e-05,105.30267555
2.2734375e-05,105.511569452
2.275390625e-05,105.718472593
2.27734375e-05,105.923369219
2.279296875e-05,106.126244494
2.28125e-05,106.327084484
2.283203125e-05,106.525876148
2.28515625e-05,106.722607328
2.287109375e-05,106.917266731
2.2890625e-05,107.109843922
2.291015625e-05,107.300329309
2.29296875e-05,107.488714126
2.294921875e-05,107.674990427
2.296875e-05,107.859151064
2.298828125e-05,108.041189677
2.30078125e-05,108.221100681
2.302734375e-05,108.398879246
2.3046875e-05,108.574521289
2.306640625e-05,108.748023453
2.30859375e-05,108.919383093
2.310546875e-05,109.088598264
2.3125e-05,109.255667702
2.314453125e-05,109.420590809
2.31640625e-05,109.583367636
2.318359375e-05,109.743998869
2.3203125e-05,109.902485813
2.322265625e-05,110.058830373
2.32421875e-05,110.213035041
2.326171875e-05,110.365102876
2.328125e-05,110.515037491
2.330078125e-05,110.662843033
2.33203125e-05,110.808524171
2.333984375e-05,110.952086075
2.3359375e-05,111.093534401
2.337890625e-05,111.232875275
2.33984375e-05,111.370115275
2.341796875e-05,111.505261416
2.34375e-05,111.638321131
2.345703125e-05,111.769302259
2.34765625e-05,111.898213023
2.349609375e-05,112.025062015
2.3515625e-05,112.149858185
2.353515625e-05,112.272610815
2.35546875e-05,112.393329511
2.357421875e-05,112.512024183
2.359375e-05,112.628705031
2.361328125e-05,112.743382525
2.36328125e-05,112.856067394
2.365234375e-05,112.966770607
2.3671875e-05,113.075503359
2.369140625e-05,113.182277055
2.37109375e-05,113.287103294
2.373046875e-05,113.389993854
2.375e-05,113.490960678
2.376953125e-05,113.590015859
2.37890625e-05,113.687171623
2.380859375e-05,113.782440316
2.3828125e-05,113.875834392
2.384765625e-05,113.967366392
2.38671875e-05,114.057048938
2.388671875e-05,114.144894714
2.390625e-05,114.230916453
2.392578125e-05,114.315126925
2.39453125e-05,114.397538922
2.396484375e-05,114.478165246
2.3984375e-05,114.557018696
2.400390625e-05,114.634112056
2.40234375e-05,114.709458079
2.404296875e-05,114.78306948
2.40625e-05,114.854958919
2.408203125e-05,114.925138993
2.41015625e-05,114.993622224
2.412109375e-05,115.060421043
2.4140625e-05,115.125547784
2.416015625e-05,115.189014672
2.41796875e-05,115.250833811
2.419921875e-05,115.311017173
2.421875e-05,115.369576592
2.423828125e-05,115.426523746
2.42578125e-05,115.481870157
2.427734375e-05,115.535627173
2.4296875e-05,115.587805963
2.431640625e-05,115.638417509
2.43359375e-05,115.687472593
2.435546875e-05,115.734981792
2.4375e-05,115.780955467
2.439453125e-05,115.825403757
2.44140625e-05,115.868336571
2.443359375e-05,115.909763579
2.4453125e-05,115.949694205
2.447265625e-05,115.98813762
2.44921875e-05,116.025102737
2.451171875e-05,116.060598202
2.453125e-05,116.094632386
2.455078125e-05,116.127213383
2.45703125e-05,116.158349002
2.458984375e-05,116.188046761
2.4609375e-05,116.216313883
2.462890625e-05,116.243157288
2.46484375e-05,116.268583591
2.466796875e-05,116.292599095
2.46875e-05,116.315209788
2.470703125e-05,116.336421341
2.47265625e-05,116.356239097
2.474609375e-05,116.374668075
2.4765625e-05,116.39171296
2.478515625e-05,116.407378107
2.48046875e-05,116.421667531
2.482421875e-05,116.434584907
2.484375e-05,116.446133569
2.486328125e-05,116.456316505
2.48828125e-05,116.465136358
2.490234375e-05,116.47259542
2.4921875e-05,116.478695635
2.494140625e-05,116.483438593
2.49609375e-05,116.486825535
2.498046875e-05,116.488857346
2.5e-05,116.489534557
2.501953125e-05,116.488857346
2.50390625e-05,116.486825535
2.505859375e-05,116.483438593
2.5078125e-05,116.478695635
2.509765625e-05,116.47259542
2.51171875e-05,116.465136358
2.513671875e-05,116.456316505
2.515625e-05,116.446133569
2.517578125e-05,116.434584907
2.51953125e-05,116.421667531
2.521484375e-05,116.407378107
2.5234375e-05,116.39171296
2.525390625e-05,116.374668075
2.52734375e-05,116.356239097
2.529296875e-05,116.336421341
2.53125e-05,116.315209788
2.533203125e-05,116.292599095
2.53515625e-05,116.268583591
2.537109375e-05,116.243157288
2.5390625e-05,116.216313883
2.541015625e-05,116.188046761
2.54296875e-05,116.158349002
2.544921875e-05,116.127213383
2.546875e-05,116.094632386
2.548828125e-05,116.060598202
2.55078125e-05,116.025102737
2.552734375e-05,115.98813762
2.5546875e-05,115.949694205
2.556640625e-05,115.909763579
2.55859375e-05,115.868336571
2.560546875e-05,115.825403757
2.5625e-05,115.780955467
2.564453125e-05,115.734981792
2.56640625e-05,115.687472593
2.568359375e-05,115.638417509
2.5703125e-05,115.587805963
2.572265625e-05,115.535627173
2.57421875e-05,115.481870157
2.576171875e-05,115.426523746
2.578125e-05,115.369576592
2.580078125e-05,115.311017173
2.58203125e-05,115.250833811
2.583984375e-05,115.189014672
2.5859375e-05,115.125547784
2.587890625e-05,115.060421043
2.58984375e-05,114.993622224
2.591796875e-05,114.925138993
2.59375e-05,114.854958919
2.595703125e-05,114.78306948
2.59765625e-05,114.709458079
2.599609375e-05,114.634112056
2.6015625e-05,114.557018696
2.603515625e-05,114.478165246
2.60546875e-05,114.397538922
2.607421875e-05,114.315126925
2.609375e-05,114.230916453
2.611328125e-05,114.144894714
2.61328125e-05,114.057048938
2.615234375e-05,113.967366392
2.6171875e-05,113.875834392
2.619140625e-05,113.782440316
2.62109375e-05,113.687171623
2.623046875e-05,113.590015859
2.625e-05,113.490960678
2.626953125e-05,113.389993854
2.62890625e-05,113.287103294
2.630859375e-05,113.182277055
2.6328125e-05,113.075503359
2.634765625e-05,112.966770607
2.63671875e-05,112.856067394
2.638671875e-05,112.743382525
2.640625e-05,112.628705031
2.642578125e-05,112.512024183
2.64453125e-05,112.393329511
2.646484375e-05,112.272610815
2.6484375e-05,112.149858185
2.650390625e-05,112.025062015
2.65234375e-05,111.898213023
2.654296875e-05,111.769302259
2.65625e-05,111.638321131
2.658203125e-05,111.505261416
2.66015625e-05,111.370115275
2.662109375e-05,111.232875275
2.6640625e-05,111.093534401
2.666015625e-05,110.952086075
2.66796875e-05,110.808524171
2.669921875e-05,110.662843033
2.671875e-05,110.515037491
2.673828125e-05,110.365102876
2.67578125e-05,110.213035041
2.677734375e-05,110.058830373
2.6796875e-05,109.902485813
2.681640625e-05,109.743998869
2.68359375e-05,109.583367636
2.685546875e-05,109.420590809
2.6875e-05,109.255667702
2.689453125e-05,109.088598264
2.69140625e-05,108.919383093
2.693359375e-05,108.748023453
2.6953125e-05,108.574521289
2.697265625e-05,108.398879246
2.69921875e-05,108.221100681
2.701171875e-05,108.041189677
2.703125e-05,107.859151064
2.705078125e-05,107.674990427
2.70703125e-05,107.488714126
2.708984375e-05,107.300329309
2.7109375e-05,107.109843922
2.712890625e-05,106.917266731
2.71484375e-05,106.722607328
2.716796875e-05,106.525876148
2.71875e-05,106.327084484
2.720703125e-05,106.126244494
2.72265625e-05,105.923369219
2.724609375e-05,105.718472593
2.7265625e-05,105.511569452
2.728515625e-05,105.30267555
2.73046875e-05,105.091807568
2.732421875e-05,104.878983124
2.734375e-05,104.664220783
2.736328125e-05,104.447540066
2.73828125e-05,104.228961464
2.740234375e-05,104.008506438
2.7421875e-05,103.786197438
2.744140625e-05,103.5620579
2.74609375e-05,103.336112263
2.748046875e-05,103.108385967
2.75e-05,102.878905466
2.751953125e-05,102.647698232
2.75390625e-05,102.414792756
2.755859375e-05,102.180218559
2.7578125e-05,101.944006191
2.759765625e-05,101.706187237
2.76171875e-05,101.466794319
2.763671875e-05,101.225861097
2.765625e-05,100.983422273
2.767578125e-05,100.739513589
2.76953125e-05,100.49417183
2.771484375e-05,100.247434821
2.7734375e-05,99.9993414276
2.775390625e-05,99.7499315536
2.77734375e-05,99.4992461385
2.779296875e-05,99.2473271539
2.78125e-05,98.9942176003
2.783203125e-05,98.7399615018
2.78515625e-05,98.4846039011
2.787109375e-05,98.2281908531
2.7890625e-05,97.9707694182
2.791015625e-05,97.7123876546
2.79296875e-05,97.4530946101
2.794921875e-05,97.1929403128
2.796875e-05,96.9319757611
2.798828125e-05,96.6702529134
2.80078125e-05,96.4078246765
2.802734375e-05,96.1447448932
2.8046875e-05,95.8810683295
2.806640625e-05,95.6168506612
2.80859375e-05,95.3521484588
2.810546875e-05,95.0870191726
2.8125e-05,94.8215211163
2.814453125e-05,94.5557134506
2.81640625e-05,94.2896561654
2.818359375e-05,94.0234100612
2.8203125e-05,93.7570367305
2.822265625e-05,93.4905985373
2.82421875e-05,93.224158597
2.826171875e-05,92.9577807545
2.828125e-05,92.6915295627
2.830078125e-05,92.4254702591
2.83203125e-05,92.1596687425
2.833984375e-05,91.8941915485
2.8359375e-05,91.6291058248
2.837890625e-05,91.3644793053
2.83984375e-05,91.1003802837
2.841796875e-05,90.8368775867
2.84375e-05,90.5740405459
2.845703125e-05,90.31193897
2.84765625e-05,90.0506431152
2.849609375e-05,89.7902236561
2.8515625e-05,89.5307516554
2.853515625e-05,89.2722985328
2.85546875e-05,89.0149360343
2.857421875e-05,88.7587361996
2.859375e-05,88.5037713303
2.861328125e-05,88.2501139567
2.86328125e-05,87.9978368043
2.865234375e-05,87.7470127602
2.8671875e-05,87.4977148384
2.869140625e-05,87.2500161455
2.87109375e-05,87.0039898452
2.873046875e-05,86.759709123
2.875e-05,86.5172471501
2.876953125e-05,86.2766770475
2.87890625e-05,86.0380718491
2.880859375e-05,85.8015044652
2.8828125e-05,85.5670476452
2.884765625e-05,85.3347739406
2.88671875e-05,85.1047556673
2.888671875e-05,84.8770648681
2.890625e-05,84.6517732746
2.892578125e-05,84.4289522698
2.89453125e-05,84.2086728496
2.896484375e-05,83.9910055848
2.8984375e-05,83.7760205833
2.900390625e-05,83.5637874517
2.90234375e-05,83.3543752575
2.904296875e-05,83.1478524907
2.90625e-05,82.9442870261
2.908203125e-05,82.7437460855
2.91015625e-05,82.5462962
2.912109375e-05,82.3520031725
2.9140625e-05,82.1609320405
2.916015625e-05,81.9731470386
2.91796875e-05,81.7887115626
2.919921875e-05,81.6076881322
2.921875e-05,81.4301383553
2.923828125e-05,81.256122892
2.92578125e-05,81.0857014193
2.927734375e-05,80.9189325963
2.9296875e-05,80.7558740292
2.931640625e-05,80.5965822379
2.93359375e-05,80.4411126218
2.935546875e-05,80.2895194272
2.9375e-05,80.141855715
2.939453125e-05,79.9981733283
2.94140625e-05,79.8585228617
2.943359375e-05,79.7229536307
2.9453125e-05,79.5915136412
2.947265625e-05,79.4642495614
2.94921875e-05,79.3412066921
2.951171875e-05,79.22242894
2.953125e-05,79.1079587902
2.955078125e-05,78.9978372803
2.95703125e-05,78.892103975
2.958984375e-05,78.7907969416
2.9609375e-05,78.6939527268
2.962890625e-05,78.6016063333
2.96484375e-05,78.5137911987
2.966796875e-05,78.4305391744
2.96875e-05,78.3518805054
2.970703125e-05,78.277843812
2.97265625e-05,78.2084560713
2.974609375e-05,78.1437426006
2.9765625e-05,78.0837270412
2.978515625e-05,78.0284313438
2.98046875e-05,77.9778757545
2.982421875e-05,77.9320788022
2.984375e-05,77.8910572864
2.986328125e-05,77.8548262672
2.98828125e-05,77.8233990555
2.990234375e-05,77.7967872043
2.9921875e-05,77.775000502
2.994140625e-05,77.7580469654
2.99609375e-05,77.7459328354
2.998046875e-05,77.7386625724
3e-05,77.7362388538
3.001953125e-05,77.7386625724
3.00390625e-05,77.7459328354
3.005859375e-05,77.7580469654
3.0078125e-05,77.775000502
3.009765625e-05,77.7967872043
3.01171875e-05,77.8233990555
3.013671875e-05,77.8548262672
3.015625e-05,77.8910572864
3.017578125e-05,77.9320788022
3.01953125e-05,77.9778757545
3.021484375e-05,78.0284313438
3.0234375e-05,78.0837270412
3.025390625e-05,78.1437426006
3.02734375e-05,78.2084560713
3.029296875e-05,78.277843812
3.03125e-05,78.3518805054
3.033203125e-05,78.4305391744
3.03515625e-05,78.5137911987
3.037109375e-05,78.6016063333
3.0390625e-05,78.6939527268
3.041015625e-05,78.7907969416
3.04296875e-05,78.892103975
3.044921875e-05,78.9978372803
3.046875e-05,79.1079587902
3.048828125e-05,79.22242894
3.05078125e-05,79.3412066921
3.052734375e-05,79.4642495614
3.0546875e-05,79.5915136412
3.056640625e-05,79.7229536307
3.05859375e-05,79.8585228617
3.060546875e-05,79.9981733283
3.0625e-05,80.141855715
3.064453125e-05,80.2895194272
3.06640625e-05,80.4411126218
3.068359375e-05,80.5965822379
3.0703125e-05,80.7558740292
3.072265625e-05,80.9189325963
3.07421875e-05,81.0857014193
3.076171875e-05,81.256122892
3.078125e-05,81.4301383553
3.080078125e-05,81.6076881322
3.08203125e-05,81.7887115626
3.083984375e-05,81.9731470386
3.0859375e-05,82.1609320405
3.087890625e-05,82.3520031725
3.08984375e-05,82.5462962
3.091796875e-05,82.7437460855
3.09375e-05,82.9442870261
3.095703125e-05,83.1478524907
3.09765625e-05,83.3543752575
3.099609375e-05,83.5637874517
3.1015625e-05,83.7760205833
3.103515625e-05,83.9910055848
3.10546875e-05,84.2086728496
3.107421875e-05,84.4289522698
3.109375e-05,84.6517732746
3.111328125e-05,84.8770648681
3.11328125e-05,85.1047556673
3.115234375e-05,85.3347739406
3.1171875e-05,85.5670476452
3.119140625e-05,85.8015044652
3.12109375e-05,86.0380718491
3.123046875e-05,86.2766770475
3.125e-05,86.5172471501
3.126953125e-05,86.759709123
3.12890625e-05,87.0039898452
3.130859375e-05,87.2500161455
3.1328125e-05,87.4977148384
3.134765625e-05,87.7470127602
3.13671875e-05,87.9978368043
3.138671875e-05,88.2501139567
3.140625e-05,88.5037713303
3.142578125e-05,88.7587361996
3.14453125e-05,89.0149360343
3.146484375e-05,89.2722985328
3.1484375e-05,89.5307516554
3.150390625e-05,89.7902236561
3.15234375e-05,90.0506431152
3.154296875e-05,90.31193897
3.15625e-05,90.5740405459
3.158203125e-05,90.8368775867
3.16015625e-05,91.1003802837
3.162109375e-05,91.3644793053
3.1640625e-05,91.6291058248
3.166015625e-05,91.8941915485
3.16796875e-05,92.1596687425
3.169921875e-05,92.4254702591
3.171875e-05,92.6915295627
3.173828125e-05,92.9577807545
3.17578125e-05,93.224158597
3.177734375e-05,93.4905985373
3.1796875e-05,93.7570367305
3.181640625e-05,94.0234100612
3.18359375e-05,94.2896561654
3.185546875e-05,94.5557134506
3.1875e-05,94.8215211163
3.189453125e-05,95.0870191726
3.19140625e-05,95.3521484588
3.193359375e-05,95.6168506612
3.1953125e-05,95.8810683295
3.197265625e-05,96.1447448932
3.19921875e-05,96.4078246765
3.201171875e-05,96.6702529134
3.203125e-05,96.9319757611
3.205078125e-05,97.1929403128
3.20703125e-05,97.4530946101
3.208984375e-05,97.7123876546
3.2109375e-05,97.9707694182
3.212890625e-05,98.2281908531
3.21484375e-05,98.4846039011
3.216796875e-05,98.7399615018
3.21875e-05,98.9942176003
3.220703125e-05,99.2473271539
3.22265625e-05,99.4992461385
3.224609375e-05,99.7499315536
3.2265625e-05,99.9993414276
3.228515625e-05,100.247434821
3.23046875e-05,100.49417183
3.232421875e-05,100.739513589
3.234375e-05,100.983422273
3.236328125e-05,101.225861097
3.23828125e-05,101.466794319
3.240234375e-05,101.706187237
3.2421875e-05,101.944006191
3.244140625e-05,102.180218559
3.24609375e-05,102.414792756
3.248046875e-05,102.647698232
3.25e-05,102.878905466
3.251953125e-05,103.108385967
3.25390625e-05,103.336112263
3.255859375e-05,103.5620579
3.2578125e-05,103.786197438
3.259765625e-05,104.008506438
3.26171875e-05,104.228961464
3.263671875e-05,104.447540066
3.265625e-05,104.664220783
3.267578125e-05,104.878983124
3.26953125e-05,105.091807568
3.271484375e-05,105.30267555
3.2734375e-05,105.511569452
3.275390625e-05,105.718472593
3.27734375e-05,105.923369219
3.279296875e-05,106.126244494
3.28125e-05,106.327084484
3.283203125e-05,106.525876148
3.28515625e-05,106.722607328
3.287109375e-05,106.917266731
3.2890625e-05,107.109843922
3.291015625e-05,107.300329309
3.29296875e-05,107.488714126
3.294921875e-05,107.674990427
3.296875e-05,107.859151064
3.298828125e-05,108.041189677
3.30078125e-05,108.221100681
3.302734375e-05,108.398879246
3.3046875e-05,108.574521289
3.306640625e-05,108.748023453
3.30859375e-05,108.919383093
3.310546875e-05,109.088598264
3.3125e-05,109.255667702
3.314453125e-05,109.420590809
3.31640625e-05,109.583367636
3.318359375e-05,109.743998869
3.3203125e-05,109.902485813
3.322265625e-05,110.058830373
3.32421875e-05,110.213035041
3.326171875e-05,110.365102876
3.328125e-05,110.515037491
3.330078125e-05,110.662843033
3.33203125e-05,110.808524171
3.333984375e-05,110.952086075
3.3359375e-05,111.093534401
3.337890625e-05,111.232875275
3.33984375e-05,111.370115275
3.341796875e-05,111.505261416
3.34375e-05,111.638321131
3.345703125e-05,111.769302259
3.34765625e-05,111.898213023
3.349609375e-05,112.025062015
3.3515625e-05,112.149858185
3.353515625e-05,112.272610815
3.35546875e-05,112.393329511
3.357421875e-05,112.512024183
3.359375e-05,112.628705031
3.361328125e-05,112.743382525
3.36328125e-05,112.856067394
3.365234375e-05,112.966770607
3.3671875e-05,113.075503359
3.369140625e-05,113.182277055
3.37109375e-05,113.287103294
3.373046875e-05,113.389993854
3.375e-05,113.490960678
3.376953125e-05,113.590015859
3.37890625e-05,113.687171623
3.380859375e-05,113.782440316
3.3828125e-05,113.875834392
3.384765625e-05,113.967366392
3.38671875e-05,114.057048938
3.388671875e-05,114.144894714
3.390625e-05,114.230916453
3.392578125e-05,114.315126925
3.39453125e-05,114.397538922
3.396484375e-05,114.478165246
3.3984375e-05,114.557018696
3.400390625e-05,114.634112056
3.40234375e-05,114.709458079
3.404296875e-05,114.78306948
3.40625e-05,114.854958919
3.408203125e-05,114.925138993
3.41015625e-05,114.993622224
3.412109375e-05,115.060421043
3.4140625e-05,115.125547784
3.416015625e-05,115.189014672
3.41796875e-05,115.250833811
3.419921875e-05,115.311017173
3.421875e-05,115.369576592
3.423828125e-05,115.426523746
3.42578125e-05,115.481870157
3.427734375e-05,115.535627173
3.4296875e-05,115.587805963
3.431640625e-05,115.638417509
3.43359375e-05,115.687472593
3.435546875e-05,115.734981792
3.4375e-05,115.780955467
3.439453125e-05,115.825403757
3.44140625e-05,115.868336571
3.443359375e-05,115.909763579
3.4453125e-05,115.949694205
3.447265625e-05,115.98813762
3.44921875e-05,116.025102737
3.451171875e-05,116.060598202
3.453125e-05,116.094632386
3.455078125e-05,116.127213383
3.45703125e-05,116.158349002
3.458984375e-05,116.188046761
3.4609375e-05,116.216313883
3.462890625e-05,116.243157288
3.46484375e-05,116.268583591
3.466796875e-05,116.292599095
3.46875e-05,116.315209788
3.470703125e-05,116.336421341
3.47265625e-05,116.356239097
3.474609375e-05,116.374668075
3.4765625e-05,116.39171296
3.478515625e-05,116.407378107
3.48046875e-05,116.421667531
3.482421875e-05,116.434584907
3.484375e-05,116.446133569
3.486328125e-05,116.456316505
3.48828125e-05,116.465136358
3.490234375e-05,116.47259542
3.4921875e-05,116.478695635
3.494140625e-05,116.483438593
3.49609375e-05,116.486825535
3.498046875e-05,116.488857346
3.5e-05,116.489534557
3.501953125e-05,116.488857346
3.50390625e-05,116.486825535
3.505859375e-05,116.483438593
3.5078125e-05,116.478695635
3.509765625e-05,116.47259542
3.51171875e-05,116.465136358
3.513671875e-05,116.456316505
3.515625e-05,116.446133569
3.517578125e-05,116.434584907
3.51953125e-05,116.421667531
3.521484375e-05,116.407378107
3.5234375e-05,116.39171296
3.525390625e-05,116.374668075
3.52734375e-05,116.356239097
3.529296875e-05,116.336421341
3.53125e-05,116.315209788
3.533203125e-05,116.292599095
3.53515625e-05,116.268583591
3.537109375e-05,116.243157288
3.5390625e-05,116.216313883
3.541015625e-05,116.188046761
3.54296875e-05,116.158349002
3.544921875e-05,116.127213383
3.546875e-05,116.094632386
3.548828125e-05,116.060598202
3.55078125e-05,116.025102737
3.552734375e-05,115.98813762
3.5546875e-05,115.949694205
3.556640625e-05,115.909763579
3.55859375e-05,115.868336571
3.560546875e-05,115.825403757
3.5625e-05,115.780955467
3.564453125e-05,115.734981792
3.56640625e-05,115.687472593
3.568359375e-05,115.638417509
3.5703125e-05,115.587805963
3.572265625e-05,115.535627173
3.57421875e-05,115.481870157
3.576171875e-05,115.426523746
3.578125e-05,115.369576592
3.580078125e-05,115.311017173
3.58203125e-05,115.250833811
3.583984375e-05,115.189014672
3.5859375e-05,115.125547784
3.587890625e-05,115.060421043
3.58984375e-05,114.993622224
3.591796875e-05,114.925138993
3.59375e-05,114.854958919
3.595703125e-05,114.78306948
3.59765625e-05,114.709458079
3.599609375e-05,114.634112056
3.6015625e-05,114.557018696
3.603515625e-05,114.478165246
3.60546875e-05,114.397538922
3.607421875e-05,114.315126925
3.609375e-05,114.230916453
3.611328125e-05,114.144894714
3.61328125e-05,114.057048938
3.615234375e-05,113.967366392
3.6171875e-05,113.875834392
3.619140625e-05,113.782440316
3.62109375e-05,113.687171623
3.623046875e-05,113.590015859
3.625e-05,113.490960678
3.626953125e-05,113.389993854
3.62890625e-05,113.287103294
3.630859375e-05,113.182277055
3.6328125e-05,113.075503359
3.634765625e-05,112.966770607
3.63671875e-05,112.856067394
3.638671875e-05,112.743382525
3.640625e-05,112.628705031
3.642578125e-05,112.512024183
3.64453125e-05,112.393329511
3.646484375e-05,112.272610815
3.6484375e-05,112.149858185
3.650390625e-05,112.025062015
3.65234375e-05,111.898213023
3.654296875e-05,111.769302259
3.65625e-05,111.638321131
3.658203125e-05,111.505261416
3.66015625e-05,111.370115275
3.662109375e-05,111.232875275
3.6640625e-05,111.093534401
3.666015625e-05,110.952086075
3.66796875e-05,110.808524171
3.669921875e-05,110.662843033
3.671875e-05,110.515037491
3.673828125e-05,110.365102876
3.67578125e-05,110.213035041
3.677734375e-05,110.058830373
3.6796875e-05,109.902485813
3.681640625e-05,109.743998869
3.68359375e-05,109.583367636
3.685546875e-05,109.420590809
3.6875e-05,109.255667702
3.689453125e-05,109.088598264
3.69140625e-05,108.919383093
3.693359375e-05,108.748023453
3.6953125e-05,108.574521289
3.697265625e-05,108.398879246
3.69921875e-05,108.221100681
3.701171875e-05,108.041189677
3.703125e-05,107.859151064
3.705078125e-05,107.674990427
3.70703125e-05,107.488714126
3.708984375e-05,107.300329309
3.7109375e-05,107.109843922
3.712890625e-05,106.917266731
3.71484375e-05,106.722607328
3.716796875e-05,106.525876148
3.71875e-05,106.327084484
3.720703125e-05,106.126244494
3.72265625e-05,105.923369219
3.724609375e-05,105.718472593
3.7265625e-05,105.511569452
3.728515625e-05,105.30267555
3.73046875e-05,105.091807568
3.732421875e-05,104.878983124
3.734375e-05,104.664220783
3.736328125e-05,104.447540066
3.73828125e-05,104.228961464
3.740234375e-05,104.008506438
3.7421875e-05,103.786197438
3.744140625e-05,103.5620579
3.74609375e-05,103.336112263
3.748046875e-05,103.108385967
3.75e-05,102.878905466
3.751953125e-05,102.647698232
3.75390625e-05,102.414792756
3.755859375e-05,102.180218559
3.7578125e-05,101.944006191
3.759765625e-05,101.706187237
3.76171875e-05,101.466794319
3.763671875e-05,101.225861097
3.765625e-05,100.983422273
3.767578125e-05,100.739513589
3.76953125e-05,100.49417183
3.771484375e-05,100.247434821
3.7734375e-05,99.9993414276
3.775390625e-05,99.7499315536
3.77734375e-05,99.4992461385
3.779296875e-05,99.2473271539
3.78125e-05,98.9942176003
3.783203125e-05,98.7399615018
3.78515625e-05,98.4846039011
3.787109375e-05,98.2281908531
3.7890625e-05,97.9707694182
3.791015625e-05,97.7123876546
3.79296875e-05,97.4530946101
3.794921875e-05,97.1929403128
3.796875e-05,96.9319757611
3.798828125e-05,96.6702529134
3.80078125e-05,96.4078246765
3.802734375e-05,96.1447448932
3.8046875e-05,95.8810683295
3.806640625e-05,95.6168506612
3.80859375e-05,95.3521484588
3.810546875e-05,95.0870191726
3.8125e-05,94.8215211163
3.814453125e-05,94.5557134506
3.81640625e-05,94.2896561654
3.818359375e-05,94.0234100612
3.8203125e-05,93.7570367305
3.822265625e-05,93.4905985373
3.82421875e-05,93.224158597
3.826171875e-05,92.9577807545
3.828125e-05,92.6915295627
3.830078125e-05,92.4254702591
3.83203125e-05,92.1596687425
3.833984375e-05,91.8941915485
3.8359375e-05,91.6291058248
3.837890625e-05,91.3644793053
3.83984375e-05,91.1003802837
3.841796875e-05,90.8368775867
3.84375e-05,90.5740405459
3.845703125e-05,90.31193897
3.84765625e-05,90.0506431152
3.849609375e-05,89.7902236561
3.8515625e-05,89.5307516554
3.853515625e-05,89.2722985328
3.85546875e-05,89.0149360343
3.857421875e-05,88.7587361996
3.859375e-05,88.5037713303
3.861328125e-05,88.2501139567
3.86328125e-05,87.9978368043
3.865234375e-05,87.7470127602
3.8671875e-05,87.4977148384
3.869140625e-05,87.2500161455
3.87109375e-05,87.0039898452
3.873046875e-05,86.759709123
3.875e-05,86.5172471501
3.876953125e-05,86.2766770475
3.87890625e-05,86.0380718491
3.880859375e-05,85.8015044652
3.8828125e-05,85.5670476452
3.884765625e-05,85.3347739406
3.88671875e-05,85.1047556673
3.888671875e-05,84.8770648681
3.890625e-05,84.6517732746
3.892578125e-05,84.4289522698
3.89453125e-05,84.2086728496
3.896484375e-05,83.9910055848
3.8984375e-05,83.7760205833
3.900390625e-05,83.5637874517
3.90234375e-05,83.3543752575
3.904296875e-05,83.1478524907
3.90625e-05,82.9442870261
3.908203125e-05,82.7437460855
3.91015625e-05,82.5462962
3.912109375e-05,82.3520031725
3.9140625e-05,82.1609320405
3.916015625e-05,81.9731470386
3.91796875e-05,81.7887115626
3.919921875e-05,81.6076881322
3.921875e-05,81.4301383553
3.923828125e-05,81.256122892
3.92578125e-05,81.0857014193
3.927734375e-05,80.9189325963
3.9296875e-05,80.7558740292
3.931640625e-05,80.5965822379
3.93359375e-05,80.4411126218
3.935546875e-05,80.2895194272
3.9375e-05,80.141855715
3.939453125e-05,79.9981733283
3.94140625e-05,79.8585228617
3.943359375e-05,79.7229536307
3.9453125e-05,79.5915136412
3.947265625e-05,79.4642495614
3.94921875e-05,79.3412066921
3.951171875e-05,79.22242894
3.953125e-05,79.1079587902
3.955078125e-05,78.9978372803
3.95703125e-05,78.892103975
3.958984375e-05,78.7907969416
3.9609375e-05,78.6939527268
3.962890625e-05,78.6016063333
3.96484375e-05,78.5137911987
3.966796875e-05,78.4305391744
3.96875e-05,78.3518805054
3.970703125e-05,78.277843812
3.97265625e-05,78.2084560713
3.974609375e-05,78.1437426006
3.9765625e-05,78.0837270412
3.978515625e-05,78.0284313438
3.98046875e-05,77.9778757545
3.982421875e-05,77.9320788022
3.984375e-05,77.8910572864
3.986328125e-05,77.8548262672
3.98828125e-05,77.8233990555
3.990234375e-05,77.7967872043
3.9921875e-05,77.775000502
3.994140625e-05,77.7580469654
3.99609375e-05,77.7459328354
3.998046875e-05,77.7386625724
4e-05,77.7362388538
4.001953125e-05,77.7386625724
4.00390625e-05,77.7459328354
4.005859375e-05,77.7580469654
4.0078125e-05,77.775000502
4.009765625e-05,77.7967872043
4.01171875e-05,77.8233990555
4.013671875e-05,77.8548262672
4.015625e-05,77.8910572864
4.017578125e-05,77.9320788022
4.01953125e-05,77.9778757545
4.021484375e-05,78.0284313438
4.0234375e-05,78.0837270412
4.025390625e-05,78.1437426006
4.02734375e-05,78.2084560713
4.029296875e-05,78.277843812
4.03125e-05,78.3518805054
4.033203125e-05,78.4305391744
4.03515625e-05,78.5137911987
4.037109375e-05,78.6016063333
4.0390625e-05,78.6939527268
4.041015625e-05,78.7907969416
4.04296875e-05,78.892103975
4.044921875e-05,78.9978372803
4.046875e-05,79.1079587902
4.048828125e-05,79.22242894
4.05078125e-05,79.3412066921
4.052734375e-05,79.4642495614
4.0546875e-05,79.5915136412
4.056640625e-05,79.7229536307
4.05859375e-05,79.8585228617
4.060546875e-05,79.9981733283
4.0625e-05,80.141855715
4.064453125e-05,80.2895194272
4.06640625e-05,80.4411126218
4.068359375e-05,80.5965822379
4.0703125e-05,80.7558740292
4.072265625e-05,80.9189325963
4.07421875e-05,81.0857014193
4.076171875e-05,81.256122892
4.078125e-05,81.4301383553
4.080078125e-05,81.6076881322
4.08203125e-05,81.7887115626
4.083984375e-05,81.9731470386
4.0859375e-05,82.1609320405
4.087890625e-05,82.3520031725
4.08984375e-05,82.5462962
4.091796875e-05,82.7437460855
4.09375e-05,82.9442870261
4.095703125e-05,83.1478524907
4.09765625e-05,83.3543752575
4.099609375e-05,83.5637874517
4.1015625e-05,83.7760205833
4.103515625e-05,83.9910055848
4.10546875e-05,84.2086728496
4.107421875e-05,84.4289522698
4.109375e-05,84.6517732746
4.111328125e-05,84.8770648681
4.11328125e-05,85.1047556673
4.115234375e-05,85.3347739406
4.1171875e-05,85.5670476452
4.119140625e-05,85.8015044652
4.12109375e-05,86.0380718491
4.123046875e-05,86.2766770475
4.125e-05,86.5172471501
4.126953125e-05,86.759709123
4.12890625e-05,87.0039898452
4.130859375e-05,87.2500161455
4.1328125e-05,87.4977148384
4.134765625e-05,87.7470127602
4.13671875e-05,87.9978368043
4.138671875e-05,88.2501139567
4.140625e-05,88.5037713303
4.142578125e-05,88.7587361996
4.14453125e-05,89.0149360343
4.146484375e-05,89.2722985328
4.1484375e-05,89.5307516554
4.150390625e-05,89.7902236561
4.15234375e-05,90.0506431152
4.154296875e-05,90.31193897
4.15625e-05,90.5740405459
4.158203125e-05,90.8368775867
4.16015625e-05,91.1003802837
4.162109375e-05,91.3644793053
4.1640625e-05,91.6291058248
4.166015625e-05,91.8941915485
4.16796875e-05,92.1596687425
4.169921875e-05,92.4254702591
4.171875e-05,92.6915295627
4.173828125e-05,92.9577807545
4.17578125e-05,93.224158597
4.177734375e-05,93.4905985373
4.1796875e-05,93.7570367305
4.181640625e-05,94.0234100612
4.18359375e-05,94.2896561654
4.185546875e-05,94.5557134506
4.1875e-05,94.8215211163
4.189453125e-05,95.0870191726
4.19140625e-05,95.3521484588
4.193359375e-05,95.6168506612
4.1953125e-05,95.8810683295
4.197265625e-05,96.1447448932
4.19921875e-05,96.4078246765
4.201171875e-05,96.6702529134
4.203125e-05,96.9319757611
4.205078125e-05,97.1929403128
4.20703125e-05,97.4530946101
4.208984375e-05,97.7123876546
4.2109375e-05,97.9707694182
4.212890625e-05,98.2281908531
4.21484375e-05,98.4846039011
4.216796875e-05,98.7399615018
4.21875e-05,98.9942176003
4.220703125e-05,99.2473271539
4.22265625e-05,99.4992461385
4.224609375e-05,99.7499315536
4.2265625e-05,99.9993414276
4.228515625e-05,100.247434821
4.23046875e-05,100.49417183
4.232421875e-05,100.739513589
4.234375e-05,100.983422273
4.236328125e-05,101.225861097
4.23828125e-05,101.466794319
4.240234375e-05,101.706187237
4.2421875e-05,101.944006191
4.244140625e-05,102.180218559
4.24609375e-05,102.414792756
4.248046875e-05,102.647698232
4.25e-05,102.878905466
4.251953125e-05,103.108385967
4.25390625e-05,103.336112263
4.255859375e-05,103.5620579
4.2578125e-05,103.786197438
4.259765625e-05,104.008506438
4.26171875e-05,104.228961464
4.263671875e-05,104.447540066
4.265625e-05,104.664220783
4.267578125e-05,104.878983124
4.26953125e-05,105.091807568
4.271484375e-05,105.30267555
4.2734375e-05,105.511569452
4.275390625e-05,105.718472593
4.27734375e-05,105.923369219
4.279296875e-05,106.126244494
4.28125e-05,106.327084484
4.283203125e-05,106.525876148
4.28515625e-05,106.722607328
4.287109375e-05,106.917266731
4.2890625e-05,107.109843922
4.291015625e-05,107.300329309
4.29296875e-05,107.488714126
4.294921875e-05,107.674990427
4.296875e-05,107.859151064
4.298828125e-05,108.041189677
4.30078125e-05,108.221100681
4.302734375e-05,108.398879246
4.3046875e-05,108.574521289
4.306640625e-05,108.748023453
4.30859375e-05,108.919383093
4.310546875e-05,109.088598264
4.3125e-05,109.255667702
4.314453125e-05,109.420590809
4.31640625e-05,109.583367636
4.318359375e-05,109.743998869
4.3203125e-05,109.902485813
4.322265625e-05,110.058830373
4.32421875e-05,110.213035041
4.326171875e-05,110.365102876
4.328125e-05,110.515037491
4.330078125e-05,110.662843033
4.33203125e-05,110.808524171
4.333984375e-05,110.952086075
4.3359375e-05,111.093534401
4.337890625e-05,111.232875275
4.33984375e-05,111.370115275
4.341796875e-05,111.505261416
4.34375e-05,111.638321131
4.345703125e-05,111.769302259
4.34765625e-05,111.898213023
4.349609375e-05,112.025062015
4.3515625e-05,112.149858185
4.353515625e-05,112.272610815
4.35546875e-05,112.393329511
4.357421875e-05,112.512024183
4.359375e-05,112.628705031
4.361328125e-05,112.743382525
4.36328125e-05,112.856067394
4.365234375e-05,112.966770607
4.3671875e-05,113.075503359
4.369140625e-05,113.182277055
4.37109375e-05,113.287103294
4.373046875e-05,113.389993854
4.375e-05,113.490960678
4.376953125e-05,113.590015859
4.37890625e-05,113.687171623
4.380859375e-05,113.782440316
4.3828125e-05,113.875834392
4.384765625e-05,113.967366392
4.38671875e-05,114.057048938
4.388671875e-05,114.144894714
4.390625e-05,114.230916453
4.392578125e-05,114.315126925
4.39453125e-05,114.397538922
4.396484375e-05,114.478165246
4.3984375e-05,114.557018696
4.400390625e-05,114.634112056
4.40234375e-05,114.709458079
4.404296875e-05,114.78306948
4.40625e-05,114.854958919
4.408203125e-05,114.925138993
4.41015625e-05,114.993622224
4.412109375e-05,115.060421043
4.4140625e-05,115.125547784
4.416015625e-05,115.189014672
4.41796875e-05,115.250833811
4.419921875e-05,115.311017173
4.421875e-05,115.369576592
4.423828125e-05,115.426523746
4.42578125e-05,115.481870157
4.427734375e-05,115.535627173
4.4296875e-05,115.587805963
4.431640625e-05,115.638417509
4.43359375e-05,115.687472593
4.435546875e-05,115.734981792
4.4375e-05,115.780955467
4.439453125e-05,115.825403757
4.44140625e-05,115.868336571
4.443359375e-05,115.909763579
4.4453125e-05,115.949694205
4.447265625e-05,115.98813762
4.44921875e-05,116.025102737
4.451171875e-05,116.060598202
4.453125e-05,116.094632386
4.455078125e-05,116.127213383
4.45703125e-05,116.158349002
4.458984375e-05,116.188046761
4.4609375e-05,116.216313883
4.462890625e-05,116.243157288
4.46484375e-05,116.268583591
4.466796875e-05,116.292599095
4.46875e-05,116.315209788
4.470703125e-05,116.336421341
4.47265625e-05,116.356239097
4.474609375e-05,116.374668075
4.4765625e-05,116.39171296
4.478515625e-05,116.407378107
4.48046875e-05,116.421667531
4.482421875e-05,116.434584907
4.484375e-05,116.446133569
4.486328125e-05,116.456316505
4.48828125e-05,116.465136358
4.490234375e-05,116.47259542
4.4921875e-05,116.478695635
4.494140625e-05,116.483438593
4.49609375e-05,116.486825535
4.498046875e-05,116.488857346
4.5e-05,116.489534557
4.501953125e-05,116.488857346
4.50390625e-05,116.486825535
4.505859375e-05,116.483438593
4.5078125e-05,116.478695635
4.509765625e-05,116.47259542
4.51171875e-05,116.465136358
4.513671875e-05,116.456316505
4.515625e-05,116.446133569
4.517578125e-05,116.434584907
4.51953125e-05,116.421667531
4.521484375e-05,116.407378107
4.5234375e-05,116.39171296
4.525390625e-05,116.374668075
4.52734375e-05,116.356239097
4.529296875e-05,116.336421341
4.53125e-05,116.315209788
4.533203125e-05,116.292599095
4.53515625e-05,116.268583591
4.537109375e-05,116.243157288
4.5390625e-05,116.216313883
4.541015625e-05,116.188046761
4.54296875e-05,116.158349002
4.544921875e-05,116.127213383
4.546875e-05,116.094632386
4.548828125e-05,116.060598202
4.55078125e-05,116.025102737
4.552734375e-05,115.98813762
4.5546875e-05,115.949694205
4.556640625e-05,115.909763579
4.55859375e-05,115.868336571
4.560546875e-05,115.825403757
4.5625e-05,115.780955467
4.564453125e-05,115.734981792
4.56640625e-05,115.687472593
4.568359375e-05,115.638417509
4.5703125e-05,115.587805963
4.572265625e-05,115.535627173
4.57421875e-05,115.481870157
4.576171875e-05,115.426523746
4.578125e-05,115.369576592
4.580078125e-05,115.311017173
4.58203125e-05,115.250833811
4.583984375e-05,115.189014672
4.5859375e-05,115.125547784
4.587890625e-05,115.060421043
4.58984375e-05,114.993622224
4.591796875e-05,114.925138993
4.59375e-05,114.854958919
4.595703125e-05,114.78306948
4.59765625e-05,114.709458079
4.599609375e-05,114.634112056
4.6015625e-05,114.557018696
4.603515625e-05,114.478165246
4.60546875e-05,114.397538922
4.607421875e-05,114.315126925
4.609375e-05,114.230916453
4.611328125e-05,114.144894714
4.61328125e-05,114.057048938
4.615234375e-05,113.967366392
4.6171875e-05,113.875834392
4.619140625e-05,113.782440316
4.62109375e-05,113.687171623
4.623046875e-05,113.590015859
4.625e-05,113.490960678
4.626953125e-05,113.389993854
4.62890625e-05,113.287103294
4.630859375e-05,113.182277055
4.6328125e-05,113.075503359
4.634765625e-05,112.966770607
4.63671875e-05,112.856067394
4.638671875e-05,112.743382525
4.640625e-05,112.628705031
4.642578125e-05,112.512024183
4.64453125e-05,112.393329511
4.646484375e-05,112.272610815
4.6484375e-05,112.149858185
4.650390625e-05,112.025062015
4.65234375e-05,111.898213023
4.654296875e-05,111.769302259
4.65625e-05,111.638321131
4.658203125e-05,111.505261416
4.66015625e-05,111.370115275
4.662109375e-05,111.232875275
4.6640625e-05,111.093534401
4.666015625e-05,110.952086075
4.66796875e-05,110.808524171
4.669921875e-05,110.662843033
4.671875e-05,110.515037491
4.673828125e-05,110.365102876
4.67578125e-05,110.213035041
4.677734375e-05,110.058830373
4.6796875e-05,109.902485813
4.681640625e-05,109.743998869
4.68359375e-05,109.583367636
4.685546875e-05,109.420590809
4.6875e-05,109.255667702
4.689453125e-05,109.088598264
4.69140625e-05,108.919383093
4.693359375e-05,108.748023453
4.6953125e-05,108.574521289
4.697265625e-05,108.398879246
4.69921875e-05,108.221100681
4.701171875e-05,108.041189677
4.703125e-05,107.859151064
4.705078125e-05,107.674990427
4.70703125e-05,107.488714126
4.708984375e-05,107.300329309
4.7109375e-05,107.109843922
4.712890625e-05,106.917266731
4.71484375e-05,106.722607328
4.716796875e-05,106.525876148
4.71875e-05,106.327084484
4.720703125e-05,106.126244494
4.72265625e-05,105.923369219
4.724609375e-05,105.718472593
4.7265625e-05,105.511569452
4.728515625e-05,105.30267555
4.73046875e-05,105.091807568
4.732421875e-05,104.878983124
4.734375e-05,104.664220783
4.736328125e-05,104.447540066
4.73828125e-05,104.228961464
4.740234375e-05,104.008506438
4.7421875e-05,103.786197438
4.744140625e-05,103.5620579
4.74609375e-05,103.336112263
4.748046875e-05,103.108385967
4.75e-05,102.878905466
4.751953125e-05,102.647698232
4.75390625e-05,102.414792756
4.755859375e-05,102.180218559
4.7578125e-05,101.944006191
4.759765625e-05,101.706187237
4.76171875e-05,101.466794319
4.763671875e-05,101.225861097
4.765625e-05,100.983422273
4.767578125e-05,100.739513589
4.76953125e-05,100.49417183
4.771484375e-05,100.247434821
4.7734375e-05,99.9993414276
4.775390625e-05,99.7499315536
4.77734375e-05,99.4992461385
4.779296875e-05,99.2473271539
4.78125e-05,98.9942176003
4.783203125e-05,98.7399615018
4.78515625e-05,98.4846039011
4.787109375e-05,98.2281908531
4.7890625e-05,97.9707694182
4.791015625e-05,97.7123876546
4.79296875e-05,97.4530946101
4.794921875e-05,97.1929403128
4.796875e-05,96.9319757611
4.798828125e-05,96.6702529134
4.80078125e-05,96.4078246765
4.802734375e-05,96.1447448932
4.8046875e-05,95.8810683295
4.806640625e-05,95.6168506612
4.80859375e-05,95.3521484588
4.810546875e-05,95.0870191726
4.8125e-05,94.8215211163
4.814453125e-05,94.5557134506
4.81640625e-05,94.2896561654
4.818359375e-05,94.0234100612
4.8203125e-05,93.7570367305
4.822265625e-05,93.4905985373
4.82421875e-05,93.224158597
4.826171875e-05,92.9577807545
4.828125e-05,92.6915295627
4.830078125e-05,92.4254702591
4.83203125e-05,92.1596687425
4.833984375e-05,91.8941915485
4.8359375e-05,91.6291058248
4.837890625e-05,91.3644793053
4.83984375e-05,91.1003802837
4.841796875e-05,90.8368775867
4.84375e-05,90.5740405459
4.845703125e-05,90.31193897
4.84765625e-05,90.0506431152
4.849609375e-05,89.7902236561
4.8515625e-05,89.5307516554
4.853515625e-05,89.2722985328
4.85546875e-05,89.0149360343
4.857421875e-05,88.7587361996
4.859375e-05,88.5037713303
4.861328125e-05,88.2501139567
4.86328125e-05,87.9978368043
4.865234375e-05,87.7470127602
4.8671875e-05,87.4977148384
4.869140625e-05,87.2500161455
4.87109375e-05,87.0039898452
4.873046875e-05,86.759709123
4.875e-05,86.5172471501
4.876953125e-05,86.2766770475
4.87890625e-05,86.0380718491
4.880859375e-05,85.8015044652
4.8828125e-05,85.5670476452
4.884765625e-05,85.3347739406
4.88671875e-05,85.1047556673
4.888671875e-05,84.8770648681
4.890625e-05,84.6517732746
4.892578125e-05,84.4289522698
4.89453125e-05,84.2086728496
4.896484375e-05,83.9910055848
4.8984375e-05,83.7760205833
4.900390625e-05,83.5637874517
4.90234375e-05,83.3543752575
4.904296875e-05,83.1478524907
4.90625e-05,82.9442870261
4.908203125e-05,82.7437460855
4.91015625e-05,82.5462962
4.912109375e-05,82.3520031725
4.9140625e-05,82.1609320405
4.916015625e-05,81.9731470386
4.91796875e-05,81.7887115626
4.919921875e-05,81.6076881322
4.921875e-05,81.4301383553
4.923828125e-05,81.256122892
4.92578125e-05,81.0857014193
4.927734375e-05,80.9189325963
4.9296875e-05,80.7558740292
4.931640625e-05,80.5965822379
4.93359375e-05,80.4411126218
4.935546875e-05,80.2895194272
4.9375e-05,80.141855715
4.939453125e-05,79.9981733283
4.94140625e-05,79.8585228617
4.943359375e-05,79.7229536307
4.9453125e-05,79.5915136412
4.947265625e-05,79.4642495614
4.94921875e-05,79.3412066921
4.951171875e-05,79.22242894
4.953125e-05,79.1079587902
4.955078125e-05,78.9978372803
4.95703125e-05,78.892103975
4.958984375e-05,78.7907969416
4.9609375e-05,78.6939527268
4.962890625e-05,78.6016063333
4.96484375e-05,78.5137911987
4.966796875e-05,78.4305391744
4.96875e-05,78.3518805054
4.970703125e-05,78.277843812
4.97265625e-05,78.2084560713
4.974609375e-05,78.1437426006
4.9765625e-05,78.0837270412
4.978515625e-05,78.0284313438
4.98046875e-05,77.9778757545
4.982421875e-05,77.9320788022
4.984375e-05,77.8910572864
4.986328125e-05,77.8548262672
4.98828125e-05,77.8233990555
4.990234375e-05,77.7967872043
4.9921875e-05,77.775000502
4.994140625e-05,77.7580469654
4.99609375e-05,77.7459328354
4.998046875e-05,77.7386625724
5e-05,77.7362388538
5.001953125e-05,77.7386625724
5.00390625e-05,77.7459328354
5.005859375e-05,77.7580469654
5.0078125e-05,77.775000502
5.009765625e-05,77.7967872043
5.01171875e-05,77.8233990555
5.013671875e-05,77.8548262672
5.015625e-05,77.8910572864
5.017578125e-05,77.9320788022
5.01953125e-05,77.9778757545
5.021484375e-05,78.0284313438
5.0234375e-05,78.0837270412
5.025390625e-05,78.1437426006
5.02734375e-05,78.2084560713
5.029296875e-05,78.277843812
5.03125e-05,78.3518805054
5.033203125e-05,78.4305391744
5.03515625e-05,78.5137911987
5.037109375e-05,78.6016063333
5.0390625e-05,78.6939527268
5.041015625e-05,78.7907969416
5.04296875e-05,78.892103975
5.044921875e-05,78.9978372803
5.046875e-05,79.1079587902
5.048828125e-05,79.22242894
5.05078125e-05,79.3412066921
5.052734375e-05,79.4642495614
5.0546875e-05,79.5915136412
5.056640625e-05,79.7229536307
5.05859375e-05,79.8585228617
5.060546875e-05,79.9981733283
5.0625e-05,80.141855715
5.064453125e-05,80.2895194272
5.06640625e-05,80.4411126218
5.068359375e-05,80.5965822379
5.0703125e-05,80.7558740292
5.072265625e-05,80.9189325963
5.07421875e-05,81.0857014193
5.076171875e-05,81.256122892
5.078125e-05,81.4301383553
5.080078125e-05,81.6076881322
5.08203125e-05,81.7887115626
5.083984375e-05,81.9731470386
5.0859375e-05,82.1609320405
5.087890625e-05,82.3520031725
5.08984375e-05,82.5462962
5.091796875e-05,82.7437460855
5.09375e-05,82.9442870261
5.095703125e-05,83.1478524907
5.09765625e-05,83.3543752575
5.099609375e-05,83.5637874517
5.1015625e-05,83.7760205833
5.103515625e-05,83.9910055848
5.10546875e-05,84.2086728496
5.107421875e-05,84.4289522698
5.109375e-05,84.6517732746
5.111328125e-05,84.8770648681
5.11328125e-05,85.1047556673
5.115234375e-05,85.3347739406
5.1171875e-05,85.5670476452
5.119140625e-05,85.8015044652
5.12109375e-05,86.0380718491
5.123046875e-05,86.2766770475
5.125e-05,86.5172471501
5.126953125e-05,86.759709123
5.12890625e-05,87.0039898452
5.130859375e-05,87.2500161455
5.1328125e-05,87.4977148384
5.134765625e-05,87.7470127602
5.13671875e-05,87.9978368043
5.138671875e-05,88.2501139567
5.140625e-05,88.5037713303
5.142578125e-05,88.7587361996
5.14453125e-05,89.0149360343
5.146484375e-05,89.2722985328
5.1484375e-05,89.5307516554
5.150390625e-05,89.7902236561
5.15234375e-05,90.0506431152
5.154296875e-05,90.31193897
5.15625e-05,90.5740405459
5.158203125e-05,90.8368775867
5.16015625e-05,91.1003802837
5.162109375e-05,91.3644793053
5.1640625e-05,91.6291058248
5.166015625e-05,91.8941915485
5.16796875e-05,92.1596687425
5.169921875e-05,92.4254702591
5.171875e-05,92.6915295627
5.173828125e-05,92.9577807545
5.17578125e-05,93.224158597
5.177734375e-05,93.4905985373
5.1796875e-05,93.7570367305
5.181640625e-05,94.0234100612
5.18359375e-05,94.2896561654
5.185546875e-05,94.5557134506
5.1875e-05,94.8215211163
5.189453125e-05,95.0870191726
5.19140625e-05,95.3521484588
5.193359375e-05,95.6168506612
5.1953125e-05,95.8810683295
5.197265625e-05,96.1447448932
5.19921875e-05,96.4078246765
5.201171875e-05,96.6702529134
5.203125e-05,96.9319757611
5.205078125e-05,97.1929403128
5.20703125e-05,97.4530946101
5.208984375e-05,97.7123876546
5.2109375e-05,97.9707694182
5.212890625e-05,98.2281908531
5.21484375e-05,98.4846039011
5.216796875e-05,98.7399615018
5.21875e-05,98.9942176003
5.220703125e-05,99.2473271539
5.22265625e-05,99.4992461385
5.224609375e-05,99.7499315536
5.2265625e-05,99.9993414276
5.228515625e-05,100.247434821
5.23046875e-05,100.49417183
5.232421875e-05,100.739513589
5.234375e-05,100.983422273
5.236328125e-05,101.225861097
5.23828125e-05,101.466794319
5.240234375e-05,101.706187237
5.2421875e-05,101.944006191
5.244140625e-05,102.180218559
5.24609375e-05,102.414792756
5.248046875e-05,102.647698232
5.25e-05,102.878905466
5.251953125e-05,103.108385967
5.25390625e-05,103.336112263
5.255859375e-05,103.5620579
5.2578125e-05,103.786197438
5.259765625e-05,104.008506438
5.26171875e-05,104.228961464
5.263671875e-05,104.447540066
5.265625e-05,104.664220783
5.267578125e-05,104.878983124
5.26953125e-05,105.091807568
5.271484375e-05,105.30267555
5.2734375e-05,105.511569452
5.275390625e-05,105.718472593
5.27734375e-05,105.923369219
5.279296875e-05,106.126244494
5.28125e-05,106.327084484
5.283203125e-05,106.525876148
5.28515625e-05,106.722607328
5.287109375e-05,106.917266731
5.2890625e-05,107.109843922
5.291015625e-05,107.300329309
5.29296875e-05,107.488714126
5.294921875e-05,107.674990427
5.296875e-05,107.859151064
5.298828125e-05,108.041189677
5.30078125e-05,108.221100681
5.302734375e-05,108.398879246
5.3046875e-05,108.574521289
5.306640625e-05,108.748023453
5.30859375e-05,108.919383093
5.310546875e-05,109.088598264
5.3125e-05,109.255667702
5.314453125e-05,109.420590809
5.31640625e-05,109.583367636
5.318359375e-05,109.743998869
5.3203125e-05,109.902485813
5.322265625e-05,110.058830373
5.32421875e-05,110.213035041
5.326171875e-05,110.365102876
5.328125e-05,110.515037491
5.330078125e-05,110.662843033
5.33203125e-05,110.808524171
5.333984375e-05,110.952086075
5.3359375e-05,111.093534401
5.337890625e-05,111.232875275
5.33984375e-05,111.370115275
5.341796875e-05,111.505261416
5.34375e-05,111.638321131
5.345703125e-05,111.769302259
5.34765625e-05,111.898213023
5.349609375e-05,112.025062015
5.3515625e-05,112.149858185
5.353515625e-05,112.272610815
5.35546875e-05,112.393329511
5.357421875e-05,112.512024183
5.359375e-05,112.628705031
5.361328125e-05,112.743382525
5.36328125e-05,112.856067394
5.365234375e-05,112.966770607
5.3671875e-05,113.075503359
5.369140625e-05,113.182277055
5.37109375e-05,113.287103294
5.373046875e-05,113.389993854
5.375e-05,113.490960678
5.376953125e-05,113.590015859
5.37890625e-05,113.687171623
5.380859375e-05,113.782440316
5.3828125e-05,113.875834392
5.384765625e-05,113.967366392
5.38671875e-05,114.057048938
5.388671875e-05,114.144894714
5.390625e-05,114.230916453
5.392578125e-05,114.315126925
5.39453125e-05,114.397538922
5.396484375e-05,114.478165246
5.3984375e-05,114.557018696
5.400390625e-05,114.634112056
5.40234375e-05,114.709458079
5.404296875e-05,114.78306948
5.40625e-05,114.854958919
5.408203125e-05,114.925138993
5.41015625e-05,114.993622224
5.412109375e-05,115.060421043
5.4140625e-05,115.125547784
5.416015625e-05,115.189014672
5.41796875e-05,115.250833811
5.419921875e-05,115.311017173
5.421875e-05,115.369576592
5.423828125e-05,115.426523746
5.42578125e-05,115.481870157
5.427734375e-05,115.535627173
5.4296875e-05,115.587805963
5.431640625e-05,115.638417509
5.43359375e-05,115.687472593
5.435546875e-05,115.734981792
5.4375e-05,115.780955467
5.439453125e-05,115.825403757
5.44140625e-05,115.868336571
5.443359375e-05,115.909763579
5.4453125e-05,115.949694205
5.447265625e-05,115.98813762
5.44921875e-05,116.025102737
5.451171875e-05,116.060598202
5.453125e-05,116.094632386
5.455078125e-05,116.127213383
5.45703125e-05,116.158349002
5.458984375e-05,116.188046761
5.4609375e-05,116.216313883
5.462890625e-05,116.243157288
5.46484375e-05,116.268583591
5.466796875e-05,116.292599095
5.46875e-05,116.315209788
5.470703125e-05,116.336421341
5.47265625e-05,116.356239097
5.474609375e-05,116.374668075
5.4765625e-05,116.39171296
5.478515625e-05,116.407378107
5.48046875e-05,116.421667531
5.482421875e-05,116.434584907
5.484375e-05,116.446133569
5.486328125e-05,116.456316505
5.48828125e-05,116.465136358
5.490234375e-05,116.47259542
5.4921875e-05,116.478695635
5.494140625e-05,116.483438593
5.49609375e-05,116.486825535
5.498046875e-05,116.488857346
5.5e-05,116.489534557
5.501953125e-05,116.488857346
5.50390625e-05,116.486825535
5.505859375e-05,116.483438593
5.5078125e-05,116.478695635
5.509765625e-05,116.47259542
5.51171875e-05,116.465136358
5.513671875e-05,116.456316505
5.515625e-05,116.446133569
5.517578125e-05,116.434584907
5.51953125e-05,116.421667531
5.521484375e-05,116.407378107
5.5234375e-05,116.39171296
5.525390625e-05,116.374668075
5.52734375e-05,116.356239097
5.529296875e-05,116.336421341
5.53125e-05,116.315209788
5.533203125e-05,116.292599095
5.53515625e-05,116.268583591
5.537109375e-05,116.243157288
5.5390625e-05,116.216313883
5.541015625e-05,116.188046761
5.54296875e-05,116.158349002
5.544921875e-05,116.127213383
5.546875e-05,116.094632386
5.548828125e-05,116.060598202
5.55078125e-05,116.025102737
5.552734375e-05,115.98813762
5.5546875e-05,115.949694205
5.556640625e-05,115.909763579
5.55859375e-05,115.868336571
5.560546875e-05,115.825403757
5.5625e-05,115.780955467
5.564453125e-05,115.734981792
5.56640625e-05,115.687472593
5.568359375e-05,115.638417509
5.5703125e-05,115.587805963
5.572265625e-05,115.535627173
5.57421875e-05,115.481870157
5.576171875e-05,115.426523746
5.578125e-05,115.369576592
5.580078125e-05,115.311017173
5.58203125e-05,115.250833811
5.583984375e-05,115.189014672
5.5859375e-05,115.125547784
5.587890625e-05,115.060421043
5.58984375e-05,114.993622224
5.591796875e-05,114.925138993
5.59375e-05,114.854958919
5.595703125e-05,114.78306948
5.59765625e-05,114.709458079
5.599609375e-05,114.634112056
5.6015625e-05,114.557018696
5.603515625e-05,114.478165246
5.60546875e-05,114.397538922
5.607421875e-05,114.315126925
5.609375e-05,114.230916453
5.611328125e-05,114.144894714
5.61328125e-05,114.057048938
5.615234375e-05,113.967366392
5.6171875e-05,113.875834392
5.619140625e-05,113.782440316
5.62109375e-05,113.687171623
5.623046875e-05,113.590015859
5.625e-05,113.490960678
5.626953125e-05,113.389993854
5.62890625e-05,113.287103294
5.630859375e-05,113.182277055
5.6328125e-05,113.075503359
5.634765625e-05,112.966770607
5.63671875e-05,112.856067394
5.638671875e-05,112.743382525
5.640625e-05,112.628705031
5.642578125e-05,112.512024183
5.64453125e-05,112.393329511
5.646484375e-05,112.272610815
5.6484375e-05,112.149858185
5.650390625e-05,112.025062015
5.65234375e-05,111.898213023
5.654296875e-05,111.769302259
5.65625e-05,111.638321131
5.658203125e-05,111.505261416
5.66015625e-05,111.370115275
5.662109375e-05,111.232875275
5.6640625e-05,111.093534401
5.666015625e-05,110.952086075
5.66796875e-05,110.808524171
5.669921875e-05,110.662843033
5.671875e-05,110.515037491
5.673828125e-05,110.365102876
5.67578125e-05,110.213035041
5.677734375e-05,110.058830373
5.6796875e-05,109.902485813
5.681640625e-05,109.743998869
5.68359375e-05,109.583367636
5.685546875e-05,109.420590809
5.6875e-05,109.255667702
5.689453125e-05,109.088598264
5.69140625e-05,108.919383093
5.693359375e-05,108.748023453
5.6953125e-05,108.574521289
5.697265625e-05,108.398879246
5.69921875e-05,108.221100681
5.701171875e-05,108.041189677
5.703125e-05,107.859151064
5.705078125e-05,107.674990427
5.70703125e-05,107.488714126
5.708984375e-05,107.300329309
5.7109375e-05,107.109843922
5.712890625e-05,106.917266731
5.71484375e-05,106.722607328
5.716796875e-05,106.525876148
5.71875e-05,106.327084484
5.720703125e-05,106.126244494
5.72265625e-05,105.923369219
5.724609375e-05,105.718472593
5.7265625e-05,105.511569452
5.728515625e-05,105.30267555
5.73046875e-05,105.091807568
5.732421875e-05,104.878983124
5.734375e-05,104.664220783
5.736328125e-05,104.447540066
5.73828125e-05,104.228961464
5.740234375e-05,104.008506438
5.7421875e-05,103.786197438
5.744140625e-05,103.5620579
5.74609375e-05,103.336112263
5.748046875e-05,103.108385967
5.75e-05,102.878905466
5.751953125e-05,102.647698232
5.75390625e-05,102.414792756
5.755859375e-05,102.180218559
5.7578125e-05,101.944006191
5.759765625e-05,101.706187237
5.76171875e-05,101.466794319
5.763671875e-05,101.225861097
5.765625e-05,100.983422273
5.767578125e-05,100.739513589
5.76953125e-05,100.49417183
5.771484375e-05,100.247434821
5.7734375e-05,99.9993414276
5.775390625e-05,99.7499315536
5.77734375e-05,99.4992461385
5.779296875e-05,99.2473271539
5.78125e-05,98.9942176003
5.783203125e-05,98.7399615018
5.78515625e-05,98.4846039011
5.787109375e-05,98.2281908531
5.7890625e-05,97.9707694182
5.791015625e-05,97.7123876546
5.79296875e-05,97.4530946101
5.794921875e-05,97.1929403128
5.796875e-05,96.9319757611
5.798828125e-05,96.6702529134
5.80078125e-05,96.4078246765
5.802734375e-05,96.1447448932
5.8046875e-05,95.8810683295
5.806640625e-05,95.6168506612
5.80859375e-05,95.3521484588
5.810546875e-05,95.0870191726
5.8125e-05,94.8215211163
5.814453125e-05,94.5557134506
5.81640625e-05,94.2896561654
5.818359375e-05,94.0234100612
5.8203125e-05,93.7570367305
5.822265625e-05,93.4905985373
5.82421875e-05,93.224158597
5.826171875e-05,92.9577807545
5.828125e-05,92.6915295627
5.830078125e-05,92.4254702591
5.83203125e-05,92.1596687425
5.833984375e-05,91.8941915485
5.8359375e-05,91.6291058248
5.837890625e-05,91.3644793053
5.83984375e-05,91.1003802837
5.841796875e-05,90.8368775867
5.84375e-05,90.5740405459
5.845703125e-05,90.31193897
5.84765625e-05,90.0506431152
5.849609375e-05,89.7902236561
5.8515625e-05,89.5307516554
5.853515625e-05,89.2722985328
5.85546875e-05,89.0149360343
5.857421875e-05,88.7587361996
5.859375e-05,88.5037713303
5.861328125e-05,88.2501139567
5.86328125e-05,87.9978368043
5.865234375e-05,87.7470127602
5.8671875e-05,87.4977148384
5.869140625e-05,87.2500161455
5.87109375e-05,87.0039898452
5.873046875e-05,86.759709123
5.875e-05,86.5172471501
5.876953125e-05,86.2766770475
5.87890625e-05,86.0380718491
5.880859375e-05,85.8015044652
5.8828125e-05,85.5670476452
5.884765625e-05,85.3347739406
5.88671875e-05,85.1047556673
5.888671875e-05,84.8770648681
5.890625e-05,84.6517732746
5.892578125e-05,84.4289522698
5.89453125e-05,84.2086728496
5.896484375e-05,83.9910055848
5.8984375e-05,83.7760205833
5.900390625e-05,83.5637874517
5.90234375e-05,83.3543752575
5.904296875e-05,83.1478524907
5.90625e-05,82.9442870261
5.908203125e-05,82.7437460855
5.91015625e-05,82.5462962
5.912109375e-05,82.3520031725
5.9140625e-05,82.1609320405
5.916015625e-05,81.9731470386
5.91796875e-05,81.7887115626
5.919921875e-05,81.6076881322
5.921875e-05,81.4301383553
5.923828125e-05,81.256122892
5.92578125e-05,81.0857014193
5.927734375e-05,80.9189325963
5.9296875e-05,80.7558740292
5.931640625e-05,80.5965822379
5.93359375e-05,80.4411126218
5.935546875e-05,80.2895194272
5.9375e-05,80.141855715
5.939453125e-05,79.9981733283
5.94140625e-05,79.8585228617
5.943359375e-05,79.7229536307
5.9453125e-05,79.5915136412
5.947265625e-05,79.4642495614
5.94921875e-05,79.3412066921
5.951171875e-05,79.22242894
5.953125e-05,79.1079587902
5.955078125e-05,78.9978372803
5.95703125e-05,78.892103975
5.958984375e-05,78.7907969416
5.9609375e-05,78.6939527268
5.962890625e-05,78.6016063333
5.96484375e-05,78.5137911987
5.966796875e-05,78.4305391744
5.96875e-05,78.3518805054
5.970703125e-05,78.277843812
5.97265625e-05,78.2084560713
5.974609375e-05,78.1437426006
5.9765625e-05,78.0837270412
5.978515625e-05,78.0284313438
5.98046875e-05,77.9778757545
5.982421875e-05,77.9320788022
5.984375e-05,77.8910572864
5.986328125e-05,77.8548262672
5.98828125e-05,77.8233990555
5.990234375e-05,77.7967872043
5.9921875e-05,77.775000502
5.994140625e-05,77.7580469654
5.99609375e-05,77.7459328354
5.998046875e-05,77.7386625724
6e-05,77.7362388538
6.001953125e-05,77.7386625724
6.00390625e-05,77.7459328354
6.005859375e-05,77.7580469654
6.0078125e-05,77.775000502
6.009765625e-05,77.7967872043
6.01171875e-05,77.8233990555
6.013671875e-05,77.8548262672
6.015625e-05,77.8910572864
6.017578125e-05,77.9320788022
6.01953125e-05,77.9778757545
6.021484375e-05,78.0284313438
6.0234375e-05,78.0837270412
6.025390625e-05,78.1437426006
6.02734375e-05,78.2084560713
6.029296875e-05,78.277843812
6.03125e-05,78.3518805054
6.033203125e-05,78.4305391744
6.03515625e-05,78.5137911987
6.037109375e-05,78.6016063333
6.0390625e-05,78.6939527268
6.041015625e-05,78.7907969416
6.04296875e-05,78.892103975
6.044921875e-05,78.9978372803
6.046875e-05,79.1079587902
6.048828125e-05,79.22242894
6.05078125e-05,79.3412066921
6.052734375e-05,79.4642495614
6.0546875e-05,79.5915136412
6.056640625e-05,79.7229536307
6.05859375e-05,79.8585228617
6.060546875e-05,79.9981733283
6.0625e-05,80.141855715
6.064453125e-05,80.2895194272
6.06640625e-05,80.4411126218
6.068359375e-05,80.5965822379
6.0703125e-05,80.7558740292
6.072265625e-05,80.9189325963
6.07421875e-05,81.0857014193
6.076171875e-05,81.256122892
6.078125e-05,81.4301383553
6.080078125e-05,81.6076881322
6.08203125e-05,81.7887115626
6.083984375e-05,81.9731470386
6.0859375e-05,82.1609320405
6.087890625e-05,82.3520031725
6.08984375e-05,82.5462962
6.091796875e-05,82.7437460855
6.09375e-05,82.9442870261
6.095703125e-05,83.1478524907
6.09765625e-05,83.3543752575
6.099609375e-05,83.5637874517
6.1015625e-05,83.7760205833
6.103515625e-05,83.9910055848
6.10546875e-05,84.2086728496
6.107421875e-05,84.4289522698
6.109375e-05,84.6517732746
6.111328125e-05,84.8770648681
6.11328125e-05,85.1047556673
6.115234375e-05,85.3347739406
6.1171875e-05,85.5670476452
6.119140625e-05,85.8015044652
6.12109375e-05,86.0380718491
6.123046875e-05,86.2766770475
6.125e-05,86.5172471501
6.126953125e-05,86.759709123
6.12890625e-05,87.0039898452
6.130859375e-05,87.2500161455
6.1328125e-05,87.4977148384
6.134765625e-05,87.7470127602
6.13671875e-05,87.9978368043
6.138671875e-05,88.2501139567
6.140625e-05,88.5037713303
6.142578125e-05,88.7587361996
6.14453125e-05,89.0149360343
6.146484375e-05,89.2722985328
6.1484375e-05,89.5307516554
6.150390625e-05,89.7902236561
6.15234375e-05,90.0506431152
6.154296875e-05,90.31193897
6.15625e-05,90.5740405459
6.158203125e-05,90.8368775867
6.16015625e-05,91.1003802837
6.162109375e-05,91.3644793053
6.1640625e-05,91.6291058248
6.166015625e-05,91.8941915485
6.16796875e-05,92.1596687425
6.169921875e-05,92.4254702591
6.171875e-05,92.6915295627
6.173828125e-05,92.9577807545
6.17578125e-05,93.224158597
6.177734375e-05,93.4905985373
6.1796875e-05,93.7570367305
6.181640625e-05,94.0234100612
6.18359375e-05,94.2896561654
6.185546875e-05,94.5557134506
6.1875e-05,94.8215211163
6.189453125e-05,95.0870191726
6.19140625e-05,95.3521484588
6.193359375e-05,95.6168506612
6.1953125e-05,95.8810683295
6.197265625e-05,96.1447448932
6.19921875e-05,96.4078246765
6.201171875e-05,96.6702529134
6.203125e-05,96.9319757611
6.205078125e-05,97.1929403128
6.20703125e-05,97.4530946101
6.208984375e-05,97.7123876546
6.2109375e-05,97.9707694182
6.212890625e-05,98.2281908531
6.21484375e-05,98.4846039011
6.216796875e-05,98.7399615018
6.21875e-05,98.9942176003
6.220703125e-05,99.2473271539
6.22265625e-05,99.4992461385
6.224609375e-05,99.7499315536
6.2265625e-05,99.9993414276
6.228515625e-05,100.247434821
6.23046875e-05,100.49417183
6.232421875e-05,100.739513589
6.234375e-05,100.983422273
6.236328125e-05,101.225861097
6.23828125e-05,101.466794319
6.240234375e-05,101.706187237
6.2421875e-05,101.944006191
6.244140625e-05,102.180218559
6.24609375e-05,102.414792756
6.248046875e-05,102.647698232
6.25e-05,102.878905466
6.251953125e-05,103.108385967
6.25390625e-05,103.336112263
6.255859375e-05,103.5620579
6.2578125e-05,103.786197438
6.259765625e-05,104.008506438
6.26171875e-05,104.228961464
6.263671875e-05,104.447540066
6.265625e-05,104.664220783
6.267578125e-05,104.878983124
6.26953125e-05,105.091807568
6.271484375e-05,105.30267555
6.2734375e-05,105.511569452
6.275390625e-05,105.718472593
6.27734375e-05,105.923369219
6.279296875e-05,106.126244494
6.28125e-05,106.327084484
6.283203125e-05,106.525876148
6.28515625e-05,106.722607328
6.287109375e-05,106.917266731
6.2890625e-05,107.109843922
6.291015625e-05,107.300329309
6.29296875e-05,107.488714126
6.294921875e-05,107.674990427
6.296875e-05,107.859151064
6.298828125e-05,108.041189677
6.30078125e-05,108.221100681
6.302734375e-05,108.398879246
6.3046875e-05,108.574521289
6.306640625e-05,108.748023453
6.30859375e-05,108.919383093
6.310546875e-05,109.088598264
6.3125e-05,109.255667702
6.314453125e-05,109.420590809
6.31640625e-05,109.583367636
6.318359375e-05,109.743998869
6.3203125e-05,109.902485813
6.322265625e-05,110.058830373
6.32421875e-05,110.213035041
6.326171875e-05,110.365102876
6.328125e-05,110.515037491
6.330078125e-05,110.662843033
6.33203125e-05,110.808524171
6.333984375e-05,110.952086075
6.3359375e-05,111.093534401
6.337890625e-05,111.232875275
6.33984375e-05,111.370115275
6.341796875e-05,111.505261416
6.34375e-05,111.638321131
6.345703125e-05,111.769302259
6.34765625e-05,111.898213023
6.349609375e-05,112.025062015
6.3515625e-05,112.149858185
6.353515625e-05,112.272610815
6.35546875e-05,112.393329511
6.357421875e-05,112.512024183
6.359375e-05,112.628705031
6.361328125e-05,112.743382525
6.36328125e-05,112.856067394
6.365234375e-05,112.966770607
6.3671875e-05,113.075503359
6.369140625e-05,113.182277055
6.37109375e-05,113.287103294
6.373046875e-05,113.389993854
6.375e-05,113.490960678
6.376953125e-05,113.590015859
6.37890625e-05,113.687171623
6.380859375e-05,113.782440316
6.3828125e-05,113.875834392
6.384765625e-05,113.967366392
6.38671875e-05,114.057048938
6.388671875e-05,114.144894714
6.390625e-05,114.230916453
6.392578125e-05,114.315126925
6.39453125e-05,114.397538922
6.396484375e-05,114.478165246
6.3984375e-05,114.557018696
6.400390625e-05,114.634112056
6.40234375e-05,114.709458079
6.404296875e-05,114.78306948
6.40625e-05,114.854958919
6.408203125e-05,114.925138993
6.41015625e-05,114.993622224
6.412109375e-05,115.060421043
6.4140625e-05,115.125547784
6.416015625e-05,115.189014672
6.41796875e-05,115.250833811
6.419921875e-05,115.311017173
6.421875e-05,115.369576592
6.423828125e-05,115.426523746
6.42578125e-05,115.481870157
6.427734375e-05,115.535627173
6.4296875e-05,115.587805963
6.431640625e-05,115.638417509
6.43359375e-05,115.687472593
6.435546875e-05,115.734981792
6.4375e-05,115.780955467
6.439453125e-05,115.825403757
6.44140625e-05,115.868336571
6.443359375e-05,115.909763579
6.4453125e-05,115.949694205
6.447265625e-05,115.98813762
6.44921875e-05,116.025102737
6.451171875e-05,116.060598202
6.453125e-05,116.094632386
6.455078125e-05,116.127213383
6.45703125e-05,116.158349002
6.458984375e-05,116.188046761
6.4609375e-05,116.216313883
6.462890625e-05,116.243157288
6.46484375e-05,116.268583591
6.466796875e-05,116.292599095
6.46875e-05,116.315209788
6.470703125e-05,116.336421341
6.47265625e-05,116.356239097
6.474609375e-05,116.374668075
6.4765625e-05,116.39171296
6.478515625e-05,116.407378107
6.48046875e-05,116.421667531
6.482421875e-05,116.434584907
6.484375e-05,116.446133569
6.486328125e-05,116.456316505
6.48828125e-05,116.465136358
6.490234375e-05,116.47259542
6.4921875e-05,116.478695635
6.494140625e-05,116.483438593
6.49609375e-05,116.486825535
6.498046875e-05,116.488857346
6.5e-05,116.489534557
6.501953125e-05,116.488857346
6.50390625e-05,116.486825535
6.505859375e-05,116.483438593
6.5078125e-05,116.478695635
6.509765625e-05,116.47259542
6.51171875e-05,116.465136358
6.513671875e-05,116.456316505
6.515625e-05,116.446133569
6.517578125e-05,116.434584907
6.51953125e-05,116.421667531
6.521484375e-05,116.407378107
6.5234375e-05,116.39171296
6.525390625e-05,116.374668075
6.52734375e-05,116.356239097
6.529296875e-05,116.336421341
6.53125e-05,116.315209788
6.533203125e-05,116.292599095
6.53515625e-05,116.268583591
6.537109375e-05,116.243157288
6.5390625e-05,116.216313883
6.541015625e-05,116.188046761
6.54296875e-05,116.158349002
6.544921875e-05,116.127213383
6.546875e-05,116.094632386
6.548828125e-05,116.060598202
6.55078125e-05,116.025102737
6.552734375e-05,115.98813762
6.5546875e-05,115.949694205
6.556640625e-05,115.909763579
6.55859375e-05,115.868336571
6.560546875e-05,115.825403757
6.5625e-05,115.780955467
6.564453125e-05,115.734981792
6.56640625e-05,115.687472593
6.568359375e-05,115.638417509
6.5703125e-05,115.587805963
6.572265625e-05,115.535627173
6.57421875e-05,115.481870157
6.576171875e-05,115.426523746
6.578125e-05,115.369576592
6.580078125e-05,115.311017173
6.58203125e-05,115.250833811
6.583984375e-05,115.189014672
6.5859375e-05,115.125547784
6.587890625e-05,115.060421043
6.58984375e-05,114.993622224
6.591796875e-05,114.925138993
6.59375e-05,114.854958919
6.595703125e-05,114.78306948
6.59765625e-05,114.709458079
6.599609375e-05,114.634112056
6.6015625e-05,114.557018696
6.603515625e-05,114.478165246
6.60546875e-05,114.397538922
6.607421875e-05,114.315126925
6.609375e-05,114.230916453
6.611328125e-05,114.144894714
6.61328125e-05,114.057048938
6.615234375e-05,113.967366392
6.6171875e-05,113.875834392
6.619140625e-05,113.782440316
6.62109375e-05,113.687171623
6.623046875e-05,113.590015859
6.625e-05,113.490960678
6.626953125e-05,113.389993854
6.62890625e-05,113.287103294
6.630859375e-05,113.182277055
6.6328125e-05,113.075503359
6.634765625e-05,112.966770607
6.63671875e-05,112.856067394
6.638671875e-05,112.743382525
6.640625e-05,112.628705031
6.642578125e-05,112.512024183
6.64453125e-05,112.393329511
6.646484375e-05,112.272610815
6.6484375e-05,112.149858185
6.650390625e-05,112.025062015
6.65234375e-05,111.898213023
6.654296875e-05,111.769302259
6.65625e-05,111.638321131
6.658203125e-05,111.505261416
6.66015625e-05,111.370115275
6.662109375e-05,111.232875275
6.6640625e-05,111.093534401
6.666015625e-05,110.952086075
6.66796875e-05,110.808524171
6.669921875e-05,110.662843033
6.671875e-05,110.515037491
6.673828125e-05,110.365102876
6.67578125e-05,110.213035041
6.677734375e-05,110.058830373
6.6796875e-05,109.902485813
6.681640625e-05,109.743998869
6.68359375e-05,109.583367636
6.685546875e-05,109.420590809
6.6875e-05,109.255667702
6.689453125e-05,109.088598264
6.69140625e-05,108.919383093
6.693359375e-05,108.748023453
6.6953125e-05,108.574521289
6.697265625e-05,108.398879246
6.69921875e-05,108.221100681
6.701171875e-05,108.041189677
6.703125e-05,107.859151064
6.705078125e-05,107.674990427
6.70703125e-05,107.488714126
6.708984375e-05,107.300329309
6.7109375e-05,107.109843922
6.712890625e-05,106.917266731
6.71484375e-05,106.722607328
6.716796875e-05,106.525876148
6.71875e-05,106.327084484
6.720703125e-05,106.126244494
6.72265625e-05,105.923369219
6.724609375e-05,105.718472593
6.7265625e-05,105.511569452
6.728515625e-05,105.30267555
6.73046875e-05,105.091807568
6.732421875e-05,104.878983124
6.734375e-05,104.664220783
6.736328125e-05,104.447540066
6.73828125e-05,104.228961464
6.740234375e-05,104.008506438
6.7421875e-05,103.786197438
6.744140625e-05,103.5620579
6.74609375e-05,103.336112263
6.748046875e-05,103.108385967
6.75e-05,102.878905466
6.751953125e-05,102.647698232
6.75390625e-05,102.414792756
6.755859375e-05,102.180218559
6.7578125e-05,101.944006191
6.759765625e-05,101.706187237
6.76171875e-05,101.466794319
6.763671875e-05,101.225861097
6.765625e-05,100.983422273
6.767578125e-05,100.739513589
6.76953125e-05,100.49417183
6.771484375e-05,100.247434821
6.7734375e-05,99.9993414276
6.775390625e-05,99.7499315536
6.77734375e-05,99.4992461385
6.779296875e-05,99.2473271539
6.78125e-05,98.9942176003
6.783203125e-05,98.7399615018
6.78515625e-05,98.4846039011
6.787109375e-05,98.2281908531
6.7890625e-05,97.9707694182
6.791015625e-05,97.7123876546
6.79296875e-05,97.4530946101
6.794921875e-05,97.1929403128
6.796875e-05,96.9319757611
6.798828125e-05,96.6702529134
6.80078125e-05,96.4078246765
6.802734375e-05,96.1447448932
6.8046875e-05,95.8810683295
6.806640625e-05,95.6168506612
6.80859375e-05,95.3521484588
6.810546875e-05,95.0870191726
6.8125e-05,94.8215211163
6.814453125e-05,94.5557134506
6.81640625e-05,94.2896561654
6.818359375e-05,94.0234100612
6.8203125e-05,93.7570367305
6.822265625e-05,93.4905985373
6.82421875e-05,93.224158597
6.826171875e-05,92.9577807545
6.828125e-05,92.6915295627
6.830078125e-05,92.4254702591
6.83203125e-05,92.1596687425
6.833984375e-05,91.8941915485
6.8359375e-05,91.6291058248
6.837890625e-05,91.3644793053
6.83984375e-05,91.1003802837
6.841796875e-05,90.8368775867
6.84375e-05,90.5740405459
6.845703125e-05,90.31193897
6.84765625e-05,90.0506431152
6.849609375e-05,89.7902236561
6.8515625e-05,89.5307516554
6.853515625e-05,89.2722985328
6.85546875e-05,89.0149360343
6.857421875e-05,88.7587361996
6.859375e-05,88.5037713303
6.861328125e-05,88.2501139567
6.86328125e-05,87.9978368043
6.865234375e-05,87.7470127602
6.8671875e-05,87.4977148384
6.869140625e-05,87.2500161455
6.87109375e-05,87.0039898452
6.873046875e-05,86.759709123
6.875e-05,86.5172471501
6.876953125e-05,86.2766770475
6.87890625e-05,86.0380718491
6.880859375e-05,85.8015044652
6.8828125e-05,85.5670476452
6.884765625e-05,85.3347739406
6.88671875e-05,85.1047556673
6.888671875e-05,84.8770648681
6.890625e-05,84.6517732746
6.892578125e-05,84.4289522698
6.89453125e-05,84.2086728496
6.896484375e-05,83.9910055848
6.8984375e-05,83.7760205833
6.900390625e-05,83.5637874517
6.90234375e-05,83.3543752575
6.904296875e-05,83.1478524907
6.90625e-05,82.9442870261
6.908203125e-05,82.7437460855
6.91015625e-05,82.5462962
6.912109375e-05,82.3520031725
6.9140625e-05,82.1609320405
6.916015625e-05,81.9731470386
6.91796875e-05,81.7887115626
6.919921875e-05,81.6076881322
6.921875e-05,81.4301383553
6.923828125e-05,81.256122892
6.92578125e-05,81.0857014193
6.927734375e-05,80.9189325963
6.9296875e-05,80.7558740292
6.931640625e-05,80.5965822379
6.93359375e-05,80.4411126218
6.935546875e-05,80.2895194272
6.9375e-05,80.141855715
6.939453125e-05,79.9981733283
6.94140625e-05,79.8585228617
6.943359375e-05,79.7229536307
6.9453125e-05,79.5915136412
6.947265625e-05,79.4642495614
6.94921875e-05,79.3412066921
6.951171875e-05,79.22242894
6.953125e-05,79.1079587902
6.955078125e-05,78.9978372803
6.95703125e-05,78.892103975
6.958984375e-05,78.7907969416
6.9609375e-05,78.6939527268
6.962890625e-05,78.6016063333
6.96484375e-05,78.5137911987
6.966796875e-05,78.4305391744
6.96875e-05,78.3518805054
6.970703125e-05,78.277843812
6.97265625e-05,78.2084560713
6.974609375e-05,78.1437426006
6.9765625e-05,78.0837270412
6.978515625e-05,78.0284313438
6.98046875e-05,77.9778757545
6.982421875e-05,77.9320788022
6.984375e-05,77.8910572864
6.986328125e-05,77.8548262672
6.98828125e-05,77.8233990555
6.990234375e-05,77.7967872043
6.9921875e-05,77.775000502
6.994140625e-05,77.7580469654
6.99609375e-05,77.7459328354
6.998046875e-05,77.7386625724
7e-05,77.7362388538
7.001953125e-05,77.7386625724
7.00390625e-05,77.7459328354
7.005859375e-05,77.7580469654
7.0078125e-05,77.775000502
7.009765625e-05,77.7967872043
7.01171875e-05,77.8233990555
7.013671875e-05,77.8548262672
7.015625e-05,77.8910572864
7.017578125e-05,77.9320788022
7.01953125e-05,77.9778757545
7.021484375e-05,78.0284313438
7.0234375e-05,78.0837270412
7.025390625e-05,78.1437426006
7.02734375e-05,78.2084560713
7.029296875e-05,78.277843812
7.03125e-05,78.3518805054
7.033203125e-05,78.4305391744
7.03515625e-05,78.5137911987
7.037109375e-05,78.6016063333
7.0390625e-05,78.6939527268
7.041015625e-05,78.7907969416
7.04296875e-05,78.892103975
7.044921875e-05,78.9978372803
7.046875e-05,79.1079587902
7.048828125e-05,79.22242894
7.05078125e-05,79.3412066921
7.052734375e-05,79.4642495614
7.0546875e-05,79.5915136412
7.056640625e-05,79.7229536307
7.05859375e-05,79.8585228617
7.060546875e-05,79.9981733283
7.0625e-05,80.141855715
7.064453125e-05,80.2895194272
7.06640625e-05,80.4411126218
7.068359375e-05,80.5965822379
7.0703125e-05,80.7558740292
7.072265625e-05,80.9189325963
7.07421875e-05,81.0857014193
7.076171875e-05,81.256122892
7.078125e-05,81.4301383553
7.080078125e-05,81.6076881322
7.08203125e-05,81.7887115626
7.083984375e-05,81.9731470386
7.0859375e-05,82.1609320405
7.087890625e-05,82.3520031725
7.08984375e-05,82.5462962
7.091796875e-05,82.7437460855
7.09375e-05,82.9442870261
7.095703125e-05,83.1478524907
7.09765625e-05,83.3543752575
7.099609375e-05,83.5637874517
7.1015625e-05,83.7760205833
7.103515625e-05,83.9910055848
7.10546875e-05,84.2086728496
7.107421875e-05,84.4289522698
7.109375e-05,84.6517732746
7.111328125e-05,84.8770648681
7.11328125e-05,85.1047556673
7.115234375e-05,85.3347739406
7.1171875e-05,85.5670476452
7.119140625e-05,85.8015044652
7.12109375e-05,86.0380718491
7.123046875e-05,86.2766770475
7.125e-05,86.5172471501
7.126953125e-05,86.759709123
7.12890625e-05,87.0039898452
7.130859375e-05,87.2500161455
7.1328125e-05,87.4977148384
7.134765625e-05,87.7470127602
7.13671875e-05,87.9978368043
7.138671875e-05,88.2501139567
7.140625e-05,88.5037713303
7.142578125e-05,88.7587361996
7.14453125e-05,89.0149360343
7.146484375e-05,89.2722985328
7.1484375e-05,89.5307516554
7.150390625e-05,89.7902236561
7.15234375e-05,90.0506431152
7.154296875e-05,90.31193897
7.15625e-05,90.5740405459
7.158203125e-05,90.8368775867
7.16015625e-05,91.1003802837
7.162109375e-05,91.3644793053
7.1640625e-05,91.6291058248
7.166015625e-05,91.8941915485
7.16796875e-05,92.1596687425
7.169921875e-05,92.4254702591
7.171875e-05,92.6915295627
7.173828125e-05,92.9577807545
7.17578125e-05,93.224158597
7.177734375e-05,93.4905985373
7.1796875e-05,93.7570367305
7.181640625e-05,94.0234100612
7.18359375e-05,94.2896561654
7.185546875e-05,94.5557134506
7.1875e-05,94.8215211163
7.189453125e-05,95.0870191726
7.19140625e-05,95.3521484588
7.193359375e-05,95.6168506612
7.1953125e-05,95.8810683295
7.197265625e-05,96.1447448932
7.19921875e-05,96.4078246765
7.201171875e-05,96.6702529134
7.203125e-05,96.9319757611
7.205078125e-05,97.1929403128
7.20703125e-05,97.4530946101
7.208984375e-05,97.7123876546
7.2109375e-05,97.9707694182
7.212890625e-05,98.2281908531
7.21484375e-05,98.4846039011
7.216796875e-05,98.7399615018
7.21875e-05,98.9942176003
7.220703125e-05,99.2473271539
7.22265625e-05,99.4992461385
7.224609375e-05,99.7499315536
7.2265625e-05,99.9993414276
7.228515625e-05,100.247434821
7.23046875e-05,100.49417183
7.232421875e-05,100.739513589
7.234375e-05,100.983422273
7.236328125e-05,101.225861097
7.23828125e-05,101.466794319
7.240234375e-05,101.706187237
7.2421875e-05,101.944006191
7.244140625e-05,102.180218559
7.24609375e-05,102.414792756
7.248046875e-05,102.647698232
7.25e-05,102.878905466
7.251953125e-05,103.108385967
7.25390625e-05,103.336112263
7.255859375e-05,103.5620579
7.2578125e-05,103.786197438
7.259765625e-05,104.008506438
7.26171875e-05,104.228961464
7.263671875e-05,104.447540066
7.265625e-05,104.664220783
7.267578125e-05,104.878983124
7.26953125e-05,105.091807568
7.271484375e-05,105.30267555
7.2734375e-05,105.511569452
7.275390625e-05,105.718472593
7.27734375e-05,105.923369219
7.279296875e-05,106.126244494
7.28125e-05,106.327084484
7.283203125e-05,106.525876148
7.28515625e-05,106.722607328
7.287109375e-05,106.917266731
7.2890625e-05,107.109843922
7.291015625e-05,107.300329309
7.29296875e-05,107.488714126
7.294921875e-05,107.674990427
7.296875e-05,107.859151064
7.298828125e-05,108.041189677
7.30078125e-05,108.221100681
7.302734375e-05,108.398879246
7.3046875e-05,108.574521289
7.306640625e-05,108.748023453
7.30859375e-05,108.919383093
7.310546875e-05,109.088598264
7.3125e-05,109.255667702
7.314453125e-05,109.420590809
7.31640625e-05,109.583367636
7.318359375e-05,109.743998869
7.3203125e-05,109.902485813
7.322265625e-05,110.058830373
7.32421875e-05,110.213035041
7.326171875e-05,110.365102876
7.328125e-05,110.515037491
7.330078125e-05,110.662843033
7.33203125e-05,110.808524171
7.333984375e-05,110.952086075
7.3359375e-05,111.093534401
7.337890625e-05,111.232875275
7.33984375e-05,111.370115275
7.341796875e-05,111.505261416
7.34375e-05,111.638321131
7.345703125e-05,111.769302259
7.34765625e-05,111.898213023
7.349609375e-05,112.025062015
7.3515625e-05,112.149858185
7.353515625e-05,112.272610815
7.35546875e-05,112.393329511
7.357421875e-05,112.512024183
7.359375e-05,112.628705031
7.361328125e-05,112.743382525
7.36328125e-05,112.856067394
7.365234375e-05,112.966770607
7.3671875e-05,113.075503359
7.369140625e-05,113.182277055
7.37109375e-05,113.287103294
7.373046875e-05,113.389993854
7.375e-05,113.490960678
7.376953125e-05,113.590015859
7.37890625e-05,113.687171623
7.380859375e-05,113.782440316
7.3828125e-05,113.875834392
7.384765625e-05,113.967366392
7.38671875e-05,114.057048938
7.388671875e-05,114.144894714
7.390625e-05,114.230916453
7.392578125e-05,114.315126925
7.39453125e-05,114.397538922
7.396484375e-05,114.478165246
7.3984375e-05,114.557018696
7.400390625e-05,114.634112056
7.40234375e-05,114.709458079
7.404296875e-05,114.78306948
7.40625e-05,114.854958919
7.408203125e-05,114.925138993
7.41015625e-05,114.993622224
7.412109375e-05,115.060421043
7.4140625e-05,115.125547784
7.416015625e-05,115.189014672
7.41796875e-05,115.250833811
7.419921875e-05,115.311017173
7.421875e-05,115.369576592
7.423828125e-05,115.426523746
7.42578125e-05,115.481870157
7.427734375e-05,115.535627173
7.4296875e-05,115.587805963
7.431640625e-05,115.638417509
7.43359375e-05,115.687472593
7.435546875e-05,115.734981792
7.4375e-05,115.780955467
7.439453125e-05,115.825403757
7.44140625e-05,115.868336571
7.443359375e-05,115.909763579
7.4453125e-05,115.949694205
7.447265625e-05,115.98813762
7.44921875e-05,116.025102737
7.451171875e-05,116.060598202
7.453125e-05,116.094632386
7.455078125e-05,116.127213383
7.45703125e-05,116.158349002
7.458984375e-05,116.188046761
7.4609375e-05,116.216313883
7.462890625e-05,116.243157288
7.46484375e-05,116.268583591
7.466796875e-05,116.292599095
7.46875e-05,116.315209788
7.470703125e-05,116.336421341
7.47265625e-05,116.356239097
7.474609375e-05,116.374668075
7.4765625e-05,116.39171296
7.478515625e-05,116.407378107
7.48046875e-05,116.421667531
7.482421875e-05,116.434584907
7.484375e-05,116.446133569
7.486328125e-05,116.456316505
7.48828125e-05,116.465136358
7.490234375e-05,116.47259542
7.4921875e-05,116.478695635
7.494140625e-05,116.483438593
7.49609375e-05,116.486825535
7.498046875e-05,116.488857346
7.5e-05,116.489534557
7.501953125e-05,116.488857346
7.50390625e-05,116.486825535
7.505859375e-05,116.483438593
7.5078125e-05,116.478695635
7.509765625e-05,116.47259542
7.51171875e-05,116.465136358
7.513671875e-05,116.456316505
7.515625e-05,116.446133569
7.517578125e-05,116.434584907
7.51953125e-05,116.421667531
7.521484375e-05,116.407378107
7.5234375e-05,116.39171296
7.525390625e-05,116.374668075
7.52734375e-05,116.356239097
7.529296875e-05,116.336421341
7.53125e-05,116.315209788
7.533203125e-05,116.292599095
7.53515625e-05,116.268583591
7.537109375e-05,116.243157288
7.5390625e-05,116.216313883
7.541015625e-05,116.188046761
7.54296875e-05,116.158349002
7.544921875e-05,116.127213383
7.546875e-05,116.094632386
7.548828125e-05,116.060598202
7.55078125e-05,116.025102737
7.552734375e-05,115.98813762
7.5546875e-05,115.949694205
7.556640625e-05,115.909763579
7.55859375e-05,115.868336571
7.560546875e-05,115.825403757
7.5625e-05,115.780955467
7.564453125e-05,115.734981792
7.56640625e-05,115.687472593
7.568359375e-05,115.638417509
7.5703125e-05,115.587805963
7.572265625e-05,115.535627173
7.57421875e-05,115.481870157
7.576171875e-05,115.426523746
7.578125e-05,115.369576592
7.580078125e-05,115.311017173
7.58203125e-05,115.250833811
7.583984375e-05,115.189014672
7.5859375e-05,115.125547784
7.587890625e-05,115.060421043
7.58984375e-05,114.993622224
7.591796875e-05,114.925138993
7.59375e-05,114.854958919
7.595703125e-05,114.78306948
7.59765625e-05,114.709458079
7.599609375e-05,114.634112056
7.6015625e-05,114.557018696
7.603515625e-05,114.478165246
7.60546875e-05,114.397538922
7.607421875e-05,114.315126925
7.609375e-05,114.230916453
7.611328125e-05,114.144894714
7.61328125e-05,114.057048938
7.615234375e-05,113.967366392
7.6171875e-05,113.875834392
7.619140625e-05,113.782440316
7.62109375e-05,113.687171623
7.623046875e-05,113.590015859
7.625e-05,113.490960678
7.626953125e-05,113.389993854
7.62890625e-05,113.287103294
7.630859375e-05,113.182277055
7.6328125e-05,113.075503359
7.634765625e-05,112.966770607
7.63671875e-05,112.856067394
7.638671875e-05,112.743382525
7.640625e-05,112.628705031
7.642578125e-05,112.512024183
7.64453125e-05,112.393329511
7.646484375e-05,112.272610815
7.6484375e-05,112.149858185
7.650390625e-05,112.025062015
7.65234375e-05,111.898213023
7.654296875e-05,111.769302259
7.65625e-05,111.638321131
7.658203125e-05,111.505261416
7.66015625e-05,111.370115275
7.662109375e-05,111.232875275
7.6640625e-05,111.093534401
7.666015625e-05,110.952086075
7.66796875e-05,110.808524171
7.669921875e-05,110.662843033
7.671875e-05,110.515037491
7.673828125e-05,110.365102876
7.67578125e-05,110.213035041
7.677734375e-05,110.058830373
7.6796875e-05,109.902485813
7.681640625e-05,109.743998869
7.68359375e-05,109.583367636
7.685546875e-05,109.420590809
7.6875e-05,109.255667702
7.689453125e-05,109.088598264
7.69140625e-05,108.919383093
7.693359375e-05,108.748023453
7.6953125e-05,108.574521289
7.697265625e-05,108.398879246
7.69921875e-05,108.221100681
7.701171875e-05,108.041189677
7.703125e-05,107.859151064
7.705078125e-05,107.674990427
7.70703125e-05,107.488714126
7.708984375e-05,107.300329309
7.7109375e-05,107.109843922
7.712890625e-05,106.917266731
7.71484375e-05,106.722607328
7.716796875e-05,106.525876148
7.71875e-05,106.327084484
7.720703125e-05,106.126244494
7.72265625e-05,105.923369219
7.724609375e-05,105.718472593
7.7265625e-05,105.511569452
7.728515625e-05,105.30267555
7.73046875e-05,105.091807568
7.732421875e-05,104.878983124
7.734375e-05,104.664220783
7.736328125e-05,104.447540066
7.73828125e-05,104.228961464
7.740234375e-05,104.008506438
7.7421875e-05,103.786197438
7.744140625e-05,103.5620579
7.74609375e-05,103.336112263
7.748046875e-05,103.108385967
7.75e-05,102.878905466
7.751953125e-05,102.647698232
7.75390625e-05,102.414792756
7.755859375e-05,102.180218559
7.7578125e-05,101.944006191
7.759765625e-05,101.706187237
7.76171875e-05,101.466794319
7.763671875e-05,101.225861097
7.765625e-05,100.983422273
7.767578125e-05,100.739513589
7.76953125e-05,100.49417183
7.771484375e-05,100.247434821
7.7734375e-05,99.9993414276
7.775390625e-05,99.7499315536
7.77734375e-05,99.4992461385
7.779296875e-05,99.2473271539
7.78125e-05,98.9942176003
7.783203125e-05,98.7399615018
7.78515625e-05,98.4846039011
7.787109375e-05,98.2281908531
7.7890625e-05,97.9707694182
7.791015625e-05,97.7123876546
7.79296875e-05,97.4530946101
7.794921875e-05,97.1929403128
7.796875e-05,96.9319757611
7.798828125e-05,96.6702529134
7.80078125e-05,96.4078246765
7.802734375e-05,96.1447448932
7.8046875e-05,95.8810683295
7.806640625e-05,95.6168506612
7.80859375e-05,95.3521484588
7.810546875e-05,95.0870191726
7.8125e-05,94.8215211163
7.814453125e-05,94.5557134506
7.81640625e-05,94.2896561654
7.818359375e-05,94.0234100612
7.8203125e-05,93.7570367305
7.822265625e-05,93.4905985373
7.82421875e-05,93.224158597
7.826171875e-05,92.9577807545
7.828125e-05,92.6915295627
7.830078125e-05,92.4254702591
7.83203125e-05,92.1596687425
7.833984375e-05,91.8941915485
7.8359375e-05,91.6291058248
7.837890625e-05,91.3644793053
7.83984375e-05,91.1003802837
7.841796875e-05,90.8368775867
7.84375e-05,90.5740405459
7.845703125e-05,90.31193897
7.84765625e-05,90.0506431152
7.849609375e-05,89.7902236561
7.8515625e-05,89.5307516554
7.853515625e-05,89.2722985328
7.85546875e-05,89.0149360343
7.857421875e-05,88.7587361996
7.859375e-05,88.5037713303
7.861328125e-05,88.2501139567
7.86328125e-05,87.9978368043
7.865234375e-05,87.7470127602
7.8671875e-05,87.4977148384
7.869140625e-05,87.2500161455
7.87109375e-05,87.0039898452
7.873046875e-05,86.759709123
7.875e-05,86.5172471501
7.876953125e-05,86.2766770475
7.87890625e-05,86.0380718491
7.880859375e-05,85.8015044652
7.8828125e-05,85.5670476452
7.884765625e-05,85.3347739406
7.88671875e-05,85.1047556673
7.888671875e-05,84.8770648681
7.890625e-05,84.6517732746
7.892578125e-05,84.4289522698
7.89453125e-05,84.2086728496
7.896484375e-05,83.9910055848
7.8984375e-05,83.7760205833
7.900390625e-05,83.5637874517
7.90234375e-05,83.3543752575
7.904296875e-05,83.1478524907
7.90625e-05,82.9442870261
7.908203125e-05,82.7437460855
7.91015625e-05,82.5462962
7.912109375e-05,82.3520031725
7.9140625e-05,82.1609320405
7.916015625e-05,81.9731470386
7.91796875e-05,81.7887115626
7.919921875e-05,81.6076881322
7.921875e-05,81.4301383553
7.923828125e-05,81.256122892
7.92578125e-05,81.0857014193
7.927734375e-05,80.9189325963
7.9296875e-05,80.7558740292
7.931640625e-05,80.5965822379
7.93359375e-05,80.4411126218
7.935546875e-05,80.2895194272
7.9375e-05,80.141855715
7.939453125e-05,79.9981733283
7.94140625e-05,79.8585228617
7.943359375e-05,79.7229536307
7.9453125e-05,79.5915136412
7.947265625e-05,79.4642495614
7.94921875e-05,79.3412066921
7.951171875e-05,79.22242894
7.953125e-05,79.1079587902
7.955078125e-05,78.9978372803
7.95703125e-05,78.892103975
7.958984375e-05,78.7907969416
7.9609375e-05,78.6939527268
7.962890625e-05,78.6016063333
7.96484375e-05,78.5137911987
7.966796875e-05,78.4305391744
7.96875e-05,78.3518805054
7.970703125e-05,78.277843812
7.97265625e-05,78.2084560713
7.974609375e-05,78.1437426006
7.9765625e-05,78.0837270412
7.978515625e-05,78.0284313438
7.98046875e-05,77.9778757545
7.982421875e-05,77.9320788022
7.984375e-05,77.8910572864
7.986328125e-05,77.8548262672
7.98828125e-05,77.8233990555
7.990234375e-05,77.7967872043
7.9921875e-05,77.775000502
7.994140625e-05,77.7580469654
7.99609375e-05,77.7459328354
7.998046875e-05,77.7386625724
8e-05,77.7362388538
8.001953125e-05,77.7386625724
8.00390625e-05,77.7459328354
8.005859375e-05,77.7580469654
8.0078125e-05,77.775000502
8.009765625e-05,77.7967872043
8.01171875e-05,77.8233990555
8.013671875e-05,77.8548262672
8.015625e-05,77.8910572864
8.017578125e-05,77.9320788022
8.01953125e-05,77.9778757545
8.021484375e-05,78.0284313438
8.0234375e-05,78.0837270412
8.025390625e-05,78.1437426006
8.02734375e-05,78.2084560713
8.029296875e-05,78.277843812
8.03125e-05,78.3518805054
8.033203125e-05,78.4305391744
8.03515625e-05,78.5137911987
8.037109375e-05,78.6016063333
8.0390625e-05,78.6939527268
8.041015625e-05,78.7907969416
8.04296875e-05,78.892103975
8.044921875e-05,78.9978372803
8.046875e-05,79.1079587902
8.048828125e-05,79.22242894
8.05078125e-05,79.3412066921
8.052734375e-05,79.4642495614
8.0546875e-05,79.5915136412
8.056640625e-05,79.7229536307
8.05859375e-05,79.8585228617
8.060546875e-05,79.9981733283
8.0625e-05,80.141855715
8.064453125e-05,80.2895194272
8.06640625e-05,80.4411126218
8.068359375e-05,80.5965822379
8.0703125e-05,80.7558740292
8.072265625e-05,80.9189325963
8.07421875e-05,81.0857014193
8.076171875e-05,81.256122892
8.078125e-05,81.4301383553
8.080078125e-05,81.6076881322
8.08203125e-05,81.7887115626
8.083984375e-05,81.9731470386
8.0859375e-05,82.1609320405
8.087890625e-05,82.3520031725
8.08984375e-05,82.5462962
8.091796875e-05,82.7437460855
8.09375e-05,82.9442870261
8.095703125e-05,83.1478524907
8.09765625e-05,83.3543752575
8.099609375e-05,83.5637874517
8.1015625e-05,83.7760205833
8.103515625e-05,83.9910055848
8.10546875e-05,84.2086728496
8.107421875e-05,84.4289522698
8.109375e-05,84.6517732746
8.111328125e-05,84.8770648681
8.11328125e-05,85.1047556673
8.115234375e-05,85.3347739406
8.1171875e-05,85.5670476452
8.119140625e-05,85.8015044652
8.12109375e-05,86.0380718491
8.123046875e-05,86.2766770475
8.125e-05,86.5172471501
8.126953125e-05,86.759709123
8.12890625e-05,87.0039898452
8.130859375e-05,87.2500161455
8.1328125e-05,87.4977148384
8.134765625e-05,87.7470127602
8.13671875e-05,87.9978368043
8.138671875e-05,88.2501139567
8.140625e-05,88.5037713303
8.142578125e-05,88.7587361996
8.14453125e-05,89.0149360343
8.146484375e-05,89.2722985328
8.1484375e-05,89.5307516554
8.150390625e-05,89.7902236561
8.15234375e-05,90.0506431152
8.154296875e-05,90.31193897
8.15625e-05,90.5740405459
8.158203125e-05,90.8368775867
8.16015625e-05,91.1003802837
8.162109375e-05,91.3644793053
8.1640625e-05,91.6291058248
8.166015625e-05,91.8941915485
8.16796875e-05,92.1596687425
8.169921875e-05,92.4254702591
8.171875e-05,92.6915295627
8.173828125e-05,92.9577807545
8.17578125e-05,93.224158597
8.177734375e-05,93.4905985373
8.1796875e-05,93.7570367305
8.181640625e-05,94.0234100612
8.18359375e-05,94.2896561654
8.185546875e-05,94.5557134506
8.1875e-05,94.8215211163
8.189453125e-05,95.0870191726
8.19140625e-05,95.3521484588
8.193359375e-05,95.6168506612
8.1953125e-05,95.8810683295
8.197265625e-05,96.1447448932
8.19921875e-05,96.4078246765
8.201171875e-05,96.6702529134
8.203125e-05,96.9319757611
8.205078125e-05,97.1929403128
8.20703125e-05,97.4530946101
8.208984375e-05,97.7123876546
8.2109375e-05,97.9707694182
8.212890625e-05,98.2281908531
8.21484375e-05,98.4846039011
8.216796875e-05,98.7399615018
8.21875e-05,98.9942176003
8.220703125e-05,99.2473271539
8.22265625e-05,99.4992461385
8.224609375e-05,99.7499315536
8.2265625e-05,99.9993414276
8.228515625e-05,100.247434821
8.23046875e-05,100.49417183
8.232421875e-05,100.739513589
8.234375e-05,100.983422273
8.236328125e-05,101.225861097
8.23828125e-05,101.466794319
8.240234375e-05,101.706187237
8.2421875e-05,101.944006191
8.244140625e-05,102.180218559
8.24609375e-05,102.414792756
8.248046875e-05,102.647698232
8.25e-05,102.878905466
8.251953125e-05,103.108385967
8.25390625e-05,103.336112263
8.255859375e-05,103.5620579
8.2578125e-05,103.786197438
8.259765625e-05,104.008506438
8.26171875e-05,104.228961464
8.263671875e-05,104.447540066
8.265625e-05,104.664220783
8.267578125e-05,104.878983124
8.26953125e-05,105.091807568
8.271484375e-05,105.30267555
8.2734375e-05,105.511569452
8.275390625e-05,105.718472593
8.27734375e-05,105.923369219
8.279296875e-05,106.126244494
8.28125e-05,106.327084484
8.283203125e-05,106.525876148
8.28515625e-05,106.722607328
8.287109375e-05,106.917266731
8.2890625e-05,107.109843922
8.291015625e-05,107.300329309
8.29296875e-05,107.488714126
8.294921875e-05,107.674990427
8.296875e-05,107.859151064
8.298828125e-05,108.041189677
8.30078125e-05,108.221100681
8.302734375e-05,108.398879246
8.3046875e-05,108.574521289
8.306640625e-05,108.748023453
8.30859375e-05,108.919383093
8.310546875e-05,109.088598264
8.3125e-05,109.255667702
8.314453125e-05,109.420590809
8.31640625e-05,109.583367636
8.318359375e-05,109.743998869
8.3203125e-05,109.902485813
8.322265625e-05,110.058830373
8.32421875e-05,110.213035041
8.326171875e-05,110.365102876
8.328125e-05,110.515037491
8.330078125e-05,110.662843033
8.33203125e-05,110.808524171
8.333984375e-05,110.952086075
8.3359375e-05,111.093534401
8.337890625e-05,111.232875275
8.33984375e-05,111.370115275
8.341796875e-05,111.505261416
8.34375e-05,111.638321131
8.345703125e-05,111.769302259
8.34765625e-05,111.898213023
8.349609375e-05,112.025062015
8.3515625e-05,112.149858185
8.353515625e-05,112.272610815
8.35546875e-05,112.393329511
8.357421875e-05,112.512024183
8.359375e-05,112.628705031
8.361328125e-05,112.743382525
8.36328125e-05,112.856067394
8.365234375e-05,112.966770607
8.3671875e-05,113.075503359
8.369140625e-05,113.182277055
8.37109375e-05,113.287103294
8.373046875e-05,113.389993854
8.375e-05,113.490960678
8.376953125e-05,113.590015859
8.37890625e-05,113.687171623
8.380859375e-05,113.782440316
8.3828125e-05,113.875834392
8.384765625e-05,113.967366392
8.38671875e-05,114.057048938
8.388671875e-05,114.144894714
8.390625e-05,114.230916453
8.392578125e-05,114.315126925
8.39453125e-05,114.397538922
8.396484375e-05,114.478165246
8.3984375e-05,114.557018696
8.400390625e-05,114.634112056
8.40234375e-05,114.709458079
8.404296875e-05,114.78306948
8.40625e-05,114.854958919
8.408203125e-05,114.925138993
8.41015625e-05,114.993622224
8.412109375e-05,115.060421043
8.4140625e-05,115.125547784
8.416015625e-05,115.189014672
8.41796875e-05,115.250833811
8.419921875e-05,115.311017173
8.421875e-05,115.369576592
8.423828125e-05,115.426523746
8.42578125e-05,115.481870157
8.427734375e-05,115.535627173
8.4296875e-05,115.587805963
8.431640625e-05,115.638417509
8.43359375e-05,115.687472593
8.435546875e-05,115.734981792
8.4375e-05,115.780955467
8.439453125e-05,115.825403757
8.44140625e-05,115.868336571
8.443359375e-05,115.909763579
8.4453125e-05,115.949694205
8.447265625e-05,115.98813762
8.44921875e-05,116.025102737
8.451171875e-05,116.060598202
8.453125e-05,116.094632386
8.455078125e-05,116.127213383
8.45703125e-05,116.158349002
8.458984375e-05,116.188046761
8.4609375e-05,116.216313883
8.462890625e-05,116.243157288
8.46484375e-05,116.268583591
8.466796875e-05,116.292599095
8.46875e-05,116.315209788
8.470703125e-05,116.336421341
8.47265625e-05,116.356239097
8.474609375e-05,116.374668075
8.4765625e-05,116.39171296
8.478515625e-05,116.407378107
8.48046875e-05,116.421667531
8.482421875e-05,116.434584907
8.484375e-05,116.446133569
8.486328125e-05,116.456316505
8.48828125e-05,116.465136358
8.490234375e-05,116.47259542
8.4921875e-05,116.478695635
8.494140625e-05,116.483438593
8.49609375e-05,116.486825535
8.498046875e-05,116.488857346
8.5e-05,116.489534557
8.501953125e-05,116.488857346
8.50390625e-05,116.486825535
8.505859375e-05,116.483438593
8.5078125e-05,116.478695635
8.509765625e-05,116.47259542
8.51171875e-05,116.465136358
8.513671875e-05,116.456316505
8.515625e-05,116.446133569
8.517578125e-05,116.434584907
8.51953125e-05,116.421667531
8.521484375e-05,116.407378107
8.5234375e-05,116.39171296
8.525390625e-05,116.374668075
8.52734375e-05,116.356239097
8.529296875e-05,116.336421341
8.53125e-05,116.315209788
8.533203125e-05,116.292599095
8.53515625e-05,116.268583591
8.537109375e-05,116.243157288
8.5390625e-05,116.216313883
8.541015625e-05,116.188046761
8.54296875e-05,116.158349002
8.544921875e-05,116.127213383
8.546875e-05,116.094632386
8.548828125e-05,116.060598202
8.55078125e-05,116.025102737
8.552734375e-05,115.98813762
8.5546875e-05,115.949694205
8.556640625e-05,115.909763579
8.55859375e-05,115.868336571
8.560546875e-05,115.825403757
8.5625e-05,115.780955467
8.564453125e-05,115.734981792
8.56640625e-05,115.687472593
8.568359375e-05,115.638417509
8.5703125e-05,115.587805963
8.572265625e-05,115.535627173
8.57421875e-05,115.481870157
8.576171875e-05,115.426523746
8.578125e-05,115.369576592
8.580078125e-05,115.311017173
8.58203125e-05,115.250833811
8.583984375e-05,115.189014672
8.5859375e-05,115.125547784
8.587890625e-05,115.060421043
8.58984375e-05,114.993622224
8.591796875e-05,114.925138993
8.59375e-05,114.854958919
8.595703125e-05,114.78306948
8.59765625e-05,114.709458079
8.599609375e-05,114.634112056
8.6015625e-05,114.557018696
8.603515625e-05,114.478165246
8.60546875e-05,114.397538922
8.607421875e-05,114.315126925
8.609375e-05,114.230916453
8.611328125e-05,114.144894714
8.61328125e-05,114.057048938
8.615234375e-05,113.967366392
8.6171875e-05,113.875834392
8.619140625e-05,113.782440316
8.62109375e-05,113.687171623
8.623046875e-05,113.590015859
8.625e-05,113.490960678
8.626953125e-05,113.389993854
8.62890625e-05,113.287103294
8.630859375e-05,113.182277055
8.6328125e-05,113.075503359
8.634765625e-05,112.966770607
8.63671875e-05,112.856067394
8.638671875e-05,112.743382525
8.640625e-05,112.628705031
8.642578125e-05,112.512024183
8.64453125e-05,112.393329511
8.646484375e-05,112.272610815
8.6484375e-05,112.149858185
8.650390625e-05,112.025062015
8.65234375e-05,111.898213023
8.654296875e-05,111.769302259
8.65625e-05,111.638321131
8.658203125e-05,111.505261416
8.66015625e-05,111.370115275
8.662109375e-05,111.232875275
8.6640625e-05,111.093534401
8.666015625e-05,110.952086075
8.66796875e-05,110.808524171
8.669921875e-05,110.662843033
8.671875e-05,110.515037491
8.673828125e-05,110.365102876
8.67578125e-05,110.213035041
8.677734375e-05,110.058830373
8.6796875e-05,109.902485813
8.681640625e-05,109.743998869
8.68359375e-05,109.583367636
8.685546875e-05,109.420590809
8.6875e-05,109.255667702
8.689453125e-05,109.088598264
8.69140625e-05,108.919383093
8.693359375e-05,108.748023453
8.6953125e-05,108.574521289
8.697265625e-05,108.398879246
8.69921875e-05,108.221100681
8.701171875e-05,108.041189677
8.703125e-05,107.859151064
8.705078125e-05,107.674990427
8.70703125e-05,107.488714126
8.708984375e-05,107.300329309
8.7109375e-05,107.109843922
8.712890625e-05,106.917266731
8.71484375e-05,106.722607328
8.716796875e-05,106.525876148
8.71875e-05,106.327084484
8.720703125e-05,106.126244494
8.72265625e-05,105.923369219
8.724609375e-05,105.718472593
8.7265625e-05,105.511569452
8.728515625e-05,105.30267555
8.73046875e-05,105.091807568
8.732421875e-05,104.878983124
8.734375e-05,104.664220783
8.736328125e-05,104.447540066
8.73828125e-05,104.228961464
8.740234375e-05,104.008506438
8.7421875e-05,103.786197438
8.744140625e-05,103.5620579
8.74609375e-05,103.336112263
8.748046875e-05,103.108385967
8.75e-05,102.878905466
8.751953125e-05,102.647698232
8.75390625e-05,102.414792756
8.755859375e-05,102.180218559
8.7578125e-05,101.944006191
8.759765625e-05,101.706187237
8.76171875e-05,101.466794319
8.763671875e-05,101.225861097
8.765625e-05,100.983422273
8.767578125e-05,100.739513589
8.76953125e-05,100.49417183
8.771484375e-05,100.247434821
8.7734375e-05,99.9993414276
8.775390625e-05,99.7499315536
8.77734375e-05,99.4992461385
8.779296875e-05,99.2473271539
8.78125e-05,98.9942176003
8.783203125e-05,98.7399615018
8.78515625e-05,98.4846039011
8.787109375e-05,98.2281908531
8.7890625e-05,97.9707694182
8.791015625e-05,97.7123876546
8.79296875e-05,97.4530946101
8.794921875e-05,97.1929403128
8.796875e-05,96.9319757611
8.798828125e-05,96.6702529134
8.80078125e-05,96.4078246765
8.802734375e-05,96.1447448932
8.8046875e-05,95.8810683295
8.806640625e-05,95.6168506612
8.80859375e-05,95.3521484588
8.810546875e-05,95.0870191726
8.8125e-05,94.8215211163
8.814453125e-05,94.5557134506
8.81640625e-05,94.2896561654
8.818359375e-05,94.0234100612
8.8203125e-05,93.7570367305
8.822265625e-05,93.4905985373
8.82421875e-05,93.224158597
8.826171875e-05,92.9577807545
8.828125e-05,92.6915295627
8.830078125e-05,92.4254702591
8.83203125e-05,92.1596687425
8.833984375e-05,91.8941915485
8.8359375e-05,91.6291058248
8.837890625e-05,91.3644793053
8.83984375e-05,91.1003802837
8.841796875e-05,90.8368775867
8.84375e-05,90.5740405459
8.845703125e-05,90.31193897
8.84765625e-05,90.0506431152
8.849609375e-05,89.7902236561
8.8515625e-05,89.5307516554
8.853515625e-05,89.2722985328
8.85546875e-05,89.0149360343
8.857421875e-05,88.7587361996
8.859375e-05,88.5037713303
8.861328125e-05,88.2501139567
8.86328125e-05,87.9978368043
8.865234375e-05,87.7470127602
8.8671875e-05,87.4977148384
8.869140625e-05,87.2500161455
8.87109375e-05,87.0039898452
8.873046875e-05,86.759709123
8.875e-05,86.5172471501
8.876953125e-05,86.2766770475
8.87890625e-05,86.0380718491
8.880859375e-05,85.8015044652
8.8828125e-05,85.5670476452
8.884765625e-05,85.3347739406
8.88671875e-05,85.1047556673
8.888671875e-05,84.8770648681
8.890625e-05,84.6517732746
8.892578125e-05,84.4289522698
8.89453125e-05,84.2086728496
8.896484375e-05,83.9910055848
8.8984375e-05,83.7760205833
8.900390625e-05,83.5637874517
8.90234375e-05,83.3543752575
8.904296875e-05,83.1478524907
8.90625e-05,82.9442870261
8.908203125e-05,82.7437460855
8.91015625e-05,82.5462962
8.912109375e-05,82.3520031725
8.9140625e-05,82.1609320405
8.916015625e-05,81.9731470386
8.91796875e-05,81.7887115626
8.919921875e-05,81.6076881322
8.921875e-05,81.4301383553
8.923828125e-05,81.256122892
8.92578125e-05,81.0857014193
8.927734375e-05,80.9189325963
8.9296875e-05,80.7558740292
8.931640625e-05,80.5965822379
8.93359375e-05,80.4411126218
8.935546875e-05,80.2895194272
8.9375e-05,80.141855715
8.939453125e-05,79.9981733283
8.94140625e-05,79.8585228617
8.943359375e-05,79.7229536307
8.9453125e-05,79.5915136412
8.947265625e-05,79.4642495614
8.94921875e-05,79.3412066921
8.951171875e-05,79.22242894
8.953125e-05,79.1079587902
8.955078125e-05,78.9978372803
8.95703125e-05,78.892103975
8.958984375e-05,78.7907969416
8.9609375e-05,78.6939527268
8.962890625e-05,78.6016063333
8.96484375e-05,78.5137911987
8.966796875e-05,78.4305391744
8.96875e-05,78.3518805054
8.970703125e-05,78.277843812
8.97265625e-05,78.2084560713
8.974609375e-05,78.1437426006
8.9765625e-05,78.0837270412
8.978515625e-05,78.0284313438
8.98046875e-05,77.9778757545
8.982421875e-05,77.9320788022
8.984375e-05,77.8910572864
8.986328125e-05,77.8548262672
8.98828125e-05,77.8233990555
8.990234375e-05,77.7967872043
8.9921875e-05,77.775000502
8.994140625e-05,77.7580469654
8.99609375e-05,77.7459328354
8.998046875e-05,77.7386625724
9e-05,77.7362388538
9.001953125e-05,77.7386625724
9.00390625e-05,77.7459328354
9.005859375e-05,77.7580469654
9.0078125e-05,77.775000502
9.009765625e-05,77.7967872043
9.01171875e-05,77.8233990555
9.013671875e-05,77.8548262672
9.015625e-05,77.8910572864
9.017578125e-05,77.9320788022
9.01953125e-05,77.9778757545
9.021484375e-05,78.0284313438
9.0234375e-05,78.0837270412
9.025390625e-05,78.1437426006
9.02734375e-05,78.2084560713
9.029296875e-05,78.277843812
9.03125e-05,78.3518805054
9.033203125e-05,78.4305391744
9.03515625e-05,78.5137911987
9.037109375e-05,78.6016063333
9.0390625e-05,78.6939527268
9.041015625e-05,78.7907969416
9.04296875e-05,78.892103975
9.044921875e-05,78.9978372803
9.046875e-05,79.1079587902
9.048828125e-05,79.22242894
9.05078125e-05,79.3412066921
9.052734375e-05,79.4642495614
9.0546875e-05,79.5915136412
9.056640625e-05,79.7229536307
9.05859375e-05,79.8585228617
9.060546875e-05,79.9981733283
9.0625e-05,80.141855715
9.064453125e-05,80.2895194272
9.06640625e-05,80.4411126218
9.068359375e-05,80.5965822379
9.0703125e-05,80.7558740292
9.072265625e-05,80.9189325963
9.07421875e-05,81.0857014193
9.076171875e-05,81.256122892
9.078125e-05,81.4301383553
9.080078125e-05,81.6076881322
9.08203125e-05,81.7887115626
9.083984375e-05,81.9731470386
9.0859375e-05,82.1609320405
9.087890625e-05,82.3520031725
9.08984375e-05,82.5462962
9.091796875e-05,82.7437460855
9.09375e-05,82.9442870261
9.095703125e-05,83.1478524907
9.09765625e-05,83.3543752575
9.099609375e-05,83.5637874517
9.1015625e-05,83.7760205833
9.103515625e-05,83.9910055848
9.10546875e-05,84.2086728496
9.107421875e-05,84.4289522698
9.109375e-05,84.6517732746
9.111328125e-05,84.8770648681
9.11328125e-05,85.1047556673
9.115234375e-05,85.3347739406
9.1171875e-05,85.5670476452
9.119140625e-05,85.8015044652
9.12109375e-05,86.0380718491
9.123046875e-05,86.2766770475
9.125e-05,86.5172471501
9.126953125e-05,86.759709123
9.12890625e-05,87.0039898452
9.130859375e-05,87.2500161455
9.1328125e-05,87.4977148384
9.134765625e-05,87.7470127602
9.13671875e-05,87.9978368043
9.138671875e-05,88.2501139567
9.140625e-05,88.5037713303
9.142578125e-05,88.7587361996
9.14453125e-05,89.0149360343
9.146484375e-05,89.2722985328
9.1484375e-05,89.5307516554
9.150390625e-05,89.7902236561
9.15234375e-05,90.0506431152
9.154296875e-05,90.31193897
9.15625e-05,90.5740405459
9.158203125e-05,90.8368775867
9.16015625e-05,91.1003802837
9.162109375e-05,91.3644793053
9.1640625e-05,91.6291058248
9.166015625e-05,91.8941915485
9.16796875e-05,92.1596687425
9.169921875e-05,92.4254702591
9.171875e-05,92.6915295627
9.173828125e-05,92.9577807545
9.17578125e-05,93.224158597
9.177734375e-05,93.4905985373
9.1796875e-05,93.7570367305
9.181640625e-05,94.0234100612
9.18359375e-05,94.2896561654
9.185546875e-05,94.5557134506
9.1875e-05,94.8215211163
9.189453125e-05,95.0870191726
9.19140625e-05,95.3521484588
9.193359375e-05,95.6168506612
9.1953125e-05,95.8810683295
9.197265625e-05,96.1447448932
9.19921875e-05,96.4078246765
9.201171875e-05,96.6702529134
9.203125e-05,96.9319757611
9.205078125e-05,97.1929403128
9.20703125e-05,97.4530946101
9.208984375e-05,97.7123876546
9.2109375e-05,97.9707694182
9.212890625e-05,98.2281908531
9.21484375e-05,98.4846039011
9.216796875e-05,98.7399615018
9.21875e-05,98.9942176003
9.220703125e-05,99.2473271539
9.22265625e-05,99.4992461385
9.224609375e-05,99.7499315536
9.2265625e-05,99.9993414276
9.228515625e-05,100.247434821
9.23046875e-05,100.49417183
9.232421875e-05,100.739513589
9.234375e-05,100.983422273
9.236328125e-05,101.225861097
9.23828125e-05,101.466794319
9.240234375e-05,101.706187237
9.2421875e-05,101.944006191
9.244140625e-05,102.180218559
9.24609375e-05,102.414792756
9.248046875e-05,102.647698232
9.25e-05,102.878905466
9.251953125e-05,103.108385967
9.25390625e-05,103.336112263
9.255859375e-05,103.5620579
9.2578125e-05,103.786197438
9.259765625e-05,104.008506438
9.26171875e-05,104.228961464
9.263671875e-05,104.447540066
9.265625e-05,104.664220783
9.267578125e-05,104.878983124
9.26953125e-05,105.091807568
9.271484375e-05,105.30267555
9.2734375e-05,105.511569452
9.275390625e-05,105.718472593
9.27734375e-05,105.923369219
9.279296875e-05,106.126244494
9.28125e-05,106.327084484
9.283203125e-05,106.525876148
9.28515625e-05,106.722607328
9.287109375e-05,106.917266731
9.2890625e-05,107.109843922
9.291015625e-05,107.300329309
9.29296875e-05,107.488714126
9.294921875e-05,107.674990427
9.296875e-05,107.859151064
9.298828125e-05,108.041189677
9.30078125e-05,108.221100681
9.302734375e-05,108.398879246
9.3046875e-05,108.574521289
9.306640625e-05,108.748023453
9.30859375e-05,108.919383093
9.310546875e-05,109.088598264
9.3125e-05,109.255667702
9.314453125e-05,109.420590809
9.31640625e-05,109.583367636
9.318359375e-05,109.743998869
9.3203125e-05,109.902485813
9.322265625e-05,110.058830373
9.32421875e-05,110.213035041
9.326171875e-05,110.365102876
9.328125e-05,110.515037491
9.330078125e-05,110.662843033
9.33203125e-05,110.808524171
9.333984375e-05,110.952086075
9.3359375e-05,111.093534401
9.337890625e-05,111.232875275
9.33984375e-05,111.370115275
9.341796875e-05,111.505261416
9.34375e-05,111.638321131
9.345703125e-05,111.769302259
9.34765625e-05,111.898213023
9.349609375e-05,112.025062015
9.3515625e-05,112.149858185
9.353515625e-05,112.272610815
9.35546875e-05,112.393329511
9.357421875e-05,112.512024183
9.359375e-05,112.628705031
9.361328125e-05,112.743382525
9.36328125e-05,112.856067394
9.365234375e-05,112.966770607
9.3671875e-05,113.075503359
9.369140625e-05,113.182277055
9.37109375e-05,113.287103294
9.373046875e-05,113.389993854
9.375e-05,113.490960678
9.376953125e-05,113.590015859
9.37890625e-05,113.687171623
9.380859375e-05,113.782440316
9.3828125e-05,113.875834392
9.384765625e-05,113.967366392
9.38671875e-05,114.057048938
9.388671875e-05,114.144894714
9.390625e-05,114.230916453
9.392578125e-05,114.315126925
9.39453125e-05,114.397538922
9.396484375e-05,114.478165246
9.3984375e-05,114.557018696
9.400390625e-05,114.634112056
9.40234375e-05,114.709458079
9.404296875e-05,114.78306948
9.40625e-05,114.854958919
9.408203125e-05,114.925138993
9.41015625e-05,114.993622224
9.412109375e-05,115.060421043
9.4140625e-05,115.125547784
9.416015625e-05,115.189014672
9.41796875e-05,115.250833811
9.419921875e-05,115.311017173
9.421875e-05,115.369576592
9.423828125e-05,115.426523746
9.42578125e-05,115.481870157
9.427734375e-05,115.535627173
9.4296875e-05,115.587805963
9.431640625e-05,115.638417509
9.43359375e-05,115.687472593
9.435546875e-05,115.734981792
9.4375e-05,115.780955467
9.439453125e-05,115.825403757
9.44140625e-05,115.868336571
9.443359375e-05,115.909763579
9.4453125e-05,115.949694205
9.447265625e-05,115.98813762
9.44921875e-05,116.025102737
9.451171875e-05,116.060598202
9.453125e-05,116.094632386
9.455078125e-05,116.127213383
9.45703125e-05,116.158349002
9.458984375e-05,116.188046761
9.4609375e-05,116.216313883
9.462890625e-05,116.243157288
9.46484375e-05,116.268583591
9.466796875e-05,116.292599095
9.46875e-05,116.315209788
9.470703125e-05,116.336421341
9.47265625e-05,116.356239097
9.474609375e-05,116.374668075
9.4765625e-05,116.39171296
9.478515625e-05,116.407378107
9.48046875e-05,116.421667531
9.482421875e-05,116.434584907
9.484375e-05,116.446133569
9.486328125e-05,116.456316505
9.48828125e-05,116.465136358
9.490234375e-05,116.47259542
9.4921875e-05,116.478695635
9.494140625e-05,116.483438593
9.49609375e-05,116.486825535
9.498046875e-05,116.488857346
9.5e-05,116.489534557
9.501953125e-05,116.488857346
9.50390625e-05,116.486825535
9.505859375e-05,116.483438593
9.5078125e-05,116.478695635
9.509765625e-05,116.47259542
9.51171875e-05,116.465136358
9.513671875e-05,116.456316505
9.515625e-05,116.446133569
9.517578125e-05,116.434584907
9.51953125e-05,116.421667531
9.521484375e-05,116.407378107
9.5234375e-05,116.39171296
9.525390625e-05,116.374668075
9.52734375e-05,116.356239097
9.529296875e-05,116.336421341
9.53125e-05,116.315209788
9.533203125e-05,116.292599095
9.53515625e-05,116.268583591
9.537109375e-05,116.243157288
9.5390625e-05,116.216313883
9.541015625e-05,116.188046761
9.54296875e-05,116.158349002
9.544921875e-05,116.127213383
9.546875e-05,116.094632386
9.548828125e-05,116.060598202
9.55078125e-05,116.025102737
9.552734375e-05,115.98813762
9.5546875e-05,115.949694205
9.556640625e-05,115.909763579
9.55859375e-05,115.868336571
9.560546875e-05,115.825403757
9.5625e-05,115.780955467
9.564453125e-05,115.734981792
9.56640625e-05,115.687472593
9.568359375e-05,115.638417509
9.5703125e-05,115.587805963
9.572265625e-05,115.535627173
9.57421875e-05,115.481870157
9.576171875e-05,115.426523746
9.578125e-05,115.369576592
9.580078125e-05,115.311017173
9.58203125e-05,115.250833811
9.583984375e-05,115.189014672
9.5859375e-05,115.125547784
9.587890625e-05,115.060421043
9.58984375e-05,114.993622224
9.591796875e-05,114.925138993
9.59375e-05,114.854958919
9.595703125e-05,114.78306948
9.59765625e-05,114.709458079
9.599609375e-05,114.634112056
9.6015625e-05,114.557018696
9.603515625e-05,114.478165246
9.60546875e-05,114.397538922
9.607421875e-05,114.315126925
9.609375e-05,114.230916453
9.611328125e-05,114.144894714
9.61328125e-05,114.057048938
9.615234375e-05,113.967366392
9.6171875e-05,113.875834392
9.619140625e-05,113.782440316
9.62109375e-05,113.687171623
9.623046875e-05,113.590015859
9.625e-05,113.490960678
9.626953125e-05,113.389993854
9.62890625e-05,113.287103294
9.630859375e-05,113.182277055
9.6328125e-05,113.075503359
9.634765625e-05,112.966770607
9.63671875e-05,112.856067394
9.638671875e-05,112.743382525
9.640625e-05,112.628705031
9.642578125e-05,112.512024183
9.64453125e-05,112.393329511
9.646484375e-05,112.272610815
9.6484375e-05,112.149858185
9.650390625e-05,112.025062015
9.65234375e-05,111.898213023
9.654296875e-05,111.769302259
9.65625e-05,111.638321131
9.658203125e-05,111.505261416
9.66015625e-05,111.370115275
9.662109375e-05,111.232875275
9.6640625e-05,111.093534401
9.666015625e-05,110.952086075
9.66796875e-05,110.808524171
9.669921875e-05,110.662843033
9.671875e-05,110.515037491
9.673828125e-05,110.365102876
9.67578125e-05,110.213035041
9.677734375e-05,110.058830373
9.6796875e-05,109.902485813
9.681640625e-05,109.743998869
9.68359375e-05,109.583367636
9.685546875e-05,109.420590809
9.6875e-05,109.255667702
9.689453125e-05,109.088598264
9.69140625e-05,108.919383093
9.693359375e-05,108.748023453
9.6953125e-05,108.574521289
9.697265625e-05,108.398879246
9.69921875e-05,108.221100681
9.701171875e-05,108.041189677
9.703125e-05,107.859151064
9.705078125e-05,107.674990427
9.70703125e-05,107.488714126
9.708984375e-05,107.300329309
9.7109375e-05,107.109843922
9.712890625e-05,106.917266731
9.71484375e-05,106.722607328
9.716796875e-05,106.525876148
9.71875e-05,106.327084484
9.720703125e-05,106.126244494
9.72265625e-05,105.923369219
9.724609375e-05,105.718472593
9.7265625e-05,105.511569452
9.728515625e-05,105.30267555
9.73046875e-05,105.091807568
9.732421875e-05,104.878983124
9.734375e-05,104.664220783
9.736328125e-05,104.447540066
9.73828125e-05,104.228961464
9.740234375e-05,104.008506438
9.7421875e-05,103.786197438
9.744140625e-05,103.5620579
9.74609375e-05,103.336112263
9.748046875e-05,103.108385967
9.75e-05,102.878905466
9.751953125e-05,102.647698232
9.75390625e-05,102.414792756
9.755859375e-05,102.180218559
9.7578125e-05,101.944006191
9.759765625e-05,101.706187237
9.76171875e-05,101.466794319
9.763671875e-05,101.225861097
9.765625e-05,100.983422273
9.767578125e-05,100.739513589
9.76953125e-05,100.49417183
9.771484375e-05,100.247434821
9.7734375e-05,99.9993414276
9.775390625e-05,99.7499315536
9.77734375e-05,99.4992461385
9.779296875e-05,99.2473271539
9.78125e-05,98.9942176003
9.783203125e-05,98.7399615018
9.78515625e-05,98.4846039011
9.787109375e-05,98.2281908531
9.7890625e-05,97.9707694182
9.791015625e-05,97.7123876546
9.79296875e-05,97.4530946101
9.794921875e-05,97.1929403128
9.796875e-05,96.9319757611
9.798828125e-05,96.6702529134
9.80078125e-05,96.4078246765
9.802734375e-05,96.1447448932
9.8046875e-05,95.8810683295
9.806640625e-05,95.6168506612
9.80859375e-05,95.3521484588
9.810546875e-05,95.0870191726
9.8125e-05,94.8215211163
9.814453125e-05,94.5557134506
9.81640625e-05,94.2896561654
9.818359375e-05,94.0234100612
9.8203125e-05,93.7570367305
9.822265625e-05,93.4905985373
9.82421875e-05,93.224158597
9.826171875e-05,92.9577807545
9.828125e-05,92.6915295627
9.830078125e-05,92.4254702591
9.83203125e-05,92.1596687425
9.833984375e-05,91.8941915485
9.8359375e-05,91.6291058248
9.837890625e-05,91.3644793053
9.83984375e-05,91.1003802837
9.841796875e-05,90.8368775867
9.84375e-05,90.5740405459
9.845703125e-05,90.31193897
9.84765625e-05,90.0506431152
9.849609375e-05,89.7902236561
9.8515625e-05,89.5307516554
9.853515625e-05,89.2722985328
9.85546875e-05,89.0149360343
9.857421875e-05,88.7587361996
9.859375e-05,88.5037713303
9.861328125e-05,88.2501139567
9.86328125e-05,87.9978368043
9.865234375e-05,87.7470127602
9.8671875e-05,87.4977148384
9.869140625e-05,87.2500161455
9.87109375e-05,87.0039898452
9.873046875e-05,86.759709123
9.875e-05,86.5172471501
9.876953125e-05,86.2766770475
9.87890625e-05,86.0380718491
9.880859375e-05,85.8015044652
9.8828125e-05,85.5670476452
9.884765625e-05,85.3347739406
9.88671875e-05,85.1047556673
9.888671875e-05,84.8770648681
9.890625e-05,84.6517732746
9.892578125e-05,84.4289522698
9.89453125e-05,84.2086728496
9.896484375e-05,83.9910055848
9.8984375e-05,83.7760205833
9.900390625e-05,83.5637874517
9.90234375e-05,83.3543752575
9.904296875e-05,83.1478524907
9.90625e-05,82.9442870261
9.908203125e-05,82.7437460855
9.91015625e-05,82.5462962
9.912109375e-05,82.3520031725
9.9140625e-05,82.1609320405
9.916015625e-05,81.9731470386
9.91796875e-05,81.7887115626
9.919921875e-05,81.6076881322
9.921875e-05,81.4301383553
9.923828125e-05,81.256122892
9.92578125e-05,81.0857014193
9.927734375e-05,80.9189325963
9.9296875e-05,80.7558740292
9.931640625e-05,80.5965822379
9.93359375e-05,80.4411126218
9.935546875e-05,80.2895194272
9.9375e-05,80.141855715
9.939453125e-05,79.9981733283
9.94140625e-05,79.8585228617
9.943359375e-05,79.7229536307
9.9453125e-05,79.5915136412
9.947265625e-05,79.4642495614
9.94921875e-05,79.3412066921
9.951171875e-05,79.22242894
9.953125e-05,79.1079587902
9.955078125e-05,78.9978372803
9.95703125e-05,78.892103975
9.958984375e-05,78.7907969416
9.9609375e-05,78.6939527268
9.962890625e-05,78.6016063333
9.96484375e-05,78.5137911987
9.966796875e-05,78.4305391744
9.96875e-05,78.3518805054
9.970703125e-05,78.277843812
9.97265625e-05,78.2084560713
9.974609375e-05,78.1437426006
9.9765625e-05,78.0837270412
9.978515625e-05,78.0284313438
9.98046875e-05,77.9778757545
9.982421875e-05,77.9320788022
9.984375e-05,77.8910572864
9.986328125e-05,77.8548262672
9.98828125e-05,77.8233990555
9.990234375e-05,77.7967872043
9.9921875e-05,77.775000502
9.994140625e-05,77.7580469654
9.99609375e-05,77.7459328354
9.998046875e-05,77.7386625724
