frequency_hz,peak_amplitude_mv
0,100.021432987
250,1.15737270014e-14
500,1.6226049776e-14
750,6.12471098242e-15
1000,1.50661931206e-14
1250,1.01435545647e-14
1500,1.03086494351e-14
1750,1.06130579904e-14
2000,1.24962733374e-14
2250,9.97828158871e-15
2500,1.25356777984e-14
2750,1.41312122259e-14
3000,1.05206673205e-14
3250,1.00042963686e-14
3500,8.4188300262e-15
3750,6.89598007941e-15
4000,1.22441184479e-14
4250,1.32176058486e-14
4500,1.07835618023e-14
4750,1.2244387542e-14
5000,9.3014028014e-15
5250,1.28904470589e-14
5500,1.11422010695e-14
5750,9.90265274434e-15
6000,1.40681572846e-14
6250,1.65078975829e-14
6500,1.2984770342e-14
6750,1.08907773252e-14
7000,1.05085762496e-14
7250,1.06539703122e-14
7500,1.40521954554e-14
7750,1.22919258077e-14
8000,1.32226866681e-14
8250,1.07815500003e-14
8500,1.48581483276e-14
8750,1.10809508757e-14
9000,7.89805173508e-15
9250,8.66106433162e-15
9500,1.11432631659e-14
9750,1.32897484617e-14
10000,1.0703861944e-14
10250,9.30408077878e-15
10500,1.0208424346e-14
10750,8.89988210175e-15
11000,1.13685011092e-14
11250,1.18553635085e-14
11500,1.02307949877e-14
11750,8.137965582e-15
12000,1.29504314418e-14
12250,6.19403374479e-15
12500,1.11558012994e-14
12750,1.26117538876e-14
13000,1.17948684432e-14
13250,1.18482297241e-14
13500,1.00003396894e-14
13750,1.39653669477e-14
14000,1.13529081639e-14
14250,1.19399464646e-14
14500,9.14600602423e-15
14750,1.37091134207e-14
15000,1.38206807902e-14
15250,1.36050948708e-14
15500,1.79541028481e-14
15750,1.21533735867e-14
16000,1.47752519711e-14
16250,1.25517905359e-14
16500,1.25913531428e-14
16750,1.31915741425e-14
17000,1.19528886402e-14
17250,1.37958251615e-14
17500,1.3956658682e-14
17750,1.39232896386e-14
18000,1.28051667427e-14
18250,1.2126024523e-14
18500,1.34613325522e-14
18750,1.88332805289e-14
19000,3.06060030507e-15
19250,1.37823637217e-14
19500,1.32924908489e-14
19750,1.49296246502e-14
20000,1.08883275569e-14
20250,1.36353007142e-14
20500,1.2914462586e-14
20750,1.67338191433e-14
21000,1.5460010555e-14
21250,1.36236599901e-14
21500,1.3709427581e-14
21750,1.4660562896e-14
22000,1.65536599845e-14
22250,1.8030443526e-14
22500,1.62501003677e-14
22750,1.51903399081e-14
23000,1.52503981333e-14
23250,1.90745636728e-14
23500,1.58017284235e-14
23750,1.4579967445e-14
24000,1.18383827443e-14
24250,1.68871365348e-14
24500,1.57388852293e-14
24750,1.5534997995e-14
25000,1.80176391748e-14
25250,1.88364960429e-14
25500,1.6578310809e-14
25750,1.91884500277e-14
26000,1.38188992026e-14
26250,1.61218711309e-14
26500,1.92139155262e-14
26750,2.12087342632e-14
27000,1.99211178908e-14
27250,2.13918967915e-14
27500,2.15991228896e-14
27750,2.09966443127e-14
28000,2.13550038562e-14
28250,2.04073098498e-14
28500,2.01691219316e-14
28750,2.22378860196e-14
29000,2.52444156198e-14
29250,2.61818368184e-14
29500,2.13305728106e-14
29750,2.3400356662e-14
30000,1.82880273732e-14
30250,2.00735316961e-14
30500,1.85347742406e-14
30750,2.07939582804e-14
31000,1.05923604911e-14
31250,2.96665512302e-14
31500,2.48316651325e-14
31750,2.58340382483e-14
32000,2.3960200327e-14
32250,2.62480330608e-14
32500,2.57907883614e-14
32750,2.5827603346e-14
33000,2.50856409139e-14
33250,2.64082133386e-14
33500,2.27025099013e-14
33750,2.52735362949e-14
34000,2.44319340405e-14
34250,2.568086263e-14
34500,2.32946139231e-14
34750,2.67151416008e-14
35000,2.51987506878e-14
35250,3.75808827606e-14
35500,3.70631406642e-14
35750,2.70594574134e-14
36000,3.11487601961e-14
36250,2.97121488239e-14
36500,3.18331267136e-14
36750,2.76043218338e-14
37000,2.98095577878e-14
37250,2.98561865364e-14
37500,3.12763080714e-14
37750,3.742682287e-14
38000,2.93394108082e-14
38250,3.73821948699e-14
38500,3.57585578832e-14
38750,3.42064609771e-14
39000,3.40217147481e-14
39250,3.7106337615e-14
39500,3.46679677221e-14
39750,3.7835968619e-14
40000,4.06991284072e-14
40250,4.04500013502e-14
40500,4.14030040207e-14
40750,3.95849571155e-14
41000,4.1408775224e-14
41250,4.55372890786e-14
41500,4.6299493499e-14
41750,4.74361471213e-14
42000,4.80261455464e-14
42250,4.93747207686e-14
42500,5.32600884034e-14
42750,5.29663504303e-14
43000,5.63177588051e-14
43250,5.78861895246e-14
43500,6.09246515558e-14
43750,6.33567349228e-14
44000,6.72279025163e-14
44250,6.58444291649e-14
44500,6.95267574767e-14
44750,7.56796775265e-14
45000,7.55629969789e-14
45250,8.31667240903e-14
45500,8.47582348523e-14
45750,9.19202771385e-14
46000,9.63978792044e-14
46250,1.05748000091e-13
46500,1.12265393743e-13
46750,1.19646701957e-13
47000,1.28419637014e-13
47250,1.4581708771e-13
47500,1.58732658201e-13
47750,1.71891104628e-13
48000,1.96326379141e-13
48250,2.23788601136e-13
48500,2.62204417987e-13
48750,3.1506825502e-13
49000,3.96981310774e-13
49250,5.27872935994e-13
49500,7.9286313198e-13
49750,1.58497569446e-12
50000,73.4437307927
50250,1.58677535961e-12
50500,7.9586476881e-13
50750,5.33736654137e-13
51000,4.00457943113e-13
51250,3.18466003023e-13
51500,2.68005973025e-13
51750,2.30084633773e-13
52000,2.02472946745e-13
52250,1.75192749501e-13
52500,1.56271043824e-13
52750,1.48163581305e-13
53000,1.38613657512e-13
53250,1.24656561171e-13
53500,1.12779691251e-13
53750,1.04827468283e-13
54000,1.05169733488e-13
54250,9.8561200434e-14
54500,8.15865440036e-14
54750,8.12744121948e-14
55000,7.03604945629e-14
55250,8.50188319159e-14
55500,6.74093897582e-14
55750,5.66832540333e-14
56000,7.69092185996e-14
56250,7.78356725305e-14
56500,6.85183227019e-14
56750,5.81995263147e-14
57000,6.04412163951e-14
57250,5.61169507281e-14
57500,6.22319988183e-14
57750,4.93033478616e-14
58000,5.01085351663e-14
58250,5.1489687004e-14
58500,5.05240666206e-14
58750,4.96758978007e-14
59000,4.29797032038e-14
59250,4.29633088268e-14
59500,4.92495338587e-14
59750,4.57966749943e-14
60000,4.66929229646e-14
60250,4.03839445621e-14
60500,4.24667504434e-14
60750,4.49834158796e-14
61000,4.36270918076e-14
61250,4.05993868543e-14
61500,3.85194103683e-14
61750,3.93624705556e-14
62000,3.81218387897e-14
62250,3.90615952244e-14
62500,4.12156872876e-14
62750,3.62004155614e-14
63000,3.60001147819e-14
63250,3.36692678134e-14
63500,3.9471555767e-14
63750,3.57228232185e-14
64000,3.42437006915e-14
64250,3.40230723597e-14
64500,3.36803785088e-14
64750,3.54680593569e-14
65000,3.36682941126e-14
65250,3.27991943611e-14
65500,3.43386315514e-14
65750,3.11668338836e-14
66000,3.33252115594e-14
66250,3.18032019322e-14
66500,2.98443557852e-14
66750,3.05101353792e-14
67000,2.89798025232e-14
67250,3.1273255983e-14
67500,3.12958451092e-14
67750,3.12286742896e-14
68000,2.86372806325e-14
68250,2.66332781236e-14
68500,2.56372980196e-14
68750,2.72199853257e-14
69000,2.32523933708e-14
69250,2.87935950974e-14
69500,2.95105768119e-14
69750,2.89656751663e-14
70000,2.52788530786e-14
70250,2.83742842484e-14
70500,2.65810926714e-14
70750,3.19021054866e-14
71000,3.17613978365e-14
71250,2.81568874951e-14
71500,2.7473208894e-14
71750,2.67486446406e-14
72000,2.74363951468e-14
72250,2.96348512271e-14
72500,3.02233764345e-14
72750,2.94099833954e-14
73000,2.87069037711e-14
73250,3.15197775439e-14
73500,2.79556664485e-14
73750,2.71742121049e-14
74000,2.54453117294e-14
74250,3.08327273037e-14
74500,2.39776837124e-14
74750,2.84336720894e-14
75000,2.82989012557e-14
75250,2.72781250924e-14
75500,2.75342718477e-14
75750,2.99610796682e-14
76000,2.66234748037e-14
76250,2.80407401131e-14
76500,2.73420913192e-14
76750,3.13960560084e-14
77000,3.11821282807e-14
77250,3.21001825513e-14
77500,3.15728412011e-14
77750,3.28652958559e-14
78000,2.90296572603e-14
78250,2.86151991918e-14
78500,2.84182906998e-14
78750,2.83281037663e-14
79000,3.10397171616e-14
79250,3.07700541988e-14
79500,2.48645560733e-14
79750,3.00143491334e-14
80000,2.95417899616e-14
80250,3.09311213359e-14
80500,3.19048673113e-14
80750,3.14082091414e-14
81000,1.80032225e-14
81250,3.1433744524e-14
81500,3.23808463731e-14
81750,2.80586873855e-14
82000,3.15646088901e-14
82250,3.03263751976e-14
82500,3.50436725194e-14
82750,3.23181548198e-14
83000,3.19671166833e-14
83250,3.50101999704e-14
83500,2.93380011813e-14
83750,3.18612018749e-14
84000,3.75477418698e-14
84250,3.69078812632e-14
84500,4.2679847219e-14
84750,3.82819198785e-14
85000,3.93236965436e-14
85250,2.96651344656e-14
85500,2.47119928072e-14
85750,3.74074808785e-14
86000,3.50965102569e-14
86250,3.85679820888e-14
86500,3.71901156804e-14
86750,3.99904884946e-14
87000,4.10037920675e-14
87250,4.41212237797e-14
87500,4.30013850335e-14
87750,3.75689007409e-14
88000,4.4301455006e-14
88250,4.03681493395e-14
88500,4.26150372403e-14
88750,4.64134738895e-14
89000,4.81512180017e-14
89250,4.89511259685e-14
89500,4.64395446098e-14
89750,5.29387065514e-14
90000,5.24701390495e-14
90250,5.43462392888e-14
90500,5.5170409235e-14
90750,5.68352564339e-14
91000,5.49559529619e-14
91250,5.78889690423e-14
91500,6.02719253071e-14
91750,6.27343476154e-14
92000,6.35303401236e-14
92250,6.44416414079e-14
92500,6.64715570812e-14
92750,6.77481309391e-14
93000,7.05439957812e-14
93250,7.40411792541e-14
93500,7.61708551451e-14
93750,7.87650498263e-14
94000,8.0059820331e-14
94250,8.54910127833e-14
94500,8.97173457615e-14
94750,9.34055130177e-14
95000,9.72042329835e-14
95250,1.01285989243e-13
95500,1.07866043367e-13
95750,1.13055134765e-13
96000,1.20854791655e-13
96250,1.2838563785e-13
96500,1.35396583095e-13
96750,1.48219515562e-13
97000,1.59320188238e-13
97250,1.75466835161e-13
97500,1.92120746254e-13
97750,2.11786980104e-13
98000,2.40493930469e-13
98250,2.71731643807e-13
98500,3.17341430827e-13
98750,3.7859194342e-13
99000,4.73145027015e-13
99250,6.26133477974e-13
99500,9.39938936939e-13
99750,1.87090307808e-12
100000,43.1622588834
100250,1.86106738991e-12
100500,9.25334095224e-13
100750,6.21021847603e-13
101000,4.58130206148e-13
101250,3.69295616941e-13
101500,3.08172447754e-13
101750,2.60543702116e-13
102000,2.26004699219e-13
102250,2.01287243809e-13
102500,1.84344832719e-13
102750,1.64236506065e-13
103000,1.47421090139e-13
103250,1.40236703341e-13
103500,1.32619254394e-13
103750,1.26663258027e-13
104000,1.10123229629e-13
104250,1.01130927333e-13
104500,1.03286993191e-13
104750,9.51084055311e-14
105000,9.87347612414e-14
105250,7.86988715934e-14
105500,8.51634834821e-14
105750,9.21396071825e-14
106000,6.41059482782e-14
106250,5.83505568298e-14
106500,6.27714491834e-14
106750,7.17229066388e-14
107000,6.30757671461e-14
107250,6.39027346241e-14
107500,4.93963653847e-14
107750,5.89195168359e-14
108000,5.52522897432e-14
108250,5.67084050684e-14
108500,4.79441669939e-14
108750,4.80117671303e-14
109000,5.16227614436e-14
109250,5.0465922774e-14
109500,4.34865755495e-14
109750,4.08582502635e-14
110000,4.10019629259e-14
110250,4.45860164361e-14
110500,3.84895211152e-14
110750,3.78920408069e-14
111000,3.39533882891e-14
111250,3.66362210073e-14
111500,3.76636649903e-14
111750,3.50888547273e-14
112000,3.38859360083e-14
112250,4.147201844e-14
112500,3.08334011908e-14
112750,3.4157317496e-14
113000,3.07528780423e-14
113250,3.01763836315e-14
113500,2.99361514382e-14
113750,2.74604722863e-14
114000,2.85202855401e-14
114250,2.89217400713e-14
114500,2.93716146366e-14
114750,2.54284749509e-14
115000,2.6892467033e-14
115250,2.56527718499e-14
115500,2.46440512994e-14
115750,2.5325225591e-14
116000,2.40168244399e-14
116250,2.38585517647e-14
116500,2.61056682934e-14
116750,2.42655931526e-14
117000,2.5807539784e-14
117250,2.1623054906e-14
117500,2.33111297066e-14
117750,2.47008581261e-14
118000,2.5164745239e-14
118250,2.56537292277e-14
118500,2.28647274552e-14
118750,2.12545734925e-14
119000,2.15317597324e-14
119250,1.66080796038e-14
119500,1.7609267103e-14
119750,1.76778311907e-14
120000,2.15660524072e-14
120250,2.17702390093e-14
120500,1.80993709878e-14
120750,2.06721483519e-14
121000,1.79791732508e-14
121250,1.87334776282e-14
121500,1.8916117452e-14
121750,1.86870198112e-14
122000,1.72487244343e-14
122250,1.67125931409e-14
122500,1.94479438508e-14
122750,2.08448558604e-14
123000,1.67621613543e-14
123250,1.52153452405e-14
123500,1.27133988306e-14
123750,1.70853565411e-14
124000,1.49934701446e-14
124250,2.3677441363e-14
124500,1.66585838866e-14
124750,9.95902022546e-15
125000,1.38778660461e-14
125250,1.53381151659e-14
125500,1.80847399478e-14
125750,1.74555668326e-14
126000,1.49719665991e-14
126250,1.56296326309e-14
126500,1.48404339647e-14
126750,1.66730209984e-14
127000,1.43084614946e-14
127250,1.6856968486e-14
127500,1.70890989705e-14
127750,1.91980564851e-14
128000,1.50571601399e-14
128250,1.78187617983e-14
128500,1.36669510924e-14
128750,1.79279431599e-14
129000,1.87216976791e-14
129250,2.14676177764e-14
129500,1.62297938602e-14
129750,2.2062946608e-14
130000,2.15567093763e-14
130250,1.91568012717e-14
130500,1.63484154732e-14
130750,1.52329360333e-14
131000,1.72846627583e-14
131250,1.98831164427e-14
131500,2.16766511387e-14
131750,2.27877910302e-14
132000,2.27747504134e-14
132250,2.2999839167e-14
132500,2.36612033083e-14
132750,2.48497171442e-14
133000,2.24521305688e-14
133250,2.44498459573e-14
133500,2.55784312118e-14
133750,2.43266896822e-14
134000,2.30535868884e-14
134250,1.71414617202e-14
134500,9.89648806617e-15
134750,1.22180653247e-14
135000,1.9219604949e-14
135250,3.45748302145e-14
135500,4.62689028572e-14
135750,3.69127305989e-14
136000,3.6271411396e-14
136250,2.76776386405e-14
136500,3.1157014211e-14
136750,2.71956519379e-14
137000,3.29195921138e-14
137250,3.1026558596e-14
137500,3.1943230274e-14
137750,3.10569371395e-14
138000,3.18487676573e-14
138250,3.3135245157e-14
138500,3.59802166417e-14
138750,3.32800002166e-14
139000,3.24848039578e-14
139250,3.42414225156e-14
139500,3.07411684362e-14
139750,3.84812686279e-14
140000,4.14214828861e-14
140250,4.16922504766e-14
140500,3.98116866257e-14
140750,4.13952617815e-14
141000,4.43014375064e-14
141250,4.65655263788e-14
141500,4.71884257254e-14
141750,4.73515573628e-14
142000,4.89640235095e-14
142250,5.07119940177e-14
142500,5.50932901435e-14
142750,5.50727916421e-14
143000,5.71087312438e-14
143250,5.84840001965e-14
143500,6.28275561989e-14
143750,6.53129856827e-14
144000,7.04682111316e-14
144250,7.30153846727e-14
144500,7.3975102038e-14
144750,7.9067448603e-14
145000,8.36145691935e-14
145250,9.02962917195e-14
145500,9.41399369787e-14
145750,9.86217842248e-14
146000,1.02259472122e-13
146250,1.16532876341e-13
146500,1.23076032637e-13
146750,1.34062997538e-13
147000,1.42349957849e-13
147250,1.57434954498e-13
147500,1.74384575853e-13
147750,1.96527599025e-13
148000,2.18774286892e-13
148250,2.53494790211e-13
148500,2.94861589412e-13
148750,3.56326619247e-13
149000,4.46589382869e-13
149250,6.01297756e-13
149500,9.03211072961e-13
149750,1.81704942721e-12
150000,28.1214137922
150250,1.83203661264e-12
150500,9.22095434042e-13
150750,6.15152069852e-13
151000,4.64472434789e-13
151250,3.75049144701e-13
151500,3.13305910379e-13
151750,2.70085466047e-13
152000,2.39229459088e-13
152250,2.10607148471e-13
152500,1.86633881457e-13
152750,1.75496165118e-13
153000,1.63719526935e-13
153250,1.48602667003e-13
153500,1.34170032242e-13
153750,1.23995091992e-13
154000,1.24714514565e-13
154250,1.19947344816e-13
154500,1.01268915466e-13
154750,9.81910870843e-14
155000,8.21579762699e-14
155250,9.47745796308e-14
155500,8.42371112469e-14
155750,8.14132566761e-14
156000,9.2694255797e-14
156250,9.42074901811e-14
156500,8.49343360656e-14
156750,7.07430125212e-14
157000,7.12225624279e-14
157250,6.68125459167e-14
157500,7.55658166112e-14
157750,6.35017333217e-14
158000,6.36063745437e-14
158250,6.10310076303e-14
158500,6.24762076719e-14
158750,5.99847924819e-14
159000,5.40159418805e-14
159250,5.43455566315e-14
159500,5.69306466113e-14
159750,5.71339483441e-14
160000,5.45045486938e-14
160250,4.90980125999e-14
160500,4.98847752293e-14
160750,4.9778872983e-14
161000,5.05072522749e-14
161250,4.73773194341e-14
161500,4.21062103742e-14
161750,4.03413558836e-14
162000,4.77790237202e-14
162250,4.42769912657e-14
162500,4.82389166032e-14
162750,4.70318575795e-14
163000,4.10464912213e-14
163250,4.02447621621e-14
163500,4.14290469846e-14
163750,4.56663188921e-14
164000,3.94552401072e-14
164250,3.99248603731e-14
164500,3.83108390212e-14
164750,3.99595640573e-14
165000,3.91246530958e-14
165250,3.69686397261e-14
165500,3.9129597933e-14
165750,3.51241930777e-14
166000,3.52145308279e-14
166250,3.33357000934e-14
166500,3.11280962999e-14
166750,3.36317184015e-14
167000,3.16513678214e-14
167250,3.31789788839e-14
167500,3.09465253815e-14
167750,3.05586394633e-14
168000,2.95756188465e-14
168250,2.66446708853e-14
168500,2.89109872944e-14
168750,2.91476408058e-14
169000,2.84189257203e-14
169250,2.71349118897e-14
169500,2.61005325773e-14
169750,2.80778980437e-14
170000,2.65789862752e-14
170250,3.01068084447e-14
170500,2.60631791021e-14
170750,3.2119907029e-14
171000,2.89727623097e-14
171250,2.64972042879e-14
171500,2.56278899139e-14
171750,2.7335295473e-14
172000,2.74179696693e-14
172250,3.06132140599e-14
172500,2.89156453538e-14
172750,2.97302187024e-14
173000,2.70049355779e-14
173250,2.66169212998e-14
173500,2.58923638066e-14
173750,2.34527974278e-14
174000,2.40799506416e-14
174250,3.38457469272e-14
174500,2.10360447983e-14
174750,2.26755444097e-14
175000,2.77192167308e-14
175250,2.43750823437e-14
175500,2.84705545958e-14
175750,2.62386271585e-14
176000,2.44121447114e-14
176250,2.33930553006e-14
176500,2.31731719892e-14
176750,2.52879290499e-14
177000,2.65646661876e-14
177250,2.50692016746e-14
177500,2.63093177869e-14
177750,2.21926095778e-14
178000,2.12770015557e-14
178250,2.28529162661e-14
178500,2.09494572577e-14
178750,2.0005627934e-14
179000,2.36099827253e-14
179250,1.87214709863e-14
179500,2.05096458681e-14
179750,1.85230243316e-14
180000,2.23085939406e-14
180250,1.97202735274e-14
180500,1.96180207009e-14
180750,1.32773711562e-14
181000,1.38411828201e-14
181250,2.58441797336e-14
181500,1.84214049532e-14
181750,2.07827277843e-14
182000,2.10282354959e-14
182250,2.36737547826e-14
182500,2.34135013609e-14
182750,2.10234836614e-14
183000,2.15570955267e-14
183250,1.93751933523e-14
183500,1.85562561907e-14
183750,2.52350363994e-14
184000,2.86246489016e-14
184250,2.80316866162e-14
184500,2.61737342156e-14
184750,1.65935989229e-14
185000,5.91668395615e-15
185250,8.13138779822e-15
185500,1.80974790399e-14
185750,2.19689251029e-14
186000,2.08885171584e-14
186250,2.20253977813e-14
186500,1.9666220175e-14
186750,1.73753338841e-14
187000,2.05872397247e-14
187250,2.36314630589e-14
187500,2.28081744688e-14
187750,2.08189676774e-14
188000,1.80759048399e-14
188250,1.88483122607e-14
188500,2.13801641228e-14
188750,2.37746339017e-14
189000,2.31056267398e-14
189250,2.17007855455e-14
189500,1.80402101627e-14
189750,2.4039039211e-14
190000,2.1444656803e-14
190250,2.2370329383e-14
190500,2.21642307993e-14
190750,1.89994011845e-14
191000,1.70041729606e-14
191250,2.29620207934e-14
191500,2.22702263521e-14
191750,2.10908229814e-14
192000,2.18348420869e-14
192250,1.97986628992e-14
192500,2.08241983631e-14
192750,2.1936713975e-14
193000,2.54013372998e-14
193250,2.27021681051e-14
193500,2.43564484479e-14
193750,2.32375064435e-14
194000,2.60716164871e-14
194250,2.71266183785e-14
194500,2.85024905558e-14
194750,2.94134524726e-14
195000,2.77377087127e-14
195250,2.91126029747e-14
195500,3.16951690004e-14
195750,3.17775563012e-14
196000,3.55874747429e-14
196250,3.83628389909e-14
196500,3.79888392447e-14
196750,4.21043698582e-14
197000,4.52353824782e-14
197250,5.44149611283e-14
197500,5.63159315024e-14
197750,6.09045983973e-14
198000,6.99173089851e-14
198250,7.90552203597e-14
198500,9.19920959452e-14
198750,1.13147386738e-13
199000,1.4132124354e-13
199250,1.84436493411e-13
199500,2.78302797452e-13
199750,5.57171929882e-13
200000,6.46713143865
200250,5.58089748069e-13
200500,2.8159111364e-13
200750,1.91178612319e-13
201000,1.42434679e-13
201250,1.09850617443e-13
201500,9.49399653022e-14
201750,8.19061862996e-14
202000,6.93779033502e-14
202250,6.05449810507e-14
202500,5.63393735778e-14
202750,5.11575883457e-14
203000,4.85065348347e-14
203250,4.56576206303e-14
203500,4.43578210421e-14
203750,4.09391137181e-14
204000,3.76745934377e-14
204250,3.62791098613e-14
204500,3.31051275105e-14
204750,3.49592581212e-14
205000,3.38471005486e-14
205250,3.68666676238e-14
205500,3.38904970655e-14
205750,2.88352235903e-14
206000,2.59490039708e-14
206250,2.33090673296e-14
206500,2.40415981501e-14
206750,2.66024410469e-14
207000,2.64126230204e-14
207250,2.60022255786e-14
207500,2.35314531102e-14
207750,2.40449847374e-14
208000,2.19670162696e-14
208250,2.37694458017e-14
208500,2.00734193824e-14
208750,2.30667552682e-14
209000,2.09885239439e-14
209250,2.08443823269e-14
209500,2.17457539217e-14
209750,1.81488534427e-14
210000,2.04779407239e-14
210250,1.92711077789e-14
210500,1.50385104184e-14
210750,1.85384768209e-14
211000,1.63792162754e-14
211250,1.86960628454e-14
211500,1.6844125887e-14
211750,2.23750148014e-14
212000,1.12006614787e-14
212250,2.46124745767e-14
212500,2.01671775962e-14
212750,1.9049794324e-14
213000,1.3634768004e-14
213250,1.55076813743e-14
213500,1.44395898098e-14
213750,2.25905856421e-14
214000,1.59649042594e-14
214250,1.4374882086e-14
214500,1.79233026706e-14
214750,1.61776283762e-14
215000,1.98196805087e-14
215250,1.55227664444e-14
215500,1.6761356229e-14
215750,1.56386995627e-14
216000,1.46863463242e-14
216250,1.47250443976e-14
216500,1.44500485887e-14
216750,1.58279803171e-14
217000,1.60550695178e-14
217250,1.63394123165e-14
217500,1.70799550251e-14
217750,1.59198708682e-14
218000,1.5371449305e-14
218250,1.36872635786e-14
218500,1.42001662631e-14
218750,1.32494042386e-14
219000,1.51705387182e-14
219250,1.30699209657e-14
219500,9.71215583324e-15
219750,8.33484596751e-15
220000,1.09540315427e-14
220250,1.40322130826e-14
220500,1.21159961017e-14
220750,2.09972951218e-14
221000,1.46719230362e-14
221250,1.3688140143e-14
221500,1.46921036745e-14
221750,1.28724204785e-14
222000,1.20132330671e-14
222250,1.26959924695e-14
222500,1.27409378001e-14
222750,1.28045613691e-14
223000,1.16977963912e-14
223250,1.16790449998e-14
223500,1.23573427828e-14
223750,1.10468169417e-14
224000,1.097965923e-14
224250,1.78168162458e-14
224500,1.56797973011e-15
224750,1.28199156783e-14
225000,8.53748954383e-15
225250,1.48060793468e-14
225500,1.11053524265e-14
225750,1.05324592324e-14
226000,1.37055932259e-14
226250,1.01656791202e-14
226500,1.19447277191e-14
226750,9.902386396e-15
227000,8.91303713571e-15
227250,1.3461089627e-14
227500,1.10469348835e-14
227750,1.19012031955e-14
228000,9.3873878464e-15
228250,9.76100733899e-15
228500,1.19453586707e-14
228750,8.341050782e-15
229000,8.99304176343e-15
229250,7.36953438116e-15
229500,8.11140877443e-15
229750,9.93728058892e-15
230000,1.10503862046e-14
230250,9.8805397293e-15
230500,9.45350543672e-15
230750,8.58364319482e-15
231000,9.00600449163e-15
231250,1.96428437571e-14
231500,1.36085743284e-14
231750,1.0987038149e-14
232000,9.32348066415e-15
232250,8.73036446811e-15
232500,7.14282760545e-15
232750,1.1015763983e-14
233000,1.00848085188e-14
233250,1.02825293106e-14
233500,1.06966209818e-14
233750,1.03136914833e-14
234000,1.51373599021e-14
234250,1.57420586741e-14
234500,2.056228696e-14
234750,1.30036522536e-14
235000,1.43865776326e-14
235250,1.23691699078e-14
235500,1.56270960733e-14
235750,1.31186707479e-14
236000,1.32488240725e-14
236250,1.44986922355e-14
236500,6.39188639126e-15
236750,9.99733093963e-15
237000,6.60868585669e-15
237250,7.25811237889e-15
237500,9.32412270115e-15
237750,8.14549733145e-15
238000,8.30864420214e-15
238250,6.30789206675e-15
238500,7.74595335874e-15
238750,9.50781948286e-15
239000,6.83987704167e-15
239250,7.47714349465e-15
239500,6.98589238973e-15
239750,6.28184514001e-15
240000,6.75102985755e-15
240250,6.22441849025e-15
240500,7.50479089801e-15
240750,4.77421419518e-15
241000,7.60925427938e-15
241250,1.47955970324e-14
241500,7.62768467073e-15
241750,7.85358381579e-15
242000,7.18034614214e-15
242250,8.09069281842e-15
242500,6.43490029741e-15
242750,5.44178722729e-15
243000,4.00358148211e-15
243250,3.20838112529e-15
243500,9.51342923949e-15
243750,7.70649094653e-15
244000,9.50078085584e-15
244250,9.06397130218e-15
244500,8.00505190868e-15
244750,4.97201714316e-15
245000,5.5348525891e-15
245250,6.82752906887e-15
245500,7.2713307447e-15
245750,8.34444576399e-15
246000,7.14575072519e-15
246250,1.16224141646e-14
246500,9.52497622259e-15
246750,1.28780871992e-14
247000,1.37281401429e-14
247250,1.43086387266e-14
247500,1.46294999351e-14
247750,1.93611375726e-14
248000,1.82383120775e-14
248250,2.8441798185e-14
248500,3.28063538516e-14
248750,3.92943969516e-14
249000,5.12660311621e-14
249250,7.44712481922e-14
249500,1.12115913479e-13
249750,2.41451015657e-13
250000,2.31421013518
250250,2.6139256907e-13
250500,1.39647993611e-13
250750,8.95261897266e-14
251000,7.63187377822e-14
251250,6.1905367628e-14
251500,4.99222225389e-14
251750,4.62827918336e-14
252000,4.51435284601e-14
252250,3.99112684096e-14
252500,3.31009795505e-14
252750,3.36931482214e-14
253000,3.41111095829e-14
253250,2.79340428988e-14
253500,2.44374842522e-14
253750,2.1510196242e-14
254000,2.76076562876e-14
254250,3.21037608938e-14
254500,1.90657694785e-14
254750,2.05890531054e-14
255000,8.48446630014e-15
255250,2.31609959418e-14
255500,2.05189248343e-14
255750,2.8451217606e-14
256000,3.05266240515e-14
256250,3.34966745926e-14
256500,2.72577510256e-14
256750,1.2329613647e-14
257000,1.79906771991e-14
257250,1.49317802334e-14
257500,2.60427454545e-14
257750,1.65400058047e-14
258000,1.67630853426e-14
258250,1.49471292523e-14
258500,2.09903948913e-14
258750,1.76058806121e-14
259000,1.14006277688e-14
259250,1.31266125534e-14
259500,1.74724817405e-14
259750,2.1096260735e-14
260000,1.55974803203e-14
260250,1.38891220244e-14
260500,1.48541061561e-14
260750,1.702619874e-14
261000,1.63504933246e-14
261250,1.67447779952e-14
261500,1.28206367357e-14
261750,1.01110130081e-14
262000,1.42037849093e-14
262250,1.3948955992e-14
262500,1.64991993138e-14
262750,1.86163344061e-14
263000,1.24521580725e-14
263250,1.04488814925e-14
263500,1.60241437154e-14
263750,2.32258504582e-14
264000,1.47101406332e-14
264250,1.21304762345e-14
264500,1.67195893465e-14
264750,1.68003215263e-14
265000,1.70228118312e-14
265250,1.22329833553e-14
265500,1.7109298013e-14
265750,1.26337688032e-14
266000,1.36277602269e-14
266250,1.4524093332e-14
266500,1.08925833646e-14
266750,1.20674251807e-14
267000,1.14335559249e-14
267250,1.5033089195e-14
267500,1.09598932163e-14
267750,1.10434063671e-14
268000,1.02260343945e-14
268250,7.59538513439e-15
268500,8.93569303468e-15
268750,1.00387104336e-14
269000,9.65408536414e-15
269250,8.59159474194e-15
269500,6.59118225013e-15
269750,1.02827553234e-14
270000,1.33756507374e-14
270250,1.61320466971e-14
270500,1.52831768754e-14
270750,1.84783278887e-14
271000,1.22649662121e-14
271250,9.40702056112e-15
271500,1.09952076266e-14
271750,1.34036340435e-14
272000,1.33716579362e-14
272250,1.42056147346e-14
272500,1.12246553713e-14
272750,1.07936304792e-14
273000,1.36093472788e-14
273250,1.25881308776e-14
273500,1.63517434325e-14
273750,7.51803675539e-15
274000,1.03038454529e-14
274250,1.35673107316e-14
274500,1.69049827988e-14
274750,1.64061651664e-14
275000,1.76227921846e-14
275250,2.42024831426e-15
275500,1.79943831917e-14
275750,8.82138077181e-15
276000,1.15830180075e-14
276250,1.08613771116e-14
276500,1.39317107492e-14
276750,1.11514338126e-14
277000,1.29250162404e-14
277250,1.24187740249e-14
277500,1.26960617978e-14
277750,8.67871769486e-15
278000,1.44931849843e-14
278250,1.25019011887e-14
278500,9.79462312751e-15
278750,7.44766405198e-15
279000,1.09513008166e-14
279250,9.47662532454e-15
279500,1.33488250614e-14
279750,7.71881653497e-15
280000,1.02065916254e-14
280250,7.97503007119e-15
280500,9.74747665923e-15
280750,3.2463606477e-15
281000,1.46030150209e-14
281250,2.0825368364e-14
281500,8.79393513295e-15
281750,1.25436898324e-14
282000,1.09262562943e-14
282250,1.15549526165e-14
282500,1.05227145978e-14
282750,6.45004465506e-15
283000,9.5152375296e-15
283250,9.51617410124e-15
283500,7.0333747632e-15
283750,8.55543338476e-15
284000,8.62480599476e-15
284250,1.11061908579e-14
284500,1.08524694358e-14
284750,7.38199771521e-15
285000,1.12122584935e-14
285250,1.89581992617e-14
285500,1.51351366132e-14
285750,4.81235005344e-15
286000,6.60533302577e-15
286250,6.94225357039e-15
286500,6.15647047346e-15
286750,8.85648459565e-15
287000,5.77624260563e-15
287250,1.08834235147e-14
287500,8.52046628699e-15
287750,8.43201227374e-15
288000,5.73447009457e-15
288250,8.17204686851e-15
288500,8.20162577624e-15
288750,1.07002770561e-14
289000,6.03696901894e-15
289250,1.03393034186e-14
289500,1.09975759336e-14
289750,1.29216966714e-14
290000,6.42308299846e-15
290250,8.57600314601e-15
290500,8.29193622535e-15
290750,6.79675350661e-15
291000,1.20171630046e-14
291250,1.85807466589e-14
291500,1.03523295354e-14
291750,1.12618906422e-14
292000,6.74983218646e-15
292250,9.58969562215e-15
292500,9.19750604237e-15
292750,9.92407780105e-15
293000,6.26158227994e-15
293250,8.12804167987e-15
293500,1.04500286078e-14
293750,9.77912372477e-15
294000,1.12923929e-14
294250,1.18384183522e-14
294500,9.88963658671e-15
294750,7.4787543972e-15
295000,5.81068319044e-15
295250,6.62377286449e-15
295500,9.10688862179e-15
295750,6.88913073709e-15
296000,7.77866709816e-15
296250,6.14408502015e-15
296500,8.38275845661e-15
296750,1.11801252418e-14
297000,8.49325144152e-15
297250,1.04511717983e-14
297500,8.67259541212e-15
297750,7.66062048619e-15
298000,1.03847517472e-14
298250,5.43025976266e-15
298500,7.99376524151e-15
298750,1.2415590883e-14
299000,1.46863693347e-14
299250,1.29809355134e-14
299500,2.1775272114e-14
299750,4.24965264787e-14
300000,0.339830623247
300250,4.45910993743e-14
300500,2.59386087077e-14
300750,2.11252903349e-14
301000,1.50666783021e-14
301250,8.1918229776e-15
301500,1.69363182847e-14
301750,1.39407230071e-14
302000,1.24800958235e-14
302250,6.13185913775e-15
302500,8.44411163283e-15
302750,1.02418689132e-14
303000,1.32993779596e-14
303250,6.44895200201e-15
303500,8.82331448519e-15
303750,8.40541417095e-15
304000,1.92766843221e-14
304250,1.07704054446e-14
304500,8.44937523467e-15
304750,5.58513368038e-15
305000,1.49857534205e-14
305250,1.78418144452e-14
305500,2.17672271743e-15
305750,1.69858224371e-14
306000,1.75053222287e-14
306250,1.89801545002e-14
306500,8.2740305109e-15
306750,5.97655741352e-15
307000,7.14030958627e-15
307250,1.36791956073e-14
307500,1.71561583236e-14
307750,3.82210864742e-15
308000,4.90692467167e-15
308250,1.01894304716e-14
308500,9.77959747327e-15
308750,9.76458749323e-15
309000,4.86810370878e-15
309250,9.23353168168e-15
309500,1.71920169635e-14
309750,6.06707185287e-15
310000,7.56589695352e-15
310250,4.35913887528e-15
310500,7.42775780997e-15
310750,9.0209714974e-15
311000,9.131840359e-15
311250,8.68818503211e-15
311500,1.07041125316e-14
311750,8.13743109396e-15
312000,2.49915527543e-15
312250,9.25326547862e-15
312500,1.04317909809e-14
312750,9.69959486987e-15
313000,1.21696240235e-14
313250,8.1954238218e-15
313500,6.90887756335e-15
313750,1.1462037331e-14
314000,8.55299647586e-15
314250,9.1817176857e-15
314500,1.18386330121e-14
314750,8.2951659755e-15
315000,9.27490479973e-15
315250,1.03975271776e-14
315500,1.38596725057e-14
315750,1.18498500274e-14
316000,9.52346916931e-15
316250,4.44624761301e-15
316500,7.76106351834e-15
316750,8.81654714596e-15
317000,1.0306540549e-14
317250,1.1388280138e-14
317500,1.2264082325e-14
317750,1.00463216105e-14
318000,1.01100759142e-14
318250,5.60864382903e-15
318500,9.35129788078e-15
318750,7.35880200928e-15
319000,9.45926270918e-15
319250,5.7482548341e-15
319500,7.07564154487e-15
319750,8.36573914477e-15
320000,7.22020861294e-15
320250,9.1258878654e-15
320500,4.52632657702e-15
320750,1.26704111275e-14
321000,4.59406591345e-15
321250,8.20522968738e-15
321500,1.00115492855e-14
321750,8.75224912598e-15
322000,6.72339207266e-15
322250,5.5969145589e-15
322500,6.65722878984e-15
322750,8.93882395615e-15
323000,6.92290641194e-15
323250,7.64079057541e-15
323500,5.65946772203e-15
323750,7.77465511538e-15
324000,1.00877369773e-14
324250,1.19024600275e-14
324500,6.57546971611e-15
324750,8.80507732205e-15
325000,3.16610537487e-15
325250,1.61839322539e-14
325500,6.89874886301e-15
325750,1.07839895463e-14
326000,1.58048444932e-14
326250,9.76644487353e-15
326500,1.28893179628e-14
326750,4.83050658021e-15
327000,6.62932507218e-15
327250,1.02717685485e-14
327500,1.08997464399e-14
327750,9.56482300333e-15
328000,6.881752579e-15
328250,5.79727202964e-15
328500,8.38611831343e-15
328750,6.49792500138e-15
329000,9.1754455176e-15
329250,5.54066356877e-15
329500,6.27700804905e-15
329750,5.07512353013e-15
330000,7.16671597699e-15
330250,5.33402149711e-15
330500,5.76258903216e-15
330750,5.20012379322e-15
331000,2.35439003669e-15
331250,8.39632121033e-15
331500,8.93292994599e-15
331750,6.21015365672e-15
332000,6.84619549101e-15
332250,6.71322748284e-15
332500,9.31704042331e-15
332750,8.08204742307e-15
333000,9.87066249528e-15
333250,9.72605897705e-15
333500,5.72856535242e-15
333750,6.91899507374e-15
334000,1.1764146557e-14
334250,1.53119401631e-14
334500,2.06108206999e-14
334750,1.72161705316e-14
335000,1.53286024598e-14
335250,1.72141042574e-14
335500,1.35435946137e-14
335750,9.74565610556e-15
336000,6.40222900513e-15
336250,8.37994646618e-15
336500,4.54535456092e-15
336750,4.80330593595e-15
337000,4.99536590459e-15
337250,6.77191084748e-15
337500,9.94435100661e-15
337750,8.22484660879e-15
338000,6.01190506184e-15
338250,5.77457447053e-15
338500,7.59043698607e-15
338750,7.32080881289e-15
339000,7.3209613368e-15
339250,8.58645908042e-15
339500,4.00708131057e-15
339750,9.65325197302e-15
340000,7.44829445633e-15
340250,6.06530611513e-15
340500,8.10746358919e-15
340750,1.11091344643e-14
341000,2.20043286603e-15
341250,1.17034112415e-14
341500,8.6608578662e-15
341750,7.15369041305e-15
342000,9.67739483482e-15
342250,6.5480645313e-15
342500,6.60875914837e-15
342750,5.20965961784e-15
343000,8.83893740399e-15
343250,2.36660645066e-15
343500,7.09908219763e-15
343750,6.23482131123e-15
344000,7.67853841355e-15
344250,8.04328258527e-15
344500,1.01258030447e-14
344750,6.71123745844e-15
345000,6.36420885053e-15
345250,3.30004052657e-15
345500,6.92451023317e-15
345750,5.68408089338e-15
346000,7.44009708402e-15
346250,7.68526018519e-15
346500,4.62433009601e-15
346750,7.84744234483e-15
347000,9.25791418349e-15
347250,9.16744108249e-15
347500,6.30563582027e-15
347750,6.72710783513e-15
348000,9.20719091356e-15
348250,5.73091802519e-15
348500,6.3069248122e-15
348750,8.13250690256e-15
349000,6.09231595291e-15
349250,4.76164810678e-15
349500,5.0299619602e-15
349750,6.25029125842e-15
350000,0.0847569678366
350250,2.14356853089e-14
350500,1.64129189647e-14
350750,1.08589822109e-14
351000,1.30892688542e-14
351250,1.22509913408e-14
351500,9.39555891652e-15
351750,9.79256973952e-15
352000,1.3863378052e-14
352250,1.15767524494e-14
352500,6.31397435293e-15
352750,1.00556594398e-14
353000,1.42759127418e-14
353250,8.27863546454e-15
353500,5.5497765428e-15
353750,3.06642243095e-15
354000,1.26096254343e-14
354250,1.48233284285e-14
354500,2.1817649346e-15
354750,3.16057930099e-15
355000,9.49330372779e-15
355250,1.20393299293e-14
355500,1.12749352478e-14
355750,2.20318910061e-14
356000,1.68958542104e-14
356250,1.73582349977e-14
356500,1.54464349555e-14
356750,3.98344959071e-15
357000,9.23942722724e-15
357250,6.51997945872e-15
357500,1.79237533709e-14
357750,7.41395841558e-15
358000,6.15420153192e-15
358250,3.11965196552e-15
358500,1.12469921948e-14
358750,9.38317434443e-15
359000,5.70246237484e-15
359250,4.13404174414e-15
359500,1.01415582807e-14
359750,1.04552338112e-14
360000,7.6907202707e-15
360250,8.09134484896e-15
360500,1.071062744e-14
360750,1.01197691297e-14
361000,6.7655569112e-15
361250,9.18794592952e-15
361500,6.50453814182e-15
361750,6.58456600752e-15
362000,1.00165705438e-14
362250,5.78761189087e-15
362500,1.23357935613e-14
362750,5.84523615624e-15
363000,8.42963964774e-15
363250,6.76693603346e-15
363500,6.84295327561e-15
363750,9.48984486476e-15
364000,7.61306680913e-15
364250,7.02344507287e-15
364500,6.46648609888e-15
364750,1.0555679995e-14
365000,9.12989369343e-15
365250,8.01289161627e-15
365500,8.23438207955e-15
365750,6.699218843e-15
366000,7.0582896618e-15
366250,8.73707582714e-15
366500,5.41997080154e-15
366750,5.74017092698e-15
367000,5.41320819291e-15
367250,1.05655752027e-14
367500,1.06379833529e-14
367750,1.31725844115e-14
368000,1.24220484766e-14
368250,7.91817596958e-15
368500,6.73793368816e-15
368750,3.72651571554e-15
369000,2.88121676652e-15
369250,6.00040446678e-15
369500,5.22671283308e-15
369750,6.85813871018e-15
370000,5.10769100482e-15
370250,5.09330563163e-15
370500,4.24486583881e-15
370750,3.23428528409e-15
371000,4.65642550138e-15
371250,5.54345110797e-15
371500,8.05151210913e-15
371750,6.87580224839e-15
372000,7.33159488988e-15
372250,1.09411873903e-14
372500,5.62368028772e-15
372750,4.08659831894e-15
373000,8.33921835757e-15
373250,8.53163892957e-15
373500,1.28498233832e-14
373750,5.84740736278e-15
374000,8.34360688146e-15
374250,3.05115122753e-15
374500,1.57164011907e-14
374750,1.43350114954e-14
375000,1.18801748762e-14
375250,4.38649291133e-15
375500,9.46146528103e-15
375750,7.80602379661e-15
376000,8.38392261043e-15
376250,7.09656214079e-15
376500,1.0888431344e-14
376750,8.38339678551e-15
377000,8.91709236471e-15
377250,4.46409020112e-15
377500,7.92697934325e-15
377750,4.92255857335e-15
378000,9.60952782823e-15
378250,5.84407340477e-15
378500,8.18157726262e-15
378750,4.91343215905e-15
379000,7.0179355584e-15
379250,6.59755470175e-15
379500,9.17009811528e-15
379750,5.40557885089e-15
380000,5.60693011929e-15
380250,4.18934998672e-15
380500,6.70097225909e-15
380750,5.67225694946e-15
381000,4.907323673e-15
381250,5.8959921161e-15
381500,3.41992778506e-15
381750,6.24205232536e-15
382000,8.08552429906e-15
382250,5.44273894166e-15
382500,6.43316145222e-15
382750,2.92410120363e-15
383000,4.44817807961e-15
383250,3.52178342064e-15
383500,2.49103248933e-15
383750,1.15861235661e-15
384000,4.71063686526e-15
384250,8.99206129814e-15
384500,1.72597531895e-14
384750,1.80472003017e-14
385000,1.98641440084e-14
385250,1.99935206112e-14
385500,1.90791751744e-14
385750,7.4444889816e-15
386000,8.28023794838e-15
386250,5.38473838088e-15
386500,3.7413392539e-15
386750,7.24015142809e-15
387000,3.50752772828e-15
387250,6.46878436206e-15
387500,3.88410484797e-15
387750,3.72126783933e-15
388000,1.8180414998e-15
388250,3.68477402327e-15
388500,3.3096537715e-15
388750,4.02007089473e-15
389000,4.79539326101e-15
389250,7.98982211105e-15
389500,9.69932009324e-15
389750,1.13751132226e-14
390000,2.33187632365e-15
390250,4.64316393851e-15
390500,3.08271050528e-15
390750,1.1529373764e-14
391000,7.78943097509e-15
391250,8.20516976171e-15
391500,7.89970123678e-15
391750,6.06083538267e-15
392000,5.6002060611e-15
392250,6.62413856178e-15
392500,6.10210690466e-15
392750,3.13766249557e-15
393000,4.30538406745e-15
393250,6.78670123686e-15
393500,4.64844537643e-15
393750,5.55746706852e-15
394000,5.34855650109e-15
394250,4.777295542e-15
394500,5.85219090425e-15
394750,4.8710069198e-15
395000,6.7742070833e-15
395250,3.73156767125e-15
395500,4.31787522872e-15
395750,3.78993119549e-15
396000,6.20488858841e-15
396250,3.34917205865e-15
396500,5.28028928703e-15
396750,6.77221749742e-15
397000,6.41405138629e-15
397250,3.90744532395e-15
397500,6.93528330738e-15
397750,6.89274084648e-15
398000,6.81365480713e-15
398250,3.72195227159e-15
398500,4.79947959366e-15
398750,2.37893326362e-15
399000,3.4167762534e-15
399250,4.1014789881e-15
399500,3.90624796713e-15
399750,3.56318685823e-15
400000,0.00919232764407
400250,6.90301178262e-15
400500,7.57300854393e-15
400750,4.65416877673e-15
401000,3.70062195179e-15
401250,4.9255507473e-15
401500,8.03290383789e-15
401750,6.47532025338e-15
402000,8.13457679288e-15
402250,4.6636053321e-15
402500,6.34341891395e-15
402750,6.54086561245e-15
403000,7.82046924825e-15
403250,4.30261713682e-15
403500,6.44915548106e-15
403750,4.59032121884e-15
404000,9.73775783119e-15
404250,8.81682860051e-15
404500,1.03162530275e-14
404750,8.81615938553e-15
405000,1.16450073916e-14
405250,4.05970580624e-15
405500,1.96081854941e-15
405750,5.18901524434e-15
406000,9.05520861685e-15
406250,9.56898531019e-15
406500,2.72348008703e-15
406750,4.22587927495e-15
407000,4.66705134288e-15
407250,9.01514500302e-15
407500,8.98418461695e-15
407750,6.24969317193e-15
408000,4.7957354007e-15
408250,8.56741294152e-15
408500,6.59740488436e-15
408750,7.87038814718e-15
409000,5.57433254413e-15
409250,6.61896997702e-15
409500,6.53194808065e-15
409750,8.32673406947e-15
410000,6.98715057248e-15
410250,7.98871730669e-15
410500,3.44221403091e-15
410750,6.5702951323e-15
411000,1.90035717202e-15
411250,7.00785431803e-15
411500,5.62894582764e-15
411750,1.14442116324e-14
412000,1.59022740699e-15
412250,5.74183449987e-15
412500,1.0351373272e-14
412750,7.43458213632e-15
413000,8.10373050202e-15
413250,6.37366018407e-15
413500,1.59138932883e-15
413750,8.6870956992e-15
414000,5.18979408625e-15
414250,6.72094442408e-15
414500,1.00345411684e-14
414750,7.99091794075e-15
415000,5.25658806738e-15
415250,5.04718945757e-15
415500,9.94338538402e-15
415750,7.30454025453e-15
416000,8.70097602318e-15
416250,3.73750664275e-15
416500,7.35739621215e-15
416750,7.7180196215e-15
417000,9.37437416156e-15
417250,1.14745531042e-14
417500,1.06494861304e-14
417750,8.4291579835e-15
418000,4.34134122672e-15
418250,5.87159398276e-15
418500,4.56541958745e-15
418750,2.80256602901e-15
419000,8.11833166964e-15
419250,6.68145577238e-15
419500,1.12413100632e-14
419750,4.13011517096e-15
420000,4.83521230534e-15
420250,1.12211155338e-14
420500,5.574036461e-15
420750,1.24192998587e-14
421000,1.93551459026e-15
421250,7.66835887276e-15
421500,4.12059991757e-15
421750,7.30543342875e-15
422000,6.45288543157e-15
422250,6.26305166767e-15
422500,6.42324355539e-15
422750,4.21858339609e-15
423000,4.82397875038e-15
423250,3.79599493684e-15
423500,7.10727880237e-15
423750,7.57309685009e-15
424000,1.0739805612e-14
424250,4.04959939195e-15
424500,1.95785923698e-15
424750,6.68925312456e-15
425000,6.63275058964e-15
425250,6.38632903265e-15
425500,6.61677504628e-15
425750,5.96153564029e-15
426000,5.54037497234e-15
426250,4.52253751787e-15
426500,7.07789935565e-15
426750,4.74200666281e-15
427000,5.69883767147e-15
427250,7.49008130268e-15
427500,8.08518368199e-15
427750,5.93643184898e-15
428000,4.0664111736e-15
428250,6.68500871051e-15
428500,7.69218937125e-15
428750,4.16961225316e-15
429000,5.84951744782e-15
429250,3.6772579152e-15
429500,6.34228173219e-15
429750,4.74327670858e-15
430000,5.90671572357e-15
430250,5.63059444543e-15
430500,5.98768587479e-15
430750,3.15484297466e-15
431000,4.49261596467e-15
431250,5.82184781122e-15
431500,5.49993820765e-15
431750,5.82873506372e-15
432000,3.94510510192e-15
432250,5.36646973169e-15
432500,6.56538183478e-15
432750,7.69514159741e-15
433000,9.47342176182e-15
433250,7.51960425539e-15
433500,3.52556747839e-15
433750,7.34546479487e-15
434000,1.06539050826e-14
434250,1.59774114276e-14
434500,1.87407504346e-14
434750,2.14144157819e-14
435000,1.44566088448e-14
435250,1.48066903555e-14
435500,6.01973913269e-15
435750,4.33292433632e-15
436000,5.46714314478e-15
436250,3.04726516957e-15
436500,9.62773485267e-15
436750,4.27360415787e-15
437000,2.05199154269e-15
437250,6.56184066214e-15
437500,7.85487756461e-15
437750,6.33419090488e-15
438000,2.38568022637e-15
438250,3.07091555987e-15
438500,3.71317274972e-15
438750,6.30795562947e-15
439000,5.00656566093e-15
439250,4.68216887441e-15
439500,3.14863457323e-15
439750,4.85644540901e-15
440000,7.01315348926e-15
440250,4.86096683746e-15
440500,9.18725252364e-15
440750,1.36711528987e-14
441000,2.99778462479e-15
441250,1.0083894805e-14
441500,7.67630763803e-15
441750,4.20221792514e-15
442000,5.85430367517e-15
442250,4.77971579393e-15
442500,4.35500373738e-15
442750,5.56826738054e-15
443000,9.57134256363e-15
443250,2.56021235982e-15
443500,5.10260673327e-15
443750,4.15184950279e-15
444000,7.58018441294e-15
444250,7.98586913819e-15
444500,8.06592748721e-15
444750,6.88652073686e-15
445000,4.69936423729e-15
445250,1.59502480667e-15
445500,3.59309758338e-15
445750,4.61828486906e-15
446000,5.40109907863e-15
446250,6.24290302496e-15
446500,4.03381054887e-15
446750,1.07893143696e-14
447000,1.61779716061e-14
447250,8.41583615429e-15
447500,4.51280394518e-15
447750,5.78395005741e-15
448000,6.48392198888e-15
448250,4.19712986511e-15
448500,4.18694116092e-15
448750,7.0019266713e-15
449000,7.12614320351e-15
449250,4.03314036477e-15
449500,7.57170048468e-15
449750,5.40800980499e-15
450000,0.00176492516844
450250,6.93724162267e-15
450500,5.0299819486e-15
450750,4.67931370102e-15
451000,6.091008431e-15
451250,1.041713415e-14
451500,7.67530045813e-15
451750,5.82313159168e-15
452000,9.27821546322e-15
452250,7.35029355889e-15
452500,7.00800156419e-15
452750,6.92479309933e-15
453000,8.29105416068e-15
453250,6.30680109664e-15
453500,3.85157331488e-15
453750,4.69585781025e-15
454000,8.17122510787e-15
454250,7.15995681787e-15
454500,5.13330310224e-15
454750,3.28879971626e-15
455000,3.75952934326e-15
455250,1.11441210718e-15
455500,5.2309450092e-15
455750,7.98368853203e-15
456000,7.22190428131e-15
456250,8.65802077021e-15
456500,7.52042768806e-15
456750,2.48892488472e-15
457000,5.20500922753e-15
457250,5.51362809232e-15
457500,5.24628331653e-15
457750,4.9243363709e-15
458000,4.7851851115e-15
458250,2.82148155588e-15
458500,4.33198902354e-15
458750,5.22033637778e-15
459000,3.71950179861e-15
459250,4.90206148666e-15
459500,6.71033184027e-15
459750,5.96361627821e-15
460000,4.75245446384e-15
460250,1.04085475937e-14
460500,9.17753438304e-15
460750,6.73408232168e-15
461000,5.42940765426e-15
461250,4.20673329282e-15
461500,8.48019000179e-15
461750,2.7192286985e-15
462000,1.02439064675e-14
462250,4.39658007128e-15
462500,1.03118203778e-14
462750,3.09691551681e-15
463000,1.02112614151e-14
463250,7.09006821632e-15
463500,9.58389599747e-15
463750,2.94725118375e-15
464000,5.32326905769e-15
464250,4.5765805357e-15
464500,1.50397165828e-15
464750,8.56612670244e-15
465000,6.95132494452e-15
465250,8.39806446847e-15
465500,3.37348910532e-15
465750,3.47186933796e-15
466000,5.90326982596e-15
466250,6.71430962869e-15
466500,5.20403162224e-15
466750,1.71403940535e-15
467000,2.49203679645e-15
467250,7.07519650629e-15
467500,1.15117410388e-14
467750,1.09038450646e-14
468000,1.2422415574e-14
468250,4.26062869638e-15
468500,8.10008822117e-15
468750,3.56587676614e-15
469000,5.18769571492e-15
469250,9.18218718457e-15
469500,9.62890068595e-15
469750,4.61590014678e-15
470000,3.05568161371e-15
470250,6.92901933646e-15
470500,2.58338885497e-15
470750,2.97229376138e-15
471000,3.2216694471e-15
471250,5.38479263438e-15
471500,8.08078038146e-15
471750,4.12824318973e-15
472000,1.04650396719e-14
472250,5.50340768683e-15
472500,5.98734764405e-15
472750,4.73707487334e-15
473000,6.86718028765e-15
473250,7.57774154751e-15
473500,1.03317394706e-14
473750,4.23920590865e-15
474000,6.01847209214e-15
474250,6.07267608263e-15
474500,1.04525706255e-14
474750,9.02314530917e-15
475000,1.22639620372e-14
475250,5.54879932494e-15
475500,8.69597352921e-15
475750,7.0537086348e-15
476000,5.62485621224e-15
476250,7.15994046008e-15
476500,9.64820424059e-15
476750,8.37056953058e-15
477000,8.68639758015e-15
477250,2.26347950458e-15
477500,6.09113835669e-15
477750,3.4598649089e-15
478000,6.91839885382e-15
478250,5.57067392182e-15
478500,4.94835356534e-15
478750,3.01958350144e-15
479000,4.18188528354e-15
479250,5.43493621221e-15
479500,7.10039811479e-15
479750,5.14639827784e-15
480000,5.06529281085e-15
480250,2.05696211311e-15
480500,3.03663813304e-15
480750,2.84787546154e-15
481000,3.3024052929e-15
481250,3.72350620871e-15
481500,2.33727207158e-15
481750,5.66830121222e-15
482000,4.82246642227e-15
482250,4.5792041259e-15
482500,4.42445362942e-15
482750,1.52314295199e-15
483000,1.38615528912e-15
483250,1.54081061956e-15
483500,3.86433132605e-15
483750,3.68431413933e-15
484000,1.61445356036e-15
484250,1.62433805264e-15
484500,8.02016971592e-15
484750,6.03108864892e-15
485000,6.67619615298e-15
485250,5.46401478466e-15
485500,7.33560295664e-15
485750,1.1911877447e-15
486000,2.72834850103e-15
486250,8.78708881966e-15
486500,3.42788094637e-15
486750,8.4865300509e-15
487000,4.80445359495e-15
487250,6.30852094695e-15
487500,2.61936391777e-15
487750,5.61303841574e-15
488000,8.80705233298e-16
488250,3.62604334971e-15
488500,3.49144268864e-15
488750,4.30867130835e-15
489000,4.43249962601e-15
489250,5.8480459839e-15
489500,5.19148053745e-15
489750,9.483640955e-15
490000,4.99778414077e-15
490250,5.89178809448e-15
490500,9.62332272046e-16
490750,9.09541430898e-15
491000,9.70419436221e-15
491250,3.48732033894e-15
491500,7.19102456216e-15
491750,3.93264918696e-15
492000,2.75881273791e-15
492250,2.95220440672e-15
492500,2.93839519665e-15
492750,6.92180718768e-16
493000,6.33530475237e-15
493250,7.07671029348e-15
493500,1.95733893786e-15
493750,6.67181146489e-16
494000,1.12438934568e-15
494250,2.42605072752e-15
494500,3.45602271907e-15
494750,5.233284705e-15
495000,3.94921679887e-15
495250,3.00289850215e-15
495500,3.46212119436e-15
495750,3.59007968291e-15
496000,3.95030619058e-15
496250,5.35636390356e-15
496500,7.83612101057e-15
496750,1.15785002855e-14
497000,1.28766849635e-14
497250,4.84988260343e-15
497500,4.68996765845e-15
497750,5.65175363862e-15
498000,7.07413789026e-15
498250,7.49661819675e-15
498500,7.33369938055e-15
498750,3.90452351305e-16
499000,3.36567537718e-15
499250,1.88055321803e-15
499500,1.39599528119e-15
499750,4.6867576931e-15
500000,0.000152027592153
500250,3.66522681765e-15
500500,5.55689851451e-15
500750,4.90126771724e-15
501000,4.62337358772e-15
501250,4.47503204291e-15
501500,5.1017513385e-15
501750,4.81293678066e-15
502000,5.69498697376e-15
502250,3.54029832619e-15
502500,5.14622962566e-15
502750,3.08797936307e-15
503000,6.06083211912e-15
503250,4.17000725442e-15
503500,4.28671470961e-15
503750,3.94407669539e-15
504000,4.45525531015e-15
504250,5.17848559907e-15
504500,5.47291557223e-15
504750,5.11165029937e-15
505000,3.80890596557e-15
505250,6.61544864727e-15
505500,6.47838074965e-15
505750,4.437567473e-15
506000,8.37957721114e-15
506250,4.43013952776e-15
506500,2.75562865336e-15
506750,3.78010676222e-15
507000,2.79448502392e-15
507250,4.81156155954e-15
507500,1.6015833894e-15
507750,5.49375794468e-15
508000,5.01566919045e-15
508250,6.11557637277e-15
508500,3.45971940092e-15
508750,5.41239236002e-15
509000,3.97936853702e-15
509250,4.45971924931e-15
509500,4.74535798614e-15
509750,1.0620123234e-14
510000,7.63170127867e-15
510250,6.97572619745e-15
510500,2.93917628195e-15
510750,4.25321628966e-15
511000,3.97851855817e-15
511250,5.76360855044e-15
511500,3.94808479204e-15
511750,1.30164683798e-14
512000,2.77781140412e-15
512250,5.93115174038e-15
512500,5.41736234962e-15
512750,8.29565494406e-15
513000,2.2153961726e-15
513250,6.30816752357e-15
513500,5.59747353458e-15
513750,7.92711057139e-15
514000,3.47696021686e-15
514250,3.89081697408e-15
514500,7.8192060893e-15
514750,7.91883395833e-15
515000,5.34427889046e-15
515250,1.60338216044e-15
515500,3.57401296123e-15
515750,2.39725601572e-15
516000,7.4435805582e-15
516250,2.48543128725e-15
516500,7.65998670959e-15
516750,7.08959246968e-15
517000,4.73239253158e-15
517250,7.12199905682e-15
517500,4.86538988053e-15
517750,3.7526386748e-15
518000,5.54211652609e-15
518250,3.48182599484e-15
518500,4.50860013255e-15
518750,2.3507595657e-15
519000,6.2774996328e-15
519250,7.27509860345e-15
519500,8.77303877683e-15
519750,2.889660146e-15
520000,4.13846999318e-15
520250,6.74210762349e-15
520500,8.83942030269e-15
520750,9.36279490131e-15
521000,5.77189936439e-15
521250,8.14151842477e-15
521500,1.01824378691e-14
521750,4.02716563413e-15
522000,1.42340417456e-14
522250,6.07099603096e-15
522500,8.34909150592e-15
522750,1.2511365392e-15
523000,5.8089252012e-15
523250,2.45807319879e-15
523500,1.11265596376e-14
523750,4.31906031849e-15
524000,5.93880660795e-15
524250,5.96854739574e-16
524500,8.62876322526e-15
524750,8.5393249785e-15
525000,1.67738038273e-14
525250,1.29947453001e-14
525500,7.70793172786e-15
525750,1.53897249305e-14
526000,7.43263525203e-15
526250,2.74445830407e-15
526500,7.13253642662e-15
526750,6.84230974194e-15
527000,7.17799080459e-15
527250,6.26031837751e-15
527500,3.18434213319e-15
527750,2.05675162897e-15
528000,3.84782883972e-15
528250,5.97497724498e-15
528500,5.53063378633e-15
528750,3.76968214919e-15
529000,4.30262115386e-15
529250,2.63675308792e-15
529500,7.02732509323e-15
529750,4.96009016356e-15
530000,5.07611643522e-15
530250,4.28682950114e-15
530500,4.21239191213e-15
530750,4.83479441243e-15
531000,6.97952102056e-15
531250,6.75752902596e-15
531500,6.88435537305e-15
531750,5.72571929112e-15
532000,5.61022807605e-15
532250,4.24978590236e-15
532500,4.25798167754e-15
532750,3.76059303034e-15
533000,5.60730601833e-15
533250,5.40974136488e-15
533500,3.99200806833e-15
533750,4.02284310556e-15
534000,4.26860478697e-15
534250,4.09716601477e-15
534500,6.48514881366e-15
534750,5.46257773947e-15
535000,3.7389703204e-15
535250,3.3531819672e-15
535500,2.43328999343e-15
535750,2.73064062793e-15
536000,5.08721145433e-15
536250,3.4656829852e-15
536500,6.32133239932e-15
536750,2.46002869743e-15
537000,2.83335409522e-15
537250,1.64633166445e-15
537500,4.43309739358e-15
537750,3.35013835454e-15
538000,4.6979313617e-16
538250,3.93690986322e-15
538500,3.23992143643e-16
538750,5.64658106835e-15
539000,4.31269734086e-15
539250,2.54114688097e-15
539500,2.66306640597e-15
539750,4.44654973379e-15
540000,3.69858469118e-15
540250,3.24446411592e-15
540500,1.46884172136e-15
540750,3.83185249512e-15
541000,3.22673053511e-15
541250,1.08919258906e-14
541500,8.29356137561e-15
541750,2.42751945673e-15
542000,1.94742747543e-15
542250,5.44768823804e-15
542500,5.76858769154e-15
542750,6.27877586246e-15
543000,8.40071701714e-15
543250,2.89796694041e-15
543500,5.22953637566e-15
543750,4.46349005695e-15
544000,7.7905364324e-15
544250,7.76545307553e-15
544500,5.17371593628e-15
544750,5.42911206101e-15
545000,3.32524771995e-15
545250,1.31584530218e-15
545500,2.71149379774e-15
545750,9.39983152532e-16
546000,4.75306133428e-15
546250,6.8188312937e-15
546500,4.85835798783e-15
546750,1.12188420619e-14
547000,1.66468144579e-14
547250,9.49257657721e-15
547500,2.60215837043e-15
547750,5.16465077011e-15
548000,7.12560720505e-15
548250,5.09719482364e-15
548500,2.50719863504e-15
548750,1.07486210985e-15
549000,7.34575549092e-15
549250,6.60905273316e-15
549500,1.09465139805e-14
549750,4.40235804292e-15
550000,2.37560518374e-05
550250,6.89613998074e-15
550500,1.02583908489e-15
550750,2.31973664507e-15
551000,4.378600307e-15
551250,6.99380727425e-15
551500,5.08225059537e-15
551750,3.96768649476e-15
552000,5.41231160161e-15
552250,3.83839472468e-15
552500,8.95688084814e-15
552750,1.01249754613e-14
553000,2.27880729502e-15
553250,3.41841318127e-15
553500,1.38164117828e-15
553750,3.43352752142e-15
554000,4.01687233557e-15
554250,3.80212653633e-15
554500,1.96645234951e-15
554750,2.59267523609e-15
555000,2.23462335914e-15
555250,2.95133969517e-15
555500,1.11172133342e-15
555750,5.89540493605e-15
556000,6.85831167813e-15
556250,1.04627416364e-14
556500,8.04979305402e-15
556750,6.17826673332e-15
557000,4.11842056817e-15
557250,1.19980573742e-15
557500,7.90903814576e-16
557750,2.5291831291e-15
558000,3.1748528125e-15
558250,1.90058774807e-15
558500,1.21011450433e-15
558750,4.86787511095e-15
559000,2.3002178716e-15
559250,5.49437783978e-15
559500,6.80741607201e-15
559750,4.1884920418e-15
560000,3.7644792314e-15
560250,7.75549622446e-15
560500,7.080561761e-15
560750,6.79682172729e-15
561000,5.0819078789e-15
561250,3.64678811705e-15
561500,5.69870821921e-15
561750,1.39388546584e-14
562000,1.94563489441e-14
562250,7.17736182104e-15
562500,8.34102457777e-15
562750,4.31651098109e-15
563000,1.00912293403e-14
563250,6.0793559219e-15
563500,5.68834393848e-15
563750,2.98822699615e-15
564000,3.18689911717e-15
564250,2.31977451926e-15
564500,3.22050455734e-15
564750,6.91932440076e-15
565000,7.31352285509e-15
565250,5.29142402597e-15
565500,2.44506608422e-15
565750,5.99922571308e-15
566000,7.6705558519e-15
566250,6.36196585495e-15
566500,4.65242585839e-15
566750,2.97640381827e-15
567000,2.0523709221e-15
567250,7.27389039004e-15
567500,1.00593881208e-14
567750,8.27964843185e-15
568000,6.77259807761e-15
568250,3.69177405387e-15
568500,2.20050396915e-15
568750,2.34914227917e-15
569000,5.72197700594e-15
569250,3.56986949375e-15
569500,2.3352316368e-15
569750,1.45523938352e-16
570000,3.04466210659e-15
570250,6.2240635711e-15
570500,3.75484300795e-15
570750,1.96038272208e-15
571000,5.06083908887e-15
571250,7.43158866263e-15
571500,9.24077270598e-15
571750,1.09837908212e-14
572000,1.61233458505e-14
572250,3.02776027396e-15
572500,5.7842297697e-15
572750,6.44882307504e-15
573000,8.41717943069e-15
573250,5.59483000143e-15
573500,1.09827878434e-14
573750,4.42802399113e-15
574000,5.43723860997e-15
574250,7.81497937408e-15
574500,8.81970598073e-15
574750,9.21149526134e-15
575000,1.44668635539e-14
575250,7.26042493669e-15
575500,7.92239556332e-15
575750,9.42826298514e-15
576000,7.43372964936e-15
576250,7.48546352569e-15
576500,8.05072030387e-15
576750,8.28261535492e-15
577000,4.25244665127e-15
577250,5.12659564925e-15
577500,4.21848446105e-15
577750,3.21425499606e-15
578000,6.40707791342e-15
578250,5.52504105887e-15
578500,5.04728907209e-15
578750,2.79228579966e-15
579000,2.81573078651e-15
579250,3.69892262211e-15
579500,6.57617547588e-15
579750,5.83916953432e-15
580000,6.04558947305e-15
580250,3.09358021635e-15
580500,3.88033137706e-15
580750,2.85688522247e-15
581000,5.40423203813e-15
581250,5.43023185746e-15
581500,6.02512334106e-15
581750,8.2759177234e-15
582000,6.28347387463e-15
582250,3.65715491506e-15
582500,4.21757970061e-15
582750,3.23088029563e-15
583000,3.90815002126e-15
583250,5.66657254106e-15
583500,4.58548811346e-15
583750,4.48022903773e-15
584000,3.78175363639e-15
584250,4.54628204992e-15
584500,5.42511517699e-15
584750,6.82929012762e-15
585000,5.13824515068e-15
585250,3.86558532089e-15
585500,5.10797581963e-15
585750,5.59235287239e-15
586000,4.57613449599e-15
586250,6.78578639149e-15
586500,6.49778462766e-15
586750,5.53541604472e-15
587000,5.52550255512e-15
587250,5.19438728393e-15
587500,2.20180915289e-15
587750,6.59632350121e-15
588000,1.85676356355e-15
588250,5.33921105099e-15
588500,3.11308747439e-15
588750,6.1930671393e-15
589000,5.06718455277e-15
589250,6.67850340913e-15
589500,4.86167931788e-15
589750,6.72362076282e-15
590000,3.48756220898e-15
590250,6.549712039e-15
590500,1.75907331181e-15
590750,6.3441981921e-15
591000,6.61599262925e-15
591250,2.55682872968e-15
591500,4.94112416516e-15
591750,3.91673325751e-15
592000,1.58096190813e-15
592250,2.52673517354e-15
592500,4.03483043639e-15
592750,1.79281172931e-15
593000,4.14416362311e-15
593250,3.67638765646e-15
593500,1.79309693654e-15
593750,1.35147874651e-15
594000,2.66017888037e-16
594250,1.63406875737e-15
594500,2.14577752044e-15
594750,2.67844202627e-15
595000,1.84569585256e-15
595250,6.72682765617e-16
595500,2.55162602228e-15
595750,5.23229206964e-15
596000,5.13262353011e-15
596250,7.73140245182e-15
596500,1.13386171183e-14
596750,6.83106906518e-15
597000,6.18548258445e-15
597250,9.68796616158e-16
597500,3.01916071176e-15
597750,5.63962497525e-15
598000,7.17383837011e-15
598250,7.26975894866e-15
598500,6.09016086582e-15
598750,3.3456768002e-16
599000,3.1633229765e-15
599250,2.44917061098e-15
599500,3.31731397272e-15
599750,4.90725607393e-15
600000,1.69846340027e-06
600250,3.90016655086e-16
600500,6.09901709562e-15
600750,5.65215707035e-15
601000,7.0344245812e-15
601250,5.24247818743e-15
601500,6.20745296785e-15
601750,3.44648052099e-15
602000,4.00625302817e-15
602250,3.35505933207e-15
602500,1.02634753632e-14
602750,1.22985624265e-14
603000,1.35373143085e-14
603250,6.29823109085e-15
603500,4.84781491354e-15
603750,6.07138370666e-15
604000,5.32816909957e-15
604250,4.89830616214e-15
604500,4.21786334598e-15
604750,4.67962139186e-15
605000,4.29924790647e-15
605250,7.55553436694e-15
605500,6.45338321067e-15
605750,6.46534821337e-15
606000,8.04520666111e-15
606250,7.29083788801e-15
606500,3.89325082454e-15
606750,6.17184589688e-15
607000,2.22220053621e-15
607250,1.22703643185e-15
607500,1.97492890094e-15
607750,4.02187271878e-15
608000,6.44334117584e-15
608250,3.84030952534e-15
608500,2.98292253947e-15
608750,3.64158042059e-15
609000,5.49394078661e-15
609250,2.77398245267e-15
609500,2.11469543101e-15
609750,3.33860806627e-15
610000,6.02698060607e-15
610250,1.31680878227e-15
610500,9.30092051496e-15
610750,4.44520208457e-15
611000,8.83277720827e-15
611250,5.57223247893e-15
611500,1.56706629035e-14
611750,4.1027331432e-14
612000,3.82172128147e-14
612250,1.35280426804e-14
612500,8.80062856607e-15
612750,7.96357705779e-15
613000,5.07861368909e-15
613250,5.22426861374e-15
613500,2.3678411968e-15
613750,4.47954306801e-15
614000,3.71553765275e-15
614250,3.60968401418e-15
614500,3.84328063098e-15
614750,5.17742913837e-15
615000,4.69909997501e-15
615250,4.24975470578e-15
615500,3.31806877096e-15
615750,3.46570632321e-15
616000,4.65437083977e-15
616250,2.16484530638e-15
616500,3.09344316307e-15
616750,4.04454873506e-15
617000,1.03458027451e-15
617250,1.01103180969e-15
617500,4.94493547974e-15
617750,4.87095170174e-15
618000,1.23187758638e-14
618250,6.37599183721e-15
618500,9.9570462535e-15
618750,4.38376136844e-15
619000,7.03147483937e-15
619250,7.04865909749e-15
619500,8.64499093291e-15
619750,4.9465012425e-15
620000,5.50725499343e-15
620250,6.81123186076e-15
620500,9.35251503066e-15
620750,2.33904569691e-15
621000,4.72839465479e-15
621250,6.78907844966e-15
621500,8.71362020572e-15
621750,6.2139777453e-15
622000,1.1324431706e-14
622250,3.09612731752e-15
622500,6.05271147515e-15
622750,1.96072132335e-15
623000,4.17599261723e-15
623250,1.51565804928e-15
623500,9.1761827669e-15
623750,3.66746458036e-15
624000,6.79647210198e-16
624250,5.69480459698e-15
624500,4.13093253099e-15
624750,7.52270194363e-15
625000,1.00796238842e-14
625250,9.29779333748e-15
625500,2.58721696367e-15
625750,8.7687720213e-15
626000,7.14120021987e-15
626250,3.46923054008e-15
626500,7.20249446085e-15
626750,7.67334420472e-15
627000,9.42666481118e-15
627250,4.38000357097e-15
627500,3.36192324222e-15
627750,4.0814397199e-15
628000,4.75429732468e-15
628250,4.61803479423e-15
628500,5.69958562568e-15
628750,1.88122937171e-15
629000,6.00009605089e-15
629250,5.10255664704e-15
629500,8.42729264734e-15
629750,5.60888590469e-15
630000,3.21960750296e-15
630250,5.55325965892e-16
630500,3.99220093671e-15
630750,6.8547471315e-15
631000,9.67411532462e-15
631250,8.04663643517e-15
631500,7.38755427059e-15
631750,4.46123728905e-15
632000,4.81248064877e-15
632250,7.32552940517e-15
632500,5.94458691205e-15
632750,5.19301560092e-15
633000,6.96045476595e-15
633250,4.44193000464e-15
633500,2.7031228967e-15
633750,1.33604595266e-15
634000,6.6509159357e-15
634250,2.53958709189e-15
634500,3.65980497293e-15
634750,2.45446329212e-15
635000,1.55526844685e-15
635250,2.54153486676e-15
635500,1.23235490224e-15
635750,1.96827013171e-15
636000,3.80263816917e-15
636250,2.61385292967e-15
636500,1.47818473077e-15
636750,3.0455663802e-15
637000,1.72981006496e-15
637250,1.39800330659e-15
637500,5.39280725292e-15
637750,3.94896949655e-15
638000,1.58557726224e-15
638250,3.09403819224e-15
638500,3.42322332547e-15
638750,4.36634008202e-15
639000,3.60561204597e-15
639250,2.8975627801e-15
639500,2.73274621706e-15
639750,5.11909686802e-15
640000,5.3160864322e-15
640250,5.36931543356e-15
640500,5.04316054137e-15
640750,3.53844563734e-15
641000,4.84263774963e-15
641250,5.02111154877e-15
641500,7.7993724322e-15
641750,5.18538038201e-15
642000,3.11521856713e-15
642250,4.01010113211e-15
642500,5.68878192837e-15
642750,7.00622632613e-15
643000,7.77329052547e-15
643250,6.36730410314e-15
643500,6.99050549139e-15
643750,5.3035604789e-15
644000,3.97706111521e-15
644250,4.09640134186e-15
644500,4.0314993206e-15
644750,3.91789319169e-15
645000,3.41799022414e-15
645250,4.64749477592e-15
645500,4.77064697019e-15
645750,3.03173893378e-15
646000,2.54633926439e-15
646250,3.43284009389e-15
646500,3.81173598553e-15
646750,7.89998837809e-15
647000,1.25478079585e-14
647250,9.6861330957e-15
647500,1.40486289306e-15
647750,1.79720753107e-15
648000,5.10835053384e-15
648250,6.25819357113e-16
648500,2.19721738311e-15
648750,3.69583382136e-15
649000,2.91074643759e-15
649250,3.96569526518e-15
649500,6.4087606495e-15
649750,3.07132408471e-16
650000,2.2388135683e-07
650250,4.03976810282e-15
650500,6.62490081368e-15
650750,2.46268421834e-15
651000,7.58479681255e-15
651250,4.60497111799e-15
651500,9.84376924275e-15
651750,3.34134044909e-15
652000,1.60412040871e-14
652250,5.62896912288e-15
652500,3.22487945776e-14
652750,5.08012509427e-14
653000,3.60799812092e-14
653250,1.11615659956e-14
653500,7.95902923427e-15
653750,8.34894887833e-15
654000,2.70865349234e-15
654250,6.90687295611e-15
654500,4.18504708844e-15
654750,7.16024144622e-15
655000,4.89613517016e-15
655250,6.41805971309e-15
655500,4.00841999236e-15
655750,6.3169644754e-15
656000,6.97838187252e-15
656250,9.57502237986e-15
656500,6.02139055074e-15
656750,9.52130290225e-15
657000,3.52906454895e-15
657250,4.35529545097e-15
657500,4.51549056166e-15
657750,5.46748437134e-15
658000,5.73729669442e-15
658250,2.20500797476e-15
658500,3.97341845968e-15
658750,2.3943133059e-15
659000,5.42943714283e-15
659250,2.52531820231e-15
659500,3.13270563805e-15
659750,2.29395224149e-15
660000,3.64630704235e-15
660250,5.09722888683e-15
660500,6.84250840857e-15
660750,1.00617275756e-15
661000,8.40154946731e-15
661250,9.10562285404e-15
661500,1.19722559791e-14
661750,4.28244940391e-14
662000,4.58961415723e-14
662250,1.39557920023e-14
662500,1.24476221978e-14
662750,5.40944842959e-15
663000,1.12411624998e-14
663250,6.06395100863e-15
663500,7.39871321665e-15
663750,5.43331781878e-15
664000,4.9862675833e-15
664250,2.80206685591e-15
664500,8.2538409025e-15
664750,5.59544033565e-15
665000,7.4670254112e-15
665250,3.32434976331e-15
665500,3.75296946562e-15
665750,5.74359574422e-15
666000,8.56502097016e-15
666250,7.28914107436e-15
666500,6.24299728823e-15
666750,2.8499091562e-15
667000,5.12860951021e-15
667250,8.67034084887e-15
667500,1.09706543599e-14
667750,1.25052766401e-14
668000,7.80627807552e-15
668250,9.84815818488e-15
668500,4.65340705651e-15
668750,7.19167034405e-15
669000,5.32128704843e-15
669250,9.034699311e-15
669500,6.42524890093e-15
669750,1.78711679429e-15
670000,4.25383291374e-15
670250,6.9139706466e-15
670500,1.07737865937e-14
670750,3.42727202213e-15
671000,7.92128229935e-15
671250,4.87834314412e-15
671500,5.1681301667e-15
671750,8.11663035104e-15
672000,1.56934932046e-15
672250,8.62310834869e-15
672500,1.59022963192e-15
672750,4.20444407385e-15
673000,3.50565571736e-15
673250,5.90581213431e-15
673500,7.0163573219e-15
673750,4.41582309663e-15
674000,6.51518242591e-15
674250,8.23504325857e-15
674500,2.71663468711e-15
674750,4.66377843061e-15
675000,4.7339808989e-15
675250,2.94804112685e-15
675500,5.01520238584e-15
675750,6.18515720444e-15
676000,2.96905936636e-15
676250,4.70585808729e-15
676500,1.89107902615e-15
676750,3.65564604686e-15
677000,9.65907301166e-16
677250,4.27822930359e-15
677500,3.5376121779e-15
677750,3.33730434979e-15
678000,4.30927674006e-15
678250,2.50291120391e-15
678500,1.26374291622e-15
678750,2.37586765203e-15
679000,3.10931944422e-15
679250,3.20302478121e-15
679500,3.38104840138e-15
679750,3.52353515741e-15
680000,2.13199554388e-15
680250,1.66569392994e-15
680500,2.92753340887e-16
680750,4.45419277026e-15
681000,8.82648530974e-15
681250,1.0610702859e-14
681500,1.36002674564e-14
681750,1.42025931591e-14
682000,1.55487533432e-14
682250,6.21111228365e-15
682500,8.78683600761e-15
682750,1.68602326114e-15
683000,2.56369401765e-15
683250,6.41915703064e-15
683500,4.58472639675e-15
683750,2.28364752472e-15
684000,3.8622660305e-15
684250,4.04170002229e-15
684500,4.43708753687e-15
684750,9.29936461082e-15
685000,5.78294442632e-15
685250,5.3059531641e-15
685500,5.5958590362e-15
685750,5.51583248011e-15
686000,5.26890510829e-15
686250,7.82937282295e-15
686500,8.74545847135e-15
686750,5.32736856179e-15
687000,5.04075270105e-15
687250,4.18429422165e-15
687500,4.80816536282e-15
687750,7.29721941877e-15
688000,5.4401554504e-15
688250,3.14317852052e-15
688500,4.13771503973e-15
688750,4.88831445171e-15
689000,7.78397925899e-15
689250,4.85395063638e-15
689500,3.43945222126e-15
689750,4.89894634306e-15
690000,2.45718023607e-15
690250,6.94289060264e-15
690500,3.78734467312e-15
690750,5.21175652618e-15
691000,4.75826051796e-15
691250,4.84923210167e-15
691500,5.57797649599e-15
691750,4.32572645369e-15
692000,3.57067872012e-15
692250,1.49247888276e-15
692500,4.80922903508e-15
692750,4.08651580854e-15
693000,6.09898626781e-15
693250,4.9878900405e-15
693500,4.54832872625e-15
693750,3.73335502725e-15
694000,1.38304784406e-15
694250,2.35688785513e-15
694500,1.83506531039e-15
694750,1.23264718844e-15
695000,2.91316321353e-16
695250,3.55747715828e-15
695500,3.18168394397e-15
695750,2.99340973444e-15
696000,1.3097776656e-15
696250,4.66647494485e-15
696500,6.00738073447e-15
696750,4.97903556944e-15
697000,1.45756686767e-14
697250,9.90122175123e-15
697500,5.26864465086e-15
697750,7.0003747813e-15
698000,9.68422232801e-15
698250,8.77643368342e-15
698500,7.35708828294e-15
698750,3.95038065305e-15
699000,2.72056074235e-15
699250,1.15585417379e-15
699500,5.66455771848e-15
699750,5.21785028948e-15
700000,1.36866097552e-08
700250,8.58185458261e-15
700500,4.50169511922e-15
700750,4.4855124283e-15
701000,1.08754500585e-14
701250,5.4956669454e-15
701500,9.32325500037e-15
701750,6.31740447073e-15
702000,9.22670257696e-15
702250,4.06327339291e-15
702500,2.76222126184e-14
702750,4.94304929422e-14
703000,4.47171858817e-14
703250,1.26315149899e-14
703500,1.15059051748e-14
703750,9.82242710197e-15
704000,8.98957396123e-15
704250,8.28312081315e-15
704500,5.70672151186e-15
704750,7.13713944434e-15
705000,7.03868758707e-15
705250,7.42890009387e-15
705500,7.4646706661e-15
705750,4.76520075776e-15
706000,6.37681008167e-15
706250,5.29238629915e-15
706500,5.28628870286e-15
706750,5.40452796869e-15
707000,2.94744080645e-15
707250,2.80658932144e-15
707500,3.87044200406e-15
707750,3.90030638068e-15
708000,5.3017671133e-15
708250,6.44077783553e-15
708500,2.88668543598e-15
708750,2.05265399535e-15
709000,6.10570468644e-15
709250,2.31761675201e-15
709500,3.77713005308e-15
709750,3.88381079605e-15
710000,2.92300416734e-15
710250,3.99184277302e-15
710500,9.80813424878e-15
710750,5.3856013584e-15
711000,6.95695318906e-15
711250,7.68425136841e-15
711500,1.13145111254e-14
711750,3.62712958132e-14
712000,3.75934172047e-14
712250,1.15021208268e-14
712500,8.03010918525e-15
712750,6.2128089749e-15
713000,6.33184506456e-15
713250,4.943645981e-15
713500,5.35017352684e-15
713750,5.34198737856e-15
714000,6.82736251573e-15
714250,6.23431134851e-15
714500,6.25907310324e-15
714750,6.955720004e-15
715000,7.96851430214e-15
715250,7.72546905655e-15
715500,6.60138213221e-15
715750,7.02263147372e-15
716000,6.48981760657e-15
716250,4.31401615164e-15
716500,2.70195441488e-15
716750,6.38887825406e-15
717000,6.38898440699e-15
717250,3.68520637021e-15
717500,6.68585525318e-15
717750,5.16953871334e-15
718000,1.00692731246e-14
718250,4.59105650918e-15
718500,1.02507699875e-14
718750,1.52772023956e-15
719000,9.60100353019e-15
719250,9.80025167215e-15
719500,1.20386644315e-14
719750,7.05590232091e-15
720000,5.58382562625e-15
720250,1.06490914943e-14
720500,8.71699034154e-15
720750,5.2858447607e-15
721000,5.17512204148e-15
721250,7.50845817077e-15
721500,1.03227290109e-14
721750,3.55035719356e-15
722000,1.11868089196e-14
722250,2.97969631969e-15
722500,6.09466555127e-15
722750,4.10183828594e-15
723000,5.46453553459e-15
723250,1.84992778052e-15
723500,9.43578022842e-15
723750,6.16257189032e-15
724000,1.33560212941e-15
724250,4.31443997736e-15
724500,6.70881601272e-15
724750,6.8600300292e-15
725000,9.02361996766e-15
725250,8.83661935059e-15
725500,6.27000507957e-15
725750,7.22464561301e-15
726000,4.84052410111e-15
726250,3.05176555854e-15
726500,6.69329552893e-15
726750,8.1912965481e-15
727000,8.09196451995e-15
727250,4.98088133782e-15
727500,7.80532006343e-15
727750,9.57711567605e-15
728000,9.14761792467e-15
728250,8.9571433928e-15
728500,9.83514347685e-15
728750,5.36008468336e-15
729000,8.55280301932e-15
729250,9.15884275411e-15
729500,1.37471988308e-14
729750,9.28855569562e-15
730000,8.17852863922e-15
730250,7.80349695603e-15
730500,1.10288247697e-14
730750,1.18955140399e-14
731000,1.59739944217e-14
731250,1.60390779998e-14
731500,1.57509490896e-14
731750,2.00003051872e-14
732000,2.07690102529e-14
732250,2.24060118743e-14
732500,2.24240306145e-14
732750,1.75250491932e-14
733000,1.60880799221e-14
733250,1.08432952806e-14
733500,3.74183867682e-15
733750,2.52979592378e-15
734000,1.63767930614e-14
734250,9.84411556523e-15
734500,9.1723684903e-15
734750,7.76902113178e-15
735000,2.83226191964e-15
735250,3.38808261401e-15
735500,3.51770155309e-15
735750,4.48554248359e-15
736000,7.85839063433e-15
736250,2.3400577352e-15
736500,2.62668563856e-15
736750,2.98810273184e-15
737000,1.62156327124e-15
737250,2.09491135639e-15
737500,3.49475448694e-15
737750,2.46532582979e-15
738000,2.6465021085e-15
738250,2.15820327026e-15
738500,3.46207816357e-16
738750,1.59090865784e-15
739000,4.72889463232e-15
739250,3.39705259898e-15
739500,2.03373964663e-15
739750,4.32556400321e-15
740000,5.30184779833e-15
740250,5.30466893594e-15
740500,2.86924333335e-15
740750,4.68803898521e-15
741000,5.40333831931e-15
741250,5.72133657405e-15
741500,5.70387234853e-15
741750,7.20387426166e-15
742000,6.22826186904e-15
742250,5.57599982387e-15
742500,4.46197907237e-15
742750,5.40505054923e-15
743000,7.00024943537e-15
743250,6.96765384014e-15
743500,8.43618255842e-15
743750,6.4396138242e-15
744000,5.68834751846e-15
744250,4.63700617504e-15
744500,4.98351049235e-15
744750,5.28958696889e-15
745000,4.99739986352e-15
745250,7.950164557e-15
745500,4.51858626276e-15
745750,7.01196380159e-15
746000,2.92919502498e-15
746250,7.09548439177e-15
746500,5.49756998257e-15
746750,9.8056352665e-15
747000,1.36868766849e-14
747250,1.19304789398e-14
747500,2.39664186963e-15
747750,5.64573335405e-15
748000,4.07577653724e-15
748250,2.84778994325e-15
748500,5.4295386408e-15
748750,1.62213738698e-15
749000,2.42309094627e-15
749250,1.78248637091e-15
749500,2.14373121734e-15
749750,4.04947383145e-15
750000,1.56048531273e-09
750250,5.86605167387e-15
750500,9.28227272271e-15
750750,4.11559015947e-15
751000,5.76022978889e-15
751250,5.29884449797e-15
751500,1.22506112633e-14
751750,2.51283374999e-15
752000,1.66535346597e-14
752250,4.396900094e-15
752500,2.99336872083e-14
752750,4.2435237002e-14
753000,2.90105076209e-14
753250,1.08774037171e-14
753500,6.02047345196e-15
753750,8.58282711204e-15
754000,2.42180810886e-15
754250,7.68992979291e-15
754500,1.53616689098e-15
754750,7.33520582002e-15
755000,3.64622100184e-15
755250,6.41762787309e-15
755500,6.80235934691e-15
755750,6.64215209967e-15
756000,3.56186935027e-15
756250,7.15676291296e-15
756500,5.40779713395e-15
756750,8.58540674012e-15
757000,5.40195438837e-15
757250,7.53164435307e-15
757500,4.93708132966e-15
757750,4.06701447536e-15
758000,3.77749953e-15
758250,4.46613642781e-15
758500,4.25594775711e-15
758750,2.65972326353e-15
759000,4.58568601054e-15
759250,8.18907781772e-16
759500,5.50026262324e-16
759750,4.54811742338e-15
760000,1.69885994154e-15
760250,6.39336665378e-15
760500,2.91588612631e-15
760750,2.49767720011e-15
761000,6.48801779552e-15
761250,5.06054942511e-15
761500,4.30273435894e-15
761750,8.85874362277e-16
762000,6.07820064001e-15
762250,1.15943322707e-15
762500,5.85650266071e-15
762750,3.30400608328e-15
763000,5.73555671589e-15
763250,5.74791905058e-15
763500,3.60096474586e-15
763750,6.44603297877e-15
764000,4.62409800477e-15
764250,5.26910682692e-15
764500,7.11418846568e-15
764750,6.10995699029e-15
765000,7.83757405826e-15
765250,3.69987366842e-15
765500,5.39550885822e-15
765750,4.48646240041e-15
766000,7.66114799612e-15
766250,8.49397575398e-15
766500,8.35640407706e-15
766750,5.25616444962e-15
767000,6.15790381665e-15
767250,3.89588876704e-15
767500,5.54164962096e-15
767750,9.36188645076e-15
768000,6.15243576998e-15
768250,6.50963229344e-15
768500,8.19869988151e-15
768750,6.42906500382e-15
769000,6.31149143099e-15
769250,6.38921787728e-15
769500,4.13041060104e-15
769750,4.89224101395e-15
770000,5.22072033826e-15
770250,1.27662013991e-15
770500,8.83273567497e-15
770750,5.38013972759e-15
771000,8.31258060744e-15
771250,1.72051083744e-15
771500,1.65798298224e-14
771750,8.4393551638e-15
772000,1.08374058464e-14
772250,6.99835769268e-15
772500,2.73785192524e-15
772750,4.92473165555e-15
773000,2.59150278018e-16
773250,6.34151935896e-15
773500,6.53054935628e-15
773750,3.94504121547e-15
774000,7.38175135848e-15
774250,6.27270874355e-15
774500,2.66150113453e-15
774750,4.57605366414e-15
775000,4.42826576567e-15
775250,5.01721223746e-15
775500,4.84095799419e-15
775750,6.53216389016e-15
776000,7.38219966614e-15
776250,7.56792416537e-15
776500,7.93812100821e-15
776750,6.33065330269e-15
777000,5.14678022755e-15
777250,3.22113786015e-15
777500,4.84218449989e-15
777750,9.68123200161e-15
778000,6.84423411893e-15
778250,8.19055976644e-15
778500,5.57810967611e-15
778750,6.04898186096e-15
779000,4.31803209019e-15
779250,7.99853642017e-15
779500,5.78223196928e-15
779750,4.63162748656e-15
780000,3.34530257088e-15
780250,3.94299081559e-15
780500,8.94227579205e-15
780750,1.69034957792e-14
781000,1.87835701992e-14
781250,2.40599969404e-14
781500,2.70050170543e-14
781750,2.57642324637e-14
782000,2.9244089608e-14
782250,2.33706255315e-14
782500,1.83005141292e-14
782750,2.14634510159e-14
783000,1.25373464531e-14
783250,1.54500896239e-15
783500,5.51987438963e-15
783750,2.66882724109e-14
784000,2.15654941384e-14
784250,1.00576676762e-14
784500,1.8262547751e-15
784750,1.15999580184e-14
785000,5.86327368127e-15
785250,3.29994555336e-15
785500,1.40981299545e-15
785750,2.79414183547e-15
786000,7.21655969335e-15
786250,3.15303490728e-15
786500,1.39464065931e-15
786750,3.13018546096e-15
787000,5.72411999009e-15
787250,6.31330829216e-15
787500,4.69022407496e-15
787750,5.11818278571e-15
788000,1.71912276494e-15
788250,2.18820545294e-15
788500,4.02041177947e-15
788750,4.22701908154e-15
789000,6.23617215846e-15
789250,3.09388688052e-15
789500,2.66305711363e-15
789750,2.06665837102e-15
790000,5.41069470542e-15
790250,6.76626617098e-15
790500,3.76044654016e-15
790750,2.31008574538e-15
791000,2.58823863764e-15
791250,3.53153330879e-15
791500,5.71201564092e-15
791750,4.47453528347e-15
792000,4.30117965268e-15
792250,1.14415846316e-15
792500,3.83481437593e-16
792750,3.23698645123e-15
793000,4.92419307023e-15
793250,4.20516869496e-15
793500,1.24214189063e-15
793750,1.83965468556e-15
794000,1.45613446547e-15
794250,3.59078625923e-15
794500,5.11496893876e-15
794750,2.94314690772e-15
795000,1.43495281917e-15
795250,9.83169269817e-16
795500,3.39951600109e-15
795750,3.26343294465e-15
796000,4.40977281262e-15
796250,6.52537738313e-15
796500,1.69031288451e-15
796750,6.74272625012e-15
797000,1.06715671243e-14
797250,1.12344424018e-14
797500,5.46719298157e-15
797750,3.09871991565e-15
798000,7.60748398563e-15
798250,4.77754858311e-15
798500,6.64731891863e-15
798750,8.92725597532e-15
799000,4.08983415295e-15
799250,6.23838911586e-15
799500,7.71288481478e-15
799750,4.66827823126e-15
800000,8.33422755251e-11
800250,1.16209087701e-14
800500,5.71493095857e-15
800750,1.60583109187e-15
801000,2.43445309105e-15
801250,4.10194830115e-15
801500,1.93020137385e-15
801750,6.23907481791e-15
802000,1.86713877744e-15
802250,1.25854807158e-15
802500,9.73247434897e-16
802750,3.17512161788e-15
803000,1.58710968002e-15
803250,6.22113824675e-16
803500,6.68118508454e-16
803750,1.91779541129e-15
804000,2.46090629201e-15
804250,1.41347971347e-15
804500,2.10932989685e-15
804750,8.78430613552e-16
805000,3.72359925556e-15
805250,3.93660908884e-15
805500,3.63421976453e-15
805750,1.42253992434e-15
806000,7.98377203391e-16
806250,2.44878130312e-15
806500,1.95188121044e-15
806750,3.88330437565e-15
807000,2.95862282208e-15
807250,1.82930525109e-15
807500,3.369169526e-15
807750,2.71465147259e-15
808000,2.95395257008e-15
808250,2.01669074615e-15
808500,1.87236977517e-15
808750,1.71503472342e-15
809000,4.99322124499e-15
809250,1.59279652386e-15
809500,2.65116294302e-15
809750,1.92825123157e-15
810000,3.38697798726e-15
810250,3.22991572018e-15
810500,8.37572603384e-15
810750,4.46369236459e-15
811000,5.8346904843e-15
811250,4.90803723409e-15
811500,1.28897114353e-14
811750,3.35352906118e-14
812000,3.68597871498e-14
812250,1.47794776025e-14
812500,7.58844799125e-15
812750,5.69544782359e-15
813000,6.87279569895e-15
813250,2.57522882645e-15
813500,8.02746161994e-15
813750,4.40767165789e-15
814000,7.35769189106e-15
814250,3.91308298887e-15
814500,6.55127687429e-15
814750,3.9513992374e-15
815000,5.85756768809e-15
815250,5.71793508825e-15
815500,4.89190404025e-15
815750,4.13518406686e-15
816000,6.26740499415e-15
816250,2.15613169977e-15
816500,3.77291454791e-15
816750,1.71906727081e-15
817000,6.75527984857e-15
817250,2.14478801087e-15
817500,7.24856163403e-15
817750,4.61582267105e-15
818000,4.97842283476e-15
818250,1.34413407084e-15
818500,4.37351369358e-15
818750,3.9977336942e-15
819000,7.18285241588e-15
819250,6.0195955741e-15
819500,5.28426778216e-15
819750,4.64370911884e-15
820000,5.54987071562e-15
820250,7.77418441884e-15
820500,3.35155622706e-15
820750,4.82679725199e-15
821000,5.64071450745e-15
821250,9.48304233826e-15
821500,6.05800047738e-15
821750,6.40019992387e-15
822000,1.67421108476e-14
822250,4.57921078304e-15
822500,1.14840605999e-14
822750,7.63685623092e-15
823000,9.36918687815e-15
823250,7.27002707526e-15
823500,1.33694671499e-14
823750,1.03678754757e-14
824000,1.09556150018e-14
824250,1.04582469797e-14
824500,1.06010376539e-14
824750,1.12006082388e-14
825000,1.5290508762e-14
825250,1.25824882766e-14
825500,1.01255262703e-14
825750,1.26135237632e-14
826000,9.23600331002e-15
826250,7.30239045391e-15
826500,1.06173717738e-14
826750,1.04518930451e-14
827000,1.1683800612e-14
827250,1.09428945872e-14
827500,1.24829604763e-14
827750,1.31518792732e-14
828000,1.45745351835e-14
828250,1.45407824242e-14
828500,1.33188543586e-14
828750,9.67556505017e-15
829000,9.00106574171e-15
829250,1.37302412691e-14
829500,1.48377403174e-14
829750,1.01638429894e-14
830000,1.35794284444e-14
830250,1.34298860288e-14
830500,1.75594472745e-14
830750,1.67409184777e-14
831000,2.44182636324e-14
831250,2.19739476244e-14
831500,1.9201642163e-14
831750,1.95866907559e-14
832000,1.86847739925e-14
832250,1.81610721058e-14
832500,1.90273847899e-14
832750,8.32518178453e-15
833000,1.44990932885e-14
833250,1.13068628275e-14
833500,4.89151331484e-15
833750,1.983735947e-14
834000,2.89455447984e-14
834250,4.81013625996e-15
834500,1.19535272771e-14
834750,7.6805291056e-15
835000,7.88415983098e-15
835250,2.06867396289e-15
835500,1.50555061158e-15
835750,2.82693737594e-15
836000,4.84156991928e-15
836250,5.06024104442e-15
836500,6.11958732008e-16
836750,8.10027105513e-15
837000,2.25915654018e-15
837250,3.92247062249e-15
837500,4.30035534694e-15
837750,6.22840171198e-16
838000,2.358305891e-15
838250,6.29023927559e-15
838500,4.67208671213e-15
838750,3.64709124559e-15
839000,8.70625754273e-15
839250,7.68612925157e-15
839500,4.78097225313e-15
839750,7.35692834271e-15
840000,7.72459100527e-15
840250,8.46623211253e-15
840500,5.47487680063e-15
840750,7.76074706894e-15
841000,7.55903422635e-15
841250,9.35969877701e-15
841500,4.3519667124e-15
841750,7.77639153163e-15
842000,6.72781001362e-15
842250,5.49594724444e-15
842500,4.16870941686e-15
842750,6.57447906031e-15
843000,6.6474449191e-15
843250,7.5949355445e-15
843500,7.34571811367e-15
843750,6.33618038021e-15
844000,4.56410501748e-15
844250,5.67222031242e-15
844500,5.95395231676e-15
844750,6.51057107523e-15
845000,3.26118138124e-15
845250,6.4360469624e-15
845500,4.73355553659e-15
845750,6.53992970314e-15
846000,2.15078606688e-15
846250,8.39692797185e-15
846500,5.87988482795e-15
846750,5.92111440615e-15
847000,9.41577941555e-15
847250,9.99470489588e-15
847500,3.76048899464e-15
847750,3.58473454849e-15
848000,1.67079550015e-15
848250,5.0043987292e-15
848500,3.16598326371e-15
848750,2.05693090404e-15
849000,3.23812500493e-15
849250,5.25168764488e-15
849500,7.39207765639e-15
849750,3.03420211236e-15
850000,8.37971657648e-12
850250,7.73338943074e-15
850500,5.38054100129e-15
850750,4.22572982011e-15
851000,5.69656861748e-15
851250,8.59785917687e-15
851500,6.06545457746e-15
851750,1.28529561285e-15
852000,1.27335768581e-14
852250,5.46036289043e-15
852500,2.67713656719e-14
852750,4.48456384942e-14
853000,3.22552637488e-14
853250,7.42922148157e-15
853500,7.61746762979e-15
853750,6.8790150329e-15
854000,1.17893652629e-15
854250,6.51443189318e-15
854500,1.44732571905e-15
854750,5.99668221728e-15
855000,9.8138809751e-16
855250,6.13476261457e-15
855500,3.36225530238e-15
855750,5.69422939984e-15
856000,5.82445599615e-16
856250,6.6566136969e-15
856500,4.82022531957e-15
856750,8.78271745502e-15
857000,5.4197383255e-15
857250,8.43058722469e-15
857500,2.03162208945e-15
857750,4.46111573042e-15
858000,2.60862827912e-15
858250,7.93961054259e-15
858500,1.26096973475e-15
858750,2.81201432882e-15
859000,4.40341221971e-15
859250,3.94753379408e-15
859500,4.26773198546e-15
859750,5.75014237898e-15
860000,5.17893028363e-15
860250,7.07739564717e-15
860500,6.66181967377e-15
860750,6.52577873236e-15
861000,1.03071385756e-14
861250,1.39669601921e-14
861500,1.53160252126e-14
861750,4.35040614296e-14
862000,3.81812994203e-14
862250,7.80307907075e-15
862500,1.07452981003e-14
862750,3.15494559889e-15
863000,3.21261815353e-15
863250,1.74715500605e-15
863500,3.72455161494e-15
863750,1.91500822811e-15
864000,1.96575317075e-15
864250,4.35421228901e-16
864500,8.52726069557e-16
864750,6.47667633495e-16
865000,1.71328659913e-15
865250,5.33000647322e-16
865500,1.20017430453e-15
865750,2.63903253932e-15
866000,1.45951380795e-16
866250,4.64648166763e-15
866500,2.83224646439e-15
866750,2.11180081525e-15
867000,2.57433158337e-15
867250,1.92127416902e-15
867500,4.13451756803e-15
867750,6.53464818276e-15
868000,1.75620485404e-15
868250,3.97394278138e-15
868500,4.3638814222e-15
868750,8.47471027822e-15
869000,9.08570904087e-15
869250,2.29320335528e-15
869500,4.8784653319e-15
869750,6.93075860951e-15
870000,8.35720319249e-15
870250,6.70862949044e-15
870500,8.78662967774e-15
870750,6.583252776e-15
871000,7.52195186339e-15
871250,5.7535338906e-15
871500,1.15442035997e-14
871750,8.81276797067e-15
872000,4.46477503501e-15
872250,8.73806052083e-15
872500,6.53993040734e-15
872750,9.4234868895e-15
873000,9.02926043704e-15
873250,1.13798429408e-14
873500,9.83651703765e-15
873750,8.00731614368e-15
874000,1.27208264505e-14
874250,1.14275868464e-14
874500,7.98954054728e-15
874750,8.65185765656e-15
875000,8.51586052897e-15
875250,6.92756299746e-15
875500,1.45994306237e-14
875750,4.91908300584e-15
876000,1.48624522003e-14
876250,9.94783891125e-15
876500,1.33655746527e-14
876750,6.90292568229e-15
877000,9.8304371664e-15
877250,8.9073446618e-15
877500,8.85074446491e-15
877750,8.12378000655e-15
878000,7.79266305265e-15
878250,7.41268455569e-15
878500,6.21276418618e-15
878750,9.60448857302e-15
879000,6.97303527448e-15
879250,8.25026787543e-15
879500,2.83602964942e-15
879750,2.58787386605e-15
880000,6.60305831729e-15
880250,6.28801178703e-15
880500,1.05345064773e-14
880750,9.55085661372e-15
881000,7.95203437911e-15
881250,5.98733845813e-15
881500,4.85331330198e-15
881750,3.2058211494e-15
882000,2.58334630946e-15
882250,5.05294092742e-15
882500,6.89575798413e-15
882750,5.69668802288e-15
883000,5.39489600948e-15
883250,5.12572464495e-15
883500,6.24663241909e-15
883750,2.02585484991e-14
884000,2.30873207794e-14
884250,4.43172341083e-15
884500,6.55312329733e-15
884750,7.76448951667e-15
885000,4.70691574617e-15
885250,1.72768485513e-15
885500,4.83777853046e-15
885750,8.4163382658e-16
886000,5.87022987177e-15
886250,4.36742046006e-15
886500,3.61351756611e-15
886750,1.51880492462e-15
887000,2.10736699551e-15
887250,6.29368336225e-15
887500,4.15676757581e-15
887750,4.23637987493e-15
888000,4.73597665494e-15
888250,7.3016593044e-15
888500,5.02033704512e-15
888750,1.9920860855e-15
889000,3.29577964707e-15
889250,1.47517031466e-15
889500,1.50306095837e-16
889750,1.0551262262e-15
890000,2.63210647126e-15
890250,4.8630862712e-15
890500,1.82693725803e-15
890750,7.31030478206e-16
891000,1.10325008673e-15
891250,1.01862694122e-15
891500,2.92032847433e-15
891750,8.09995259786e-16
892000,1.04801954697e-15
892250,3.12514060624e-16
892500,1.74602523506e-15
892750,3.36279354563e-15
893000,4.65167056694e-15
893250,6.45354453608e-15
893500,6.1084282719e-15
893750,3.58719622281e-15
894000,3.65220195243e-15
894250,3.86959699631e-15
894500,6.83208763584e-15
894750,5.03389046871e-15
895000,3.8944677088e-15
895250,7.340223867e-15
895500,6.8268038258e-15
895750,6.52804894084e-15
896000,1.55274433739e-15
896250,6.92806861495e-15
896500,6.06556792133e-15
896750,1.74320928775e-15
897000,2.58663798084e-15
897250,6.88636401179e-15
897500,6.98198065903e-15
897750,5.74641529625e-15
898000,4.85796876815e-15
898250,3.86773166781e-15
898500,1.01705972066e-14
898750,6.5616920721e-15
899000,5.52126977407e-15
899250,3.2859414879e-15
899500,5.70003208503e-15
899750,4.35343508644e-15
900000,3.92907962868e-13
900250,2.60456974528e-15
900500,1.06955655936e-14
900750,2.87627930163e-15
901000,6.10995155439e-15
901250,3.24168721849e-15
901500,1.72122446979e-14
901750,5.82233948723e-15
902000,1.36481013872e-14
902250,6.67988990262e-15
902500,2.98002082474e-14
902750,5.24538305177e-14
903000,4.16810880151e-14
903250,1.22983653041e-14
903500,9.32990943479e-15
903750,6.37819459544e-15
904000,5.15324423044e-15
904250,4.68327933241e-15
904500,5.2248027749e-15
904750,4.8820048009e-15
905000,3.2583026399e-15
905250,4.45218589644e-15
905500,8.78730408093e-16
905750,3.24104046255e-15
906000,2.0564918431e-15
906250,5.2912086939e-15
906500,4.83085963973e-15
906750,6.3850487148e-15
907000,3.79681843866e-15
907250,3.84661110239e-15
907500,4.34726295307e-15
907750,2.81485847962e-15
908000,3.57399463268e-15
908250,1.59336490616e-15
908500,5.0280332103e-15
908750,6.8075528914e-15
909000,3.85663280003e-15
909250,2.66326414963e-15
909500,2.5955004452e-15
909750,2.79637453816e-15
910000,2.76087571931e-15
910250,1.32193608672e-15
910500,5.94496645412e-15
910750,4.67768965954e-15
911000,4.3601305618e-15
911250,5.10721459869e-15
911500,1.41879389923e-14
911750,3.9782703301e-14
912000,4.25004775818e-14
912250,1.43270680541e-14
912500,1.09616379785e-14
912750,5.41158693055e-15
913000,6.29037591866e-15
913250,9.82160320336e-16
913500,6.80633793962e-15
913750,3.60787243259e-15
914000,5.70219581882e-15
914250,4.50110780198e-15
914500,7.34974421165e-15
914750,6.82798447109e-15
915000,7.44834252798e-15
915250,6.31852288714e-15
915500,4.43527761019e-15
915750,4.49772723823e-15
916000,8.57255255072e-15
916250,4.7105054168e-15
916500,5.70897898346e-15
916750,4.74258189794e-15
917000,6.25722143948e-15
917250,3.10198616125e-15
917500,6.09133141286e-15
917750,4.51691964024e-15
918000,4.51585563315e-15
918250,2.00684982919e-15
918500,4.93300654552e-15
918750,4.25753746257e-15
919000,7.45941030487e-15
919250,4.26309818572e-15
919500,4.70144187669e-15
919750,2.77869419227e-15
920000,4.89151290628e-15
920250,5.80860590149e-15
920500,5.80816126035e-15
920750,6.08258913141e-15
921000,5.98863395681e-15
921250,4.22961865715e-15
921500,5.00146644877e-15
921750,4.75303904084e-15
922000,7.23802193934e-15
922250,5.63809293018e-15
922500,7.3907315084e-15
922750,5.34323850127e-15
923000,4.99824603088e-15
923250,6.86565134757e-15
923500,1.33580287239e-14
923750,7.453793949e-15
924000,1.30246351872e-14
924250,9.00605411491e-15
924500,4.81047850398e-15
924750,8.99924821916e-15
925000,1.17260987236e-14
925250,1.06076168686e-14
925500,4.41611137297e-15
925750,1.3330495746e-14
926000,5.80846007024e-15
926250,6.46621713711e-15
926500,7.76563369243e-15
926750,1.04629921396e-14
927000,9.53270579911e-15
927250,7.28218606513e-15
927500,9.40807703568e-15
927750,1.23817620708e-14
928000,1.13485049332e-14
928250,1.22977846386e-14
928500,1.15428284401e-14
928750,8.25109182367e-15
929000,6.98201266362e-15
929250,1.12247327513e-14
929500,1.22534984639e-14
929750,9.62047557868e-15
930000,1.06872405027e-14
930250,7.01454085811e-15
930500,9.34175025361e-15
930750,1.23556450292e-14
931000,1.73890062535e-14
931250,1.5447398079e-14
931500,1.44566945789e-14
931750,1.6350093378e-14
932000,1.83504614439e-14
932250,1.62386644093e-14
932500,1.81616935203e-14
932750,1.3793787305e-14
933000,1.42894711983e-14
933250,6.26418824056e-15
933500,2.62153643951e-15
933750,4.53982722728e-15
934000,7.98652682283e-15
934250,8.68932884997e-15
934500,6.04961182231e-15
934750,5.38257679643e-15
935000,2.66148181288e-15
935250,3.0476343401e-15
935500,7.0533067699e-15
935750,4.53596967516e-15
936000,1.13580782576e-14
936250,3.14669769502e-15
936500,3.53055577058e-15
936750,1.13582273172e-14
937000,4.76403538375e-15
937250,2.4758844882e-14
937500,1.95251869778e-14
937750,1.28315897311e-14
938000,1.57208149244e-14
938250,1.25198748942e-14
938500,1.53068612532e-14
938750,7.70540888411e-15
939000,1.04096403054e-14
939250,3.87372525069e-15
939500,3.24691707904e-15
939750,6.48659675305e-15
940000,5.06880254107e-15
940250,7.72686194214e-15
940500,6.56744092235e-15
940750,5.77438051983e-15
941000,2.6705789522e-15
941250,3.9603170973e-15
941500,3.97451958818e-15
941750,5.54729740643e-15
942000,4.59715282865e-15
942250,1.63665696297e-15
942500,2.36390397768e-15
942750,5.42473535696e-15
943000,5.60125265215e-15
943250,8.23571416965e-15
943500,6.40823214845e-15
943750,7.24714922541e-15
944000,2.89539705028e-15
944250,3.44841683948e-15
944500,4.29428268348e-15
944750,3.29910149836e-15
945000,3.54729470252e-15
945250,3.23966664211e-15
945500,4.70199462561e-15
945750,2.77457101045e-15
946000,4.08057282195e-16
946250,3.36953405865e-15
946500,3.42134245302e-15
946750,8.58015513877e-16
947000,1.39804950433e-15
947250,1.34205748668e-15
947500,2.92208166088e-15
947750,2.1774476224e-15
948000,2.93363780466e-15
948250,1.91120970845e-15
948500,2.10232951733e-15
948750,3.44462857274e-15
949000,3.94619825692e-15
949250,1.64460578679e-15
949500,4.47812212217e-15
949750,1.26383684828e-15
950000,4.26968797007e-14
950250,1.2630974683e-15
950500,1.52537416074e-15
950750,4.14228009067e-15
951000,7.55709660622e-15
951250,4.55256317421e-15
951500,6.69535763331e-15
951750,3.21083978928e-15
952000,1.05128182465e-14
952250,5.34871746845e-15
952500,2.74254336404e-14
952750,5.16873521322e-14
953000,4.13195241244e-14
953250,7.15767694078e-15
953500,9.9192626382e-15
953750,5.43970242433e-15
954000,4.04118072318e-15
954250,4.12284281628e-15
954500,2.90228354977e-15
954750,5.43276942228e-15
955000,2.97481492114e-15
955250,5.23024991655e-15
955500,2.04909542668e-15
955750,4.41922025651e-15
956000,2.24149972149e-15
956250,4.91808288185e-15
956500,3.55711386417e-15
956750,4.54232903551e-15
957000,4.32748006607e-15
957250,5.51920026419e-15
957500,2.18350249249e-15
957750,4.81399062201e-15
958000,1.60486419313e-15
958250,7.32913950587e-15
958500,2.08717978681e-15
958750,2.10085833767e-15
959000,4.41616595755e-15
959250,4.70510376792e-15
959500,3.47185474966e-15
959750,4.59453362546e-15
960000,3.4560946767e-15
960250,4.41557448717e-15
960500,3.24861341716e-15
960750,5.41348029038e-15
961000,3.85715550703e-15
961250,7.37895387379e-15
961500,3.73087724207e-15
961750,1.39695730599e-14
962000,1.2758719623e-14
962250,3.1578644605e-15
962500,6.61015254887e-15
962750,3.42322541055e-15
963000,5.28152069323e-15
963250,2.22232048039e-15
963500,4.62824281187e-15
963750,5.2309539422e-15
964000,3.44273502619e-15
964250,4.4734610538e-15
964500,1.4891570829e-15
964750,9.30868397721e-15
965000,1.1877454046e-14
965250,2.74010372257e-15
965500,3.72993242491e-15
965750,3.36250800421e-15
966000,3.11082486664e-15
966250,1.01445726411e-15
966500,5.23061063108e-15
966750,3.7208832638e-15
967000,5.50669352354e-15
967250,4.44121492195e-15
967500,4.21553656576e-15
967750,3.79977318728e-15
968000,1.18806299737e-15
968250,3.64343160535e-15
968500,4.19832861625e-15
968750,7.41449117327e-15
969000,5.80779681789e-15
969250,7.10075547635e-16
969500,2.42772349676e-15
969750,4.74157954561e-15
970000,3.81327159958e-15
970250,3.78930274183e-15
970500,4.3102545999e-15
970750,1.89027702252e-15
971000,3.00299196435e-15
971250,4.42400271962e-15
971500,4.66066978118e-15
971750,4.23073442651e-15
972000,1.54421303954e-15
972250,2.9027793342e-15
972500,2.34113216619e-15
972750,5.92084502613e-15
973000,4.07525244186e-15
973250,3.37599986766e-15
973500,6.804374928e-15
973750,2.56343510515e-15
974000,6.3051045962e-15
974250,3.21449088506e-15
974500,3.51620036778e-15
974750,2.38592603456e-15
975000,5.40661375019e-15
975250,9.20295282851e-15
975500,8.68559387295e-15
975750,3.53953791852e-15
976000,3.66283763332e-15
976250,3.30459014431e-15
976500,3.27859815793e-15
976750,4.04041862083e-15
977000,1.61974089713e-15
977250,2.26127569183e-15
977500,5.68671851426e-15
977750,6.80996330405e-15
978000,6.30937677256e-15
978250,6.80192983862e-15
978500,5.00175937073e-15
978750,6.18775960618e-16
979000,2.92721966029e-15
979250,8.03383232349e-15
979500,9.51234653008e-15
979750,9.44956913284e-15
980000,7.02148593939e-15
980250,4.88373232199e-15
980500,7.37720788829e-15
980750,1.08979136455e-14
981000,1.85989006518e-14
981250,2.10271595731e-14
981500,2.35227162974e-14
981750,2.13699853851e-14
982000,2.06098905573e-14
982250,2.17050882979e-14
982500,2.03046106828e-14
982750,1.20020854643e-14
983000,1.42153447761e-14
983250,1.37187678302e-14
983500,4.244031967e-15
983750,1.55780056669e-14
984000,2.57136688176e-14
984250,7.34066658043e-15
984500,1.41070138416e-14
984750,1.13178380214e-14
985000,3.73752436833e-15
985250,4.56341777122e-15
985500,6.68716708405e-15
985750,5.13123499247e-15
986000,6.5559543412e-15
986250,5.89467713333e-15
986500,4.3248626921e-15
986750,1.97358010796e-15
987000,1.33747932002e-14
987250,2.57456091619e-14
987500,1.96354317974e-14
987750,9.6761031885e-16
988000,1.39554858545e-14
988250,1.17355095662e-14
988500,1.36573222415e-14
988750,9.03489897439e-15
989000,8.29293314487e-15
989250,2.26040487286e-15
989500,1.66766380553e-15
989750,6.38402726892e-15
990000,4.36185072799e-15
990250,5.74973492184e-15
990500,2.99723144771e-15
990750,3.10830683e-15
991000,1.84054089125e-15
991250,2.43735647693e-15
991500,1.8988916924e-15
991750,2.1835842946e-15
992000,1.77884301907e-15
992250,4.25759653666e-15
992500,2.86661909844e-15
992750,5.96128399663e-15
993000,2.80434945258e-15
993250,2.65870918892e-15
993500,4.62962180915e-15
993750,3.29472058635e-15
994000,3.7515659663e-15
994250,5.52978396264e-15
994500,5.21990492634e-15
994750,6.17305585854e-15
995000,3.38859113372e-15
995250,7.11382141824e-15
995500,4.23615756868e-15
995750,8.16354229968e-15
996000,1.74444523989e-15
996250,3.71834207916e-15
996500,6.15282085683e-15
996750,3.16698421475e-15
997000,2.91536716232e-15
997250,5.17838844847e-15
997500,4.69461089231e-15
997750,5.20962508149e-15
998000,2.97889702969e-15
998250,2.03193547862e-15
998500,6.916289938e-15
998750,3.34567274247e-15
999000,8.55812173598e-16
999250,2.48809868044e-16
999500,2.69551950281e-15
999750,3.43205848908e-15
1000000,2.21256395058e-15
1000250,4.147841185e-15
1000500,5.67004838843e-15
1000750,7.5848131558e-16
1001000,1.65232915337e-15
1001250,1.25994668251e-15
1001500,7.13311556783e-15
1001750,2.53379447797e-15
1002000,8.16758552404e-15
1002250,4.66761531654e-15
1002500,1.03111028087e-14
1002750,1.77451620559e-14
1003000,1.08623408373e-14
1003250,3.05559714417e-15
1003500,1.66822145776e-15
1003750,2.27354275848e-15
1004000,3.77482873822e-15
1004250,2.28450153706e-15
1004500,1.2838252174e-15
1004750,3.61638064594e-15
1005000,4.43931602741e-15
1005250,3.61783402607e-15
1005500,4.22037361613e-15
1005750,2.33560729758e-15
1006000,4.53967148172e-15
1006250,1.84568112903e-15
1006500,2.92459477215e-15
1006750,2.42185998625e-15
1007000,4.45974113596e-15
1007250,5.09468903387e-15
1007500,5.18951547802e-15
1007750,3.62723402977e-15
1008000,2.92058434338e-15
1008250,2.54512883681e-15
1008500,1.54472870473e-15
1008750,2.33959882818e-15
1009000,4.0148755122e-15
1009250,3.62869409607e-15
1009500,2.32681381028e-15
1009750,2.49044735498e-15
1010000,3.68365577664e-15
1010250,3.3957687791e-15
1010500,3.49003933142e-15
1010750,2.25358074347e-15
1011000,2.78659231621e-15
1011250,3.80680976428e-15
1011500,3.14821097007e-15
1011750,4.34489332512e-15
1012000,6.24981948008e-15
1012250,2.7738816749e-15
1012500,5.2151884613e-15
1012750,2.64705640842e-15
1013000,3.04622855516e-15
1013250,3.14023355357e-15
1013500,1.77100037883e-15
1013750,1.52994735158e-15
1014000,1.21482673144e-15
1014250,5.84458285689e-15
1014500,3.48335814422e-15
1014750,7.86463443413e-15
1015000,7.90443553801e-15
1015250,4.88126698614e-15
1015500,3.24908146939e-15
1015750,6.35297822577e-15
1016000,4.01702467007e-15
1016250,5.61483699866e-15
1016500,7.46428224368e-15
1016750,1.09307848499e-14
1017000,7.38803849503e-15
1017250,8.48197997594e-15
1017500,6.93782267989e-15
1017750,9.95936643803e-15
1018000,8.18213223684e-15
1018250,3.05891117274e-15
1018500,4.88487385289e-15
1018750,3.97840593572e-15
1019000,5.06219284157e-15
1019250,3.76675321842e-15
1019500,3.98302904402e-15
1019750,3.882429071e-15
1020000,2.93769714989e-15
1020250,4.22434657168e-15
1020500,5.31101287386e-15
1020750,8.11625847954e-15
1021000,6.98452100331e-15
1021250,2.36675681084e-15
1021500,4.20663301169e-15
1021750,5.33444565449e-15
1022000,5.46875763001e-15
1022250,7.58766472873e-15
1022500,6.41966126864e-15
1022750,4.60709883014e-15
1023000,4.14397504941e-15
1023250,7.78997208728e-15
1023500,1.08039372212e-14
1023750,8.02529071592e-15
1024000,9.04546964909e-15
1024250,7.04963834047e-15
1024500,4.47999428829e-15
1024750,1.20968196575e-14
1025000,1.25741834013e-14
1025250,1.12850040823e-14
1025500,5.82890354715e-15
1025750,9.92356977516e-15
1026000,5.68823548349e-15
1026250,9.19702664951e-15
1026500,1.13958015515e-14
1026750,9.85027070693e-15
1027000,8.98512261729e-15
1027250,4.28530848352e-15
1027500,1.11259254482e-14
1027750,1.49118452141e-14
1028000,1.10955564331e-14
1028250,1.11799197571e-14
1028500,8.4944276524e-15
1028750,9.75800165903e-15
1029000,1.05124628629e-14
1029250,1.08905927264e-14
1029500,1.48529435268e-14
1029750,9.99096739124e-15
1030000,7.86404749002e-15
1030250,5.53220490881e-15
1030500,1.38319050556e-14
1030750,1.67356499178e-14
1031000,1.75874036434e-14
1031250,1.52054873248e-14
1031500,1.46021036445e-14
1031750,1.48668407877e-14
1032000,1.98795604712e-14
1032250,1.75102880706e-14
1032500,1.94584971668e-14
1032750,2.1452150581e-14
1033000,2.15744052695e-14
1033250,7.33162330015e-15
1033500,1.32320701118e-14
1033750,3.00329520044e-14
1034000,2.40151202673e-14
1034250,1.42013783546e-14
1034500,7.75870561851e-15
1034750,1.21243931519e-14
1035000,1.18102323253e-14
1035250,8.46465407214e-15
1035500,5.10315736427e-15
1035750,8.94822499198e-15
1036000,2.02877850299e-14
1036250,1.2676120707e-14
1036500,3.01143016233e-14
1036750,1.27578992793e-14
1037000,4.98308011479e-14
1037250,6.32675418155e-14
1037500,6.14434902473e-14
1037750,2.88615849971e-14
1038000,7.71469659245e-15
1038250,1.50363633818e-14
1038500,1.0668160743e-14
1038750,1.00527625074e-14
1039000,1.52964124428e-14
1039250,4.80260170533e-15
1039500,1.07979371892e-14
1039750,4.42157630983e-15
1040000,7.44740429777e-15
1040250,6.44234142019e-15
1040500,5.14555013623e-15
1040750,7.76730372834e-15
1041000,1.81068038019e-15
1041250,6.34205089701e-15
1041500,1.9649308419e-15
1041750,3.59914098368e-15
1042000,5.35023081998e-15
1042250,1.42743008218e-15
1042500,4.3911343119e-15
1042750,2.40460925547e-15
1043000,2.75739791474e-15
1043250,4.60161257059e-15
1043500,1.41832025815e-15
1043750,8.39446814404e-15
1044000,2.90048497997e-15
1044250,5.11668997723e-15
1044500,3.20349744841e-15
1044750,2.88066847532e-15
1045000,4.82728188117e-15
1045250,3.70812110262e-15
1045500,3.84936495172e-15
1045750,7.23198922702e-15
1046000,4.09835753683e-15
1046250,8.79249150725e-15
1046500,3.26712978834e-15
1046750,2.36946921223e-15
1047000,1.80933178273e-15
1047250,3.93075696822e-15
1047500,2.56087614778e-15
1047750,4.32673607651e-15
1048000,3.0240785999e-15
1048250,1.98370095835e-15
1048500,5.53439772394e-15
1048750,6.26182280383e-15
1049000,2.79004765068e-15
1049250,4.19157829928e-15
1049500,2.45965691361e-15
1049750,2.6291647015e-15
1050000,3.99655218613e-15
1050250,1.88120784624e-15
1050500,4.72692800447e-15
1050750,3.07222750597e-15
1051000,3.21971655954e-15
1051250,4.05284279437e-15
1051500,6.99331791303e-15
1051750,3.00659808697e-15
1052000,4.20543380251e-15
1052250,3.58050911279e-15
1052500,5.67345907888e-15
1052750,8.18885140448e-15
1053000,4.59329055687e-15
1053250,9.79637349945e-16
1053500,1.34754951779e-15
1053750,2.23924739633e-15
1054000,2.72564899666e-15
1054250,4.07832133213e-15
1054500,3.89550353252e-15
1054750,1.53210608996e-15
1055000,1.83149104922e-15
1055250,1.66821677186e-15
1055500,3.44732222836e-15
1055750,4.18396617498e-15
1056000,3.35273021199e-15
1056250,1.84724346131e-15
1056500,9.74177776092e-16
1056750,2.62150764642e-15
1057000,3.82494018725e-15
1057250,3.28827657583e-15
1057500,2.38450776914e-15
1057750,2.20845006502e-15
1058000,2.48951737131e-15
1058250,4.73610194551e-15
1058500,6.33648851572e-15
1058750,7.25344601755e-16
1059000,5.58056861753e-16
1059250,7.9630032896e-16
1059500,1.96084884566e-15
1059750,2.29826866105e-15
1060000,3.03580282855e-15
1060250,2.82907506247e-15
1060500,3.7266841786e-15
1060750,2.13598650233e-15
1061000,2.08610819614e-15
1061250,1.52579287512e-15
1061500,5.69023978414e-15
1061750,5.62237140804e-15
1062000,4.79069162963e-15
1062250,5.95003970304e-15
1062500,3.20885847357e-15
1062750,3.58237503903e-15
1063000,2.96226627922e-15
1063250,5.12146408444e-15
1063500,3.97989168796e-15
1063750,2.05168245039e-16
1064000,3.39915637697e-15
1064250,2.44704482346e-15
1064500,2.29631478444e-15
1064750,5.1433820636e-15
1065000,3.48949911443e-15
1065250,1.72835502729e-15
1065500,2.74046814018e-15
1065750,4.75147548035e-15
1066000,6.37736666398e-15
1066250,7.77344100478e-15
1066500,1.23986524998e-14
1066750,7.8206618725e-15
1067000,1.11785272317e-14
1067250,5.5382868873e-15
1067500,1.05208554149e-15
1067750,8.96262832836e-16
1068000,3.67319368441e-15
1068250,4.88338631485e-15
1068500,4.88871582048e-15
1068750,7.33895189286e-15
1069000,4.70960574018e-15
1069250,6.37679365053e-15
1069500,5.51958015862e-15
1069750,4.32496908978e-15
1070000,3.44414205241e-15
1070250,2.85694633359e-15
1070500,1.48301977062e-15
1070750,3.54384309258e-15
1071000,5.14041085044e-15
1071250,4.0342303054e-15
1071500,6.18590110878e-15
1071750,5.29966310049e-15
1072000,3.2867244301e-15
1072250,3.83723730753e-15
1072500,8.5494058647e-15
1072750,6.26784540028e-15
1073000,7.36884693537e-15
1073250,4.60125468501e-15
1073500,4.75536892138e-15
1073750,8.85487620788e-15
1074000,5.66928682547e-15
1074250,9.61907053664e-15
1074500,3.73955389318e-15
1074750,8.16827728865e-15
1075000,1.18874086083e-14
1075250,8.47753236771e-15
1075500,6.40225265386e-15
1075750,8.95894328807e-15
1076000,5.87620623434e-15
1076250,8.05949736169e-15
1076500,7.37484276774e-15
1076750,1.01028437774e-14
1077000,7.64560888586e-15
1077250,8.94094214735e-15
1077500,7.37352885591e-15
1077750,7.63897319792e-15
1078000,9.43008803962e-15
1078250,1.04639362097e-14
1078500,1.14958608469e-14
1078750,6.1871015554e-15
1079000,6.84924899944e-15
1079250,8.5992548327e-15
1079500,7.23098995939e-15
1079750,7.68523935863e-15
1080000,9.07336816502e-15
1080250,8.32385429775e-15
1080500,5.68663006896e-15
1080750,4.01697509467e-15
1081000,1.20821365361e-14
1081250,8.89023578579e-15
1081500,1.12967137112e-14
1081750,6.86304550669e-15
1082000,7.49370400371e-15
1082250,8.92138644472e-15
1082500,7.08925532093e-15
1082750,5.65804005406e-15
1083000,1.11881272621e-14
1083250,1.21845023042e-14
1083500,7.83619668324e-15
1083750,2.34675630204e-14
1084000,2.97370593808e-14
1084250,3.99941938567e-15
1084500,1.3204774993e-14
1084750,5.57019774936e-15
1085000,1.10630781829e-14
1085250,1.21016438453e-14
1085500,5.01577204063e-15
1085750,1.09789242353e-14
1086000,6.02636556081e-15
1086250,1.41524452923e-14
1086500,3.04186406025e-14
1086750,2.74906081148e-14
1087000,6.58161098338e-14
1087250,4.3608235037e-14
1087500,6.03334109912e-14
1087750,5.33171173663e-14
1088000,1.91311730791e-14
1088250,2.83571576999e-14
1088500,5.53356748075e-15
1088750,1.25014742349e-14
1089000,9.4478656515e-15
1089250,2.71559674272e-15
1089500,1.0128202635e-14
1089750,6.64396671259e-15
1090000,8.83550283664e-15
1090250,7.81346774014e-15
1090500,8.09038442668e-15
1090750,1.86604439384e-15
1091000,2.96180025406e-15
1091250,6.10329904102e-15
1091500,5.92756954106e-15
1091750,8.52508408017e-15
1092000,2.52769076969e-15
1092250,2.47366595216e-15
1092500,6.71241805667e-15
1092750,7.15500161759e-15
1093000,8.0052591399e-15
1093250,7.69451734236e-15
1093500,3.88319377126e-15
1093750,4.50513220725e-15
1094000,1.91561225822e-15
1094250,9.15310961499e-15
1094500,5.24859820685e-15
1094750,7.63046998089e-15
1095000,2.33025405001e-15
1095250,4.02122294135e-15
1095500,1.26990007395e-15
1095750,1.0884993727e-14
1096000,5.01111201205e-15
1096250,7.49390789192e-15
1096500,3.5591463691e-15
1096750,4.37789564907e-15
1097000,1.12909222453e-15
1097250,4.95470026736e-15
1097500,4.30025155874e-15
1097750,1.35489024368e-15
1098000,5.37993217068e-15
1098250,2.09198684738e-15
1098500,4.29512379896e-15
1098750,1.36106997624e-15
1099000,2.7943225721e-15
1099250,4.76623702602e-15
1099500,4.00245499569e-15
1099750,1.7378804362e-15
1100000,4.55869948629e-15
1100250,4.07234870146e-15
1100500,4.02992744946e-15
1100750,2.28614376433e-15
1101000,8.19571334692e-15
1101250,7.57275538155e-15
1101500,6.06082217561e-15
1101750,2.40001395021e-15
1102000,5.26228201743e-15
1102250,7.71114191061e-15
1102500,9.33313776795e-16
1102750,3.93940310945e-15
1103000,1.05990651603e-15
1103250,4.84075049626e-15
1103500,4.8185524354e-15
1103750,5.70662055426e-15
1104000,5.32044437056e-15
1104250,2.98154966391e-15
1104500,1.76537077076e-15
1104750,3.7859132243e-15
1105000,5.34047017765e-15
1105250,5.73924349789e-15
1105500,5.2812957108e-15
1105750,3.41169306401e-15
1106000,4.39755882681e-15
1106250,1.58103289392e-15
1106500,1.730578491e-15
1106750,8.3100099224e-16
1107000,2.50615479496e-15
1107250,3.31380715662e-15
1107500,4.33801127312e-15
1107750,2.98541997821e-15
1108000,4.15030764907e-15
1108250,1.4350976186e-15
1108500,2.35336890882e-15
1108750,3.17681022806e-15
1109000,2.88545840948e-15
1109250,1.9366060343e-15
1109500,1.65091317846e-15
1109750,5.55366453219e-15
1110000,6.35670483751e-15
1110250,5.04093941931e-15
1110500,7.25375113436e-15
1110750,3.93647312625e-15
1111000,2.19542574921e-15
1111250,4.98935703468e-15
1111500,2.54659591123e-15
1111750,3.66626882374e-15
1112000,3.31935476938e-16
1112250,4.6609048565e-15
1112500,7.34635202747e-15
1112750,2.93472211875e-15
1113000,5.91647974144e-15
1113250,4.57341178819e-15
1113500,3.84756158176e-15
1113750,1.49983949466e-15
1114000,1.24252185879e-15
1114250,4.78854128058e-15
1114500,5.86402572703e-15
1114750,9.35770671486e-15
1115000,1.04708488653e-14
1115250,2.94651484763e-15
1115500,2.36481726778e-15
1115750,4.65128654941e-15
1116000,7.4381317333e-15
1116250,5.89829615108e-15
1116500,1.19487533021e-14
1116750,7.50166726625e-15
1117000,7.84657027782e-15
1117250,1.06860241477e-14
1117500,8.09472098663e-15
1117750,1.12661837531e-14
1118000,8.1815553301e-15
1118250,5.29583819549e-15
1118500,6.54449265621e-15
1118750,3.80062266784e-15
1119000,1.95889057305e-15
1119250,4.98721644486e-15
1119500,3.16863112112e-15
1119750,7.64305448599e-15
1120000,4.3303354474e-15
1120250,5.65393670823e-15
1120500,2.95615624266e-15
1120750,7.45834560994e-15
1121000,6.37004410186e-15
1121250,2.55190881301e-15
1121500,4.83852769674e-15
1121750,5.87229313394e-15
1122000,2.12394681126e-15
1122250,1.20831233659e-14
1122500,1.26239777607e-14
1122750,1.65776188264e-15
1123000,1.07807538558e-14
1123250,1.15376101008e-14
1123500,1.17079395532e-14
1123750,8.45348870802e-15
1124000,8.55092165355e-15
1124250,1.01329466289e-14
1124500,9.66903777252e-15
1124750,1.13488616265e-14
1125000,1.14500238771e-14
1125250,7.94078453976e-15
1125500,1.04626635895e-14
1125750,8.3535079963e-15
1126000,9.18058724233e-15
1126250,1.0582506693e-14
1126500,1.23759969339e-14
1126750,9.1776414417e-15
1127000,1.10807618706e-14
1127250,7.66917085525e-15
1127500,1.09135355291e-14
1127750,1.09983249703e-14
1128000,1.05052434788e-14
1128250,9.82762149958e-15
1128500,8.14772243822e-15
1128750,9.89933294391e-15
1129000,1.00205621971e-14
1129250,8.52846139475e-15
1129500,1.14778893674e-14
1129750,7.37174228404e-15
1130000,7.03145203033e-15
1130250,5.90762481302e-15
1130500,9.0249411975e-15
1130750,8.76939792148e-15
1131000,5.51241547835e-15
1131250,5.94716564083e-15
1131500,4.9880967058e-15
1131750,4.49446130892e-15
1132000,6.39707430777e-15
1132250,3.8977107961e-15
1132500,7.47839093233e-15
1132750,6.61427133065e-15
1133000,9.65433089142e-15
1133250,6.88524641827e-15
1133500,9.44532778239e-15
1133750,1.21585351838e-14
1134000,1.00558268315e-14
1134250,5.50165711406e-15
1134500,5.63120726444e-15
1134750,7.07098846338e-15
1135000,7.36595108143e-15
1135250,6.91107444989e-15
1135500,8.60178357448e-16
1135750,8.06388127096e-15
1136000,8.84291801336e-15
1136250,1.26229086284e-14
1136500,2.1792184806e-14
1136750,1.01760256649e-14
1137000,4.44693711966e-14
1137250,5.52862725399e-14
1137500,4.99808159941e-14
1137750,2.8069332697e-14
1138000,6.12573110965e-15
1138250,1.1159683559e-14
1138500,9.66054480384e-15
1138750,5.28095669446e-15
1139000,1.671699058e-14
1139250,5.32019887954e-15
1139500,1.20796116846e-14
1139750,1.27031809327e-15
1140000,1.43369017406e-15
1140250,9.87065230352e-15
1140500,5.19771541658e-15
1140750,9.24328053435e-15
1141000,3.46360878953e-15
1141250,5.3062573263e-15
1141500,4.72273004042e-15
1141750,1.54195343935e-15
1142000,6.02087466191e-15
1142250,1.35441732348e-15
1142500,3.53988791887e-15
1142750,3.60925555171e-15
1143000,1.79878058503e-16
1143250,3.87016851524e-15
1143500,1.70483651694e-15
1143750,6.89365760368e-15
1144000,1.90993047338e-15
1144250,5.68345882841e-15
1144500,4.22597637046e-15
1144750,1.57148989978e-15
1145000,2.58835726185e-15
1145250,4.58534968367e-15
1145500,3.17141014926e-15
1145750,9.00895797186e-15
1146000,3.98118556837e-15
1146250,5.52515680536e-15
1146500,4.38448503285e-15
1146750,1.67587105939e-15
1147000,5.60907336545e-15
1147250,2.95486470441e-15
1147500,3.9744992176e-15
1147750,3.54247068228e-15
1148000,2.17696546635e-15
1148250,5.61257759915e-15
1148500,6.14080755035e-15
1148750,8.58081547803e-15
1149000,1.86004425022e-15
1149250,8.93084368448e-15
1149500,5.28949785393e-15
1149750,2.28766316374e-15
1150000,5.88446425741e-15
1150250,2.98243888491e-15
1150500,4.55751687977e-15
1150750,3.36433289185e-15
1151000,5.63656931244e-15
1151250,8.28449275221e-15
1151500,8.14483412732e-15
1151750,2.95317785619e-15
1152000,1.68257572838e-15
1152250,4.424979497e-15
1152500,4.93278528209e-15
1152750,2.69575804126e-15
1153000,5.23790523913e-15
1153250,2.23528063468e-15
1153500,2.29698123604e-15
1153750,3.02924525977e-15
1154000,3.46670860191e-15
1154250,2.91168251308e-15
1154500,3.89175121095e-15
1154750,1.76789169505e-15
1155000,2.70338178383e-15
1155250,1.5675860717e-15
1155500,4.33287666247e-15
1155750,3.08911649602e-15
1156000,3.02550948814e-15
1156250,2.04878089354e-15
1156500,2.01857669919e-15
1156750,2.17665675148e-15
1157000,2.76942185071e-15
1157250,3.26812634611e-15
1157500,2.28582288745e-15
1157750,2.67565647011e-15
1158000,3.30073122847e-15
1158250,3.83427797381e-15
1158500,4.49867151966e-15
1158750,3.39745168265e-15
1159000,3.14605794273e-15
1159250,1.69892961632e-15
1159500,2.79189445494e-15
1159750,4.04741066036e-16
1160000,5.64330114909e-16
1160250,1.47424334075e-15
1160500,2.7465620807e-15
1160750,2.29059764035e-15
1161000,4.27230868409e-15
1161250,2.6243215866e-15
1161500,5.79190526603e-15
1161750,1.6860781794e-15
1162000,4.17895393322e-15
1162250,3.05379246622e-15
1162500,3.37419990938e-15
1162750,4.05159573968e-15
1163000,4.6102262295e-15
1163250,7.01976751905e-15
1163500,6.75687987496e-16
1163750,4.6168653551e-15
1164000,1.58654832466e-15
1164250,3.19889484684e-15
1164500,3.01291803948e-15
1164750,7.02019507494e-15
1165000,9.36596583247e-15
1165250,3.37009804735e-15
1165500,3.64712948093e-15
1165750,3.41174918843e-15
1166000,3.88397396327e-15
1166250,2.87744525939e-15
1166500,6.70890003302e-16
1166750,6.35934028309e-16
1167000,3.0672857019e-15
1167250,4.20994658424e-15
1167500,4.46519462854e-15
1167750,3.61778165307e-15
1168000,2.90781176549e-15
1168250,3.19775936322e-15
1168500,4.83143152994e-15
1168750,5.79190657443e-15
1169000,1.87184963722e-15
1169250,4.05183308903e-15
1169500,2.9809113969e-15
1169750,2.94257490647e-15
1170000,3.13937982201e-15
1170250,2.72388040127e-15
1170500,3.58208513826e-15
1170750,6.56174200525e-15
1171000,4.94650762577e-15
1171250,5.99786904253e-15
1171500,7.00017964913e-15
1171750,5.9190877829e-15
1172000,5.04957442381e-15
1172250,1.49528544494e-14
1172500,1.26067611422e-14
1172750,7.63366868872e-15
1173000,1.53923592358e-14
1173250,9.34177928544e-15
1173500,1.09314890228e-15
1173750,3.46786516225e-15
1174000,7.25101903652e-15
1174250,7.30779633743e-16
1174500,5.51334647115e-15
1174750,4.80792695067e-16
1175000,2.75565898138e-15
1175250,6.91067178772e-15
1175500,8.570554548e-15
1175750,9.68128047783e-16
1176000,3.20348356291e-15
1176250,1.7382016393e-15
1176500,2.79153408616e-15
1176750,3.24570980713e-15
1177000,7.54550798223e-15
1177250,6.92112274452e-15
1177500,2.61082484835e-15
1177750,1.10885259468e-15
1178000,5.58018658497e-15
1178250,3.39036097442e-15
1178500,4.77921194627e-15
1178750,1.7146587776e-15
1179000,4.6277827897e-15
1179250,1.45239779152e-15
1179500,3.53935835302e-15
1179750,2.07857379012e-15
1180000,4.1901333715e-15
1180250,1.31206952912e-15
1180500,4.70891284478e-15
1180750,1.72973427778e-15
1181000,8.14401777494e-15
1181250,2.00607021769e-15
1181500,1.39942677146e-16
1181750,2.66835465268e-15
1182000,2.21489631003e-15
1182250,1.6306916321e-15
1182500,2.11415605605e-15
1182750,2.04524295488e-15
1183000,3.42470432381e-15
1183250,1.88147676559e-15
1183500,1.65696307745e-15
1183750,4.50873342695e-15
1184000,5.26630931909e-15
1184250,1.93732252131e-15
1184500,1.99037336401e-15
1184750,1.6313412086e-15
1185000,2.40375678139e-15
1185250,2.48351394766e-15
1185500,4.41747804208e-15
1185750,2.51416906181e-15
1186000,6.59412308159e-15
1186250,1.62422109855e-15
1186500,1.95220630275e-15
1186750,1.08853894388e-14
1187000,1.212395256e-14
1187250,2.01894514392e-14
1187500,1.83702231906e-14
1187750,2.39797116894e-14
1188000,1.96086250241e-14
1188250,1.32817463335e-14
1188500,1.30975788998e-14
1188750,6.00655844148e-15
1189000,5.36502264036e-15
1189250,1.90967957864e-15
1189500,3.72219194049e-15
1189750,4.41747280463e-15
1190000,2.51643891579e-15
1190250,7.0091926274e-15
1190500,5.57572252269e-15
1190750,2.87759577256e-15
1191000,2.09116391487e-15
1191250,3.7043579012e-15
1191500,3.57831823008e-15
1191750,4.14301807181e-15
1192000,2.34823012955e-15
1192250,3.56667677271e-15
1192500,6.31903071638e-15
1192750,1.88463366534e-15
1193000,5.67990275135e-15
1193250,9.72123422888e-15
1193500,6.48796066879e-15
1193750,5.344740325e-15
1194000,4.00367065424e-15
1194250,3.38188856059e-15
1194500,6.34598483829e-15
1194750,4.61263933617e-15
1195000,3.05392810826e-15
1195250,2.63771171105e-15
1195500,5.29309348198e-15
1195750,1.84037720283e-15
1196000,4.75906666365e-15
1196250,2.29162498311e-15
1196500,3.0193826264e-15
1196750,4.31329749176e-15
1197000,2.28147643278e-16
1197250,2.34347637964e-15
1197500,5.89749144197e-15
1197750,3.88937383864e-15
1198000,4.02560583718e-15
1198250,5.21691614149e-16
1198500,4.59758517229e-15
1198750,1.50744284005e-15
1199000,1.40880722961e-15
1199250,4.76160279577e-15
1199500,4.88398000468e-15
1199750,4.67581789805e-16
1200000,4.55684454184e-15
1200250,3.01916599627e-15
1200500,1.83458968618e-15
1200750,3.24340249364e-15
1201000,6.4341747824e-15
1201250,4.74174206832e-15
1201500,5.09586628138e-15
1201750,1.02006614042e-15
1202000,3.48456206507e-15
1202250,2.3227817394e-15
1202500,7.91193385907e-16
1202750,2.99164540425e-15
1203000,1.296954624e-15
1203250,2.83980588129e-15
1203500,3.78612061408e-15
1203750,6.07612986328e-15
1204000,4.63497816717e-15
1204250,2.89104624934e-15
1204500,2.22609756954e-15
1204750,1.36934986495e-15
1205000,3.85539207208e-15
1205250,4.078002262e-15
1205500,6.04059065682e-15
1205750,3.61543960647e-15
1206000,3.98015428829e-15
1206250,7.78493095171e-16
1206500,1.28858717324e-15
1206750,1.80407704446e-15
1207000,4.15122840644e-16
1207250,1.67965609832e-15
1207500,1.68554111942e-15
1207750,3.53478226598e-16
1208000,4.01463377812e-15
1208250,7.08595569105e-16
1208500,1.20456835529e-15
1208750,6.55291213962e-16
1209000,2.95253550609e-15
1209250,2.2354562385e-15
1209500,1.19475214597e-15
1209750,2.39262466354e-15
1210000,5.68354652044e-15
1210250,4.52992137403e-15
1210500,6.78289497013e-15
1210750,5.98590574118e-15
1211000,4.1760993449e-15
1211250,1.31716344616e-15
1211500,2.28439477393e-15
1211750,6.0228612362e-15
1212000,4.83646962437e-16
1212250,3.40198176019e-15
1212500,1.94553289352e-15
1212750,3.2234826748e-15
1213000,5.22315766016e-15
1213250,6.05162288314e-15
1213500,3.60892484593e-15
1213750,5.76861512818e-15
1214000,3.62453555518e-15
1214250,4.45561308217e-15
1214500,5.21451448661e-15
1214750,1.4192525682e-14
1215000,1.36566228252e-14
1215250,4.26997341973e-15
1215500,4.08365915533e-15
1215750,5.48069656182e-15
1216000,7.00709981436e-15
1216250,9.9680453825e-15
1216500,1.36742402555e-14
1216750,7.81781304693e-15
1217000,4.04540218532e-15
1217250,6.91755093453e-15
1217500,4.21176351322e-15
1217750,3.44529935593e-15
1218000,3.14326464904e-15
1218250,3.24770002036e-15
1218500,5.02646678728e-15
1218750,2.11509610433e-15
1219000,3.08661176974e-15
1219250,7.05519487602e-15
1219500,4.22676373828e-15
1219750,7.441868952e-15
1220000,7.57145538297e-15
1220250,2.74807322605e-15
1220500,5.6559120667e-15
1220750,8.58965391161e-15
1221000,5.33005460446e-15
1221250,1.84417354585e-15
1221500,1.44198171151e-14
1221750,2.01684312676e-14
1222000,1.99095346348e-14
1222250,5.19963101624e-14
1222500,4.23686482934e-14
1222750,2.9395794808e-14
1223000,5.35822414871e-14
1223250,3.50807539307e-14
1223500,1.88804696686e-14
1223750,1.71908773257e-14
1224000,5.71479837534e-15
1224250,2.55211782758e-15
1224500,1.33907502885e-14
1224750,6.08928821173e-15
1225000,7.19179373196e-15
1225250,2.03840961952e-15
1225500,9.2498221232e-15
1225750,1.70426635769e-15
1226000,1.04156216311e-14
1226250,5.72479579398e-15
1226500,5.5076977404e-15
1226750,2.46453432576e-15
1227000,6.64337577256e-15
1227250,1.37541056897e-15
1227500,7.10784081483e-15
1227750,5.52326675101e-15
1228000,4.29745500097e-15
1228250,2.27776255067e-15
1228500,7.24287462709e-15
1228750,4.42058742677e-15
1229000,7.95857090222e-15
1229250,3.45785964643e-15
1229500,5.69249139936e-15
1229750,8.65392597713e-16
1230000,3.32986998155e-15
1230250,4.67295814312e-15
1230500,5.88349808581e-15
1230750,4.49136261299e-15
1231000,2.42148593674e-15
1231250,4.37660518793e-15
1231500,9.91097426732e-15
1231750,3.9798601018e-15
1232000,7.97515877013e-15
1232250,9.65828674637e-16
1232500,5.74387838735e-15
1232750,4.97685935239e-15
1233000,6.98479466459e-15
1233250,7.85077193525e-15
1233500,6.23785715855e-15
1233750,4.22135880896e-15
1234000,1.07602829178e-15
1234250,4.04598155898e-15
1234500,7.59000066345e-15
1234750,6.8947604705e-15
1235000,7.5466230866e-15
1235250,5.880798346e-15
1235500,1.2718197197e-15
1235750,9.32418071113e-15
1236000,1.08755124889e-14
1236250,1.22661273716e-14
1236500,2.17254964614e-14
1236750,9.2523078136e-15
1237000,4.46203716956e-14
1237250,5.56482450783e-14
1237500,4.99217733023e-14
1237750,2.70816297037e-14
1238000,7.91834085856e-15
1238250,1.13905016828e-14
1238500,6.52286615877e-15
1238750,6.12776371656e-15
1239000,1.34014723316e-14
1239250,5.21781145236e-15
1239500,1.06711525861e-14
1239750,3.29200183921e-15
1240000,1.04753561519e-15
1240250,8.60686655736e-15
1240500,3.60053737293e-15
1240750,7.14710551127e-15
1241000,3.02371700822e-15
1241250,1.08472758076e-15
1241500,1.80362743487e-15
1241750,8.99727902715e-16
1242000,4.13018537831e-15
1242250,2.91721571832e-15
1242500,1.43298013137e-15
1242750,5.70844625591e-15
1243000,3.99967738752e-16
1243250,7.38073312194e-15
1243500,5.88811361656e-15
1243750,7.78400025614e-15
1244000,4.61079231145e-15
1244250,8.87353069155e-15
1244500,4.70847983479e-15
1244750,1.99391633722e-15
1245000,4.01517209685e-15
1245250,5.27401878693e-15
1245500,2.89988779872e-15
1245750,8.84978217261e-15
1246000,5.44037318377e-15
1246250,7.12317835815e-15
1246500,2.33254210084e-15
1246750,2.35590797405e-15
1247000,6.67213098445e-15
1247250,4.21250785648e-15
1247500,2.727889549e-15
1247750,2.51176914449e-15
1248000,2.64344716191e-15
1248250,3.5650596261e-15
1248500,1.30293564782e-15
1248750,4.38758320676e-15
1249000,2.26871183601e-15
1249250,2.0299067159e-15
1249500,2.03026533159e-15
1249750,6.21666871396e-15
1250000,1.00671186839e-14
1250250,3.71632440454e-16
1250500,5.94714096116e-15
1250750,6.41475720979e-15
1251000,3.39321385718e-15
1251250,6.61343430647e-15
1251500,4.24337560108e-15
1251750,3.48065142368e-15
1252000,3.80769859705e-15
1252250,2.15548823147e-15
1252500,4.97228114851e-15
1252750,9.17142530175e-16
1253000,4.23851039822e-15
1253250,1.61511881505e-15
1253500,1.38867691258e-15
1253750,2.6353975367e-15
1254000,2.02504667529e-15
1254250,1.5943171492e-15
1254500,2.2581502269e-15
1254750,1.14886113238e-15
1255000,2.94212333632e-15
1255250,2.8521826977e-15
1255500,5.69983025339e-15
1255750,4.36849334978e-15
1256000,5.03553260173e-15
1256250,6.63256943388e-15
1256500,3.6287603503e-15
1256750,1.83790422368e-15
1257000,9.0289273311e-16
1257250,1.97260542949e-15
1257500,2.27513887915e-15
1257750,1.84269352369e-15
1258000,3.29372800118e-15
1258250,4.72958809834e-15
1258500,1.3646375258e-15
1258750,1.07881192375e-15
1259000,1.96005221298e-15
1259250,3.61302118698e-15
1259500,2.67335331028e-15
1259750,1.01734220501e-15
1260000,3.23967230038e-15
1260250,3.65759711596e-16
1260500,5.89017862921e-15
1260750,9.30927494269e-16
1261000,3.72109924936e-15
1261250,2.83081556143e-15
1261500,5.55840958602e-15
1261750,1.30099458733e-15
1262000,3.77567854332e-15
1262250,1.80817164865e-15
1262500,4.49755892502e-15
1262750,1.98548597163e-15
1263000,4.65073944923e-15
1263250,2.69070713334e-15
1263500,4.19345647141e-15
1263750,1.41726099863e-15
1264000,2.79734440874e-15
1264250,2.04206292247e-15
1264500,5.13373330586e-15
1264750,3.07378207237e-15
1265000,4.59387066534e-15
1265250,1.23294312206e-15
1265500,3.22266745209e-15
1265750,1.42130575569e-15
1266000,6.38644594994e-15
1266250,4.26023397562e-15
1266500,1.35712927232e-14
1266750,7.11763477311e-15
1267000,1.26352588862e-14
1267250,1.46551976851e-14
1267500,9.93652648389e-15
1267750,8.8296786606e-15
1268000,8.258927568e-15
1268250,5.12572982321e-15
1268500,3.56234465092e-15
1268750,2.16871571018e-15
1269000,2.11337796321e-15
1269250,5.36143191289e-15
1269500,4.32579767982e-15
1269750,4.52806819955e-15
1270000,7.11501214476e-15
1270250,6.01576031516e-15
1270500,7.03025004842e-15
1270750,1.42728815656e-14
1271000,9.42226175944e-15
1271250,8.77641873621e-15
1271500,1.46553712836e-14
1271750,2.04262926311e-14
1272000,2.10454434768e-14
1272250,5.49727144e-14
1272500,4.48643937818e-14
1272750,2.52124897117e-14
1273000,5.80429943137e-14
1273250,3.78503991414e-14
1273500,1.52326226844e-14
1273750,1.27118241811e-14
1274000,8.85153873952e-15
1274250,5.49755884951e-15
1274500,1.39003673736e-14
1274750,7.22387042491e-15
1275000,4.0470729811e-15
1275250,4.74371973641e-15
1275500,1.14419548751e-14
1275750,4.28493288245e-15
1276000,7.53884947125e-15
1276250,4.07700618415e-15
1276500,1.49701823778e-15
1276750,2.51889898081e-15
1277000,7.83271467664e-15
1277250,9.74862765586e-15
1277500,4.73807019116e-15
1277750,4.76751760008e-15
1278000,1.73816397273e-15
1278250,2.80331200687e-15
1278500,4.50261791769e-15
1278750,3.39427747552e-15
1279000,2.44248256562e-15
1279250,1.58950898741e-15
1279500,4.34524588758e-15
1279750,4.29939523618e-15
1280000,5.93130391109e-15
1280250,3.73610882611e-15
1280500,2.84448434348e-15
1280750,4.05880617054e-15
1281000,7.5372670581e-15
1281250,3.13386093552e-15
1281500,3.47826114479e-15
1281750,1.41908662771e-15
1282000,4.98367769022e-15
1282250,6.03381092145e-15
1282500,6.99921929897e-15
1282750,4.65818560057e-15
1283000,1.56414419918e-15
1283250,5.35333684693e-15
1283500,5.64966374218e-15
1283750,6.92937030649e-15
1284000,6.60231114029e-15
1284250,1.93174942276e-15
1284500,6.31738314843e-15
1284750,9.3977303981e-15
1285000,9.96379828514e-15
1285250,1.19753660537e-14
1285500,7.55750827773e-15
1285750,8.01354000003e-15
1286000,1.16480117366e-14
1286250,1.38628011443e-14
1286500,3.3813277511e-14
1286750,1.9994901817e-14
1287000,6.13281532443e-14
1287250,5.47814776021e-14
1287500,6.07359026038e-14
1287750,4.2962566193e-14
1288000,1.57397145611e-14
1288250,2.91842073929e-14
1288500,3.58471595201e-15
1288750,1.38225736647e-14
1289000,1.15214658938e-14
1289250,3.68120175213e-15
1289500,1.11156002613e-14
1289750,4.28279487635e-15
1290000,8.4078798209e-15
1290250,3.39775439004e-15
1290500,2.55769542397e-15
1290750,6.89213981567e-15
1291000,3.00936189195e-15
1291250,1.06893013322e-14
1291500,4.33753120806e-15
1291750,2.74788833852e-15
1292000,6.29335811359e-15
1292250,5.74444419692e-15
1292500,8.11634765036e-15
1292750,5.56079354612e-15
1293000,6.98990914462e-15
1293250,3.68809032844e-15
1293500,9.77218460959e-15
1293750,6.09894282502e-15
1294000,4.89688373734e-15
1294250,5.90573304079e-15
1294500,4.41667877233e-15
1294750,7.67786491314e-16
1295000,3.09208814908e-15
1295250,4.56523207805e-15
1295500,6.93422173108e-15
1295750,7.3578494583e-15
1296000,2.46520707431e-15
1296250,8.33884408191e-15
1296500,2.67282008501e-15
1296750,1.96158593291e-15
1297000,2.04949490434e-15
1297250,1.60465041521e-15
1297500,2.21604231544e-15
1297750,2.85402824981e-15
1298000,8.33103891009e-16
1298250,2.00010859284e-15
1298500,4.01400509305e-15
1298750,4.4071394273e-15
1299000,2.78383780697e-15
1299250,8.70462063725e-15
1299500,9.50386844824e-15
1299750,5.33133271158e-15
1300000,9.39899621449e-15
1300250,3.18185438965e-15
1300500,2.71508199237e-15
1300750,2.51105826947e-15
1301000,6.34801859623e-15
1301250,8.36782796486e-15
1301500,9.7336630397e-15
1301750,8.50759927815e-15
1302000,9.90134775856e-15
1302250,8.76672677675e-15
1302500,4.62001456289e-15
1302750,2.09135700215e-15
1303000,1.5256299793e-16
1303250,1.10467281662e-15
1303500,1.26918617256e-15
1303750,3.18174533742e-15
1304000,1.11451424796e-15
1304250,2.50442205734e-15
1304500,3.35740969056e-15
1304750,1.46725947365e-15
1305000,1.688562131e-15
1305250,1.95881594884e-15
1305500,3.01115785689e-15
1305750,4.56303558483e-15
1306000,4.00732861043e-15
1306250,2.76050548307e-15
1306500,3.7579911353e-15
1306750,8.12757922052e-16
1307000,9.1281455546e-16
1307250,2.22762784086e-15
1307500,8.77539146694e-16
1307750,9.16457324316e-16
1308000,3.77923108105e-15
1308250,5.91427724781e-15
1308500,2.27875504438e-15
1308750,2.47368407912e-15
1309000,4.43072692693e-15
1309250,3.78228575906e-15
1309500,3.56654998456e-15
1309750,2.66786437974e-15
1310000,2.54249406136e-15
1310250,3.09477239581e-15
1310500,3.21724803615e-15
1310750,4.79600609711e-15
1311000,4.43531511795e-15
1311250,4.08992220836e-15
1311500,5.90323128934e-15
1311750,8.05917685502e-15
1312000,4.68403343187e-15
1312250,4.2067019026e-15
1312500,5.87646697009e-15
1312750,2.99901545303e-15
1313000,2.43182891555e-15
1313250,2.99967079388e-15
1313500,2.07398313372e-15
1313750,2.28455523305e-15
1314000,1.21089350597e-15
1314250,3.10967079002e-15
1314500,2.37182398109e-15
1314750,6.77032316668e-15
1315000,5.30288312366e-15
1315250,1.72757899149e-15
1315500,3.56988799193e-15
1315750,5.52981141084e-15
1316000,6.73721417138e-15
1316250,1.00863663377e-14
1316500,1.353857208e-14
1316750,7.25973330284e-15
1317000,6.79500470569e-15
1317250,7.97346507399e-15
1317500,3.27279194707e-15
1317750,3.37855873718e-15
1318000,2.31153725146e-15
1318250,7.21580171777e-15
1318500,4.29753414429e-15
1318750,4.64118723438e-15
1319000,2.58655956249e-15
1319250,5.29673977516e-15
1319500,5.53039931244e-15
1319750,3.61231320449e-15
1320000,5.01527776059e-15
1320250,2.60853135386e-15
1320500,3.04414028887e-15
1320750,8.91839896707e-15
1321000,6.15154391894e-15
1321250,3.60434229155e-15
1321500,1.47327666713e-14
1321750,1.73143251772e-14
1322000,1.60713281817e-14
1322250,4.32368788011e-14
1322500,3.39295993353e-14
1322750,2.58110740626e-14
1323000,4.6318869076e-14
1323250,3.25892956893e-14
1323500,1.65570037878e-14
1323750,2.43897504701e-14
1324000,7.92608308855e-15
1324250,4.5455658813e-15
1324500,7.05511885198e-15
1324750,1.55813512786e-15
1325000,3.43921081332e-15
1325250,4.85034372243e-15
1325500,5.68258205049e-15
1325750,2.24807486283e-15
1326000,9.23090413835e-15
1326250,4.6754892042e-15
1326500,2.73025757271e-15
1326750,5.12477855902e-15
1327000,7.05449042124e-15
1327250,6.35394905143e-15
1327500,9.09728847698e-15
1327750,5.55864863589e-15
1328000,4.47034203204e-15
1328250,3.94513907156e-15
1328500,9.82091711255e-15
1328750,2.02167671641e-15
1329000,9.23322000653e-15
1329250,4.62153572698e-15
1329500,7.04328370754e-15
1329750,1.47650834219e-15
1330000,6.56462896211e-15
1330250,6.77774521596e-15
1330500,9.90670259008e-15
1330750,5.85957972035e-15
1331000,1.17568874699e-15
1331250,1.85578047541e-15
1331500,7.10545017137e-15
1331750,5.83754043131e-15
1332000,8.72046135987e-15
1332250,3.11734017056e-15
1332500,5.11972180969e-15
1332750,4.41309998138e-15
1333000,7.74739834659e-15
1333250,7.92108118797e-15
1333500,8.12442517491e-15
1333750,3.89815374575e-15
1334000,2.93643227093e-15
1334250,2.32894722176e-15
1334500,9.40916417344e-15
1334750,8.54282814945e-15
1335000,9.57692301913e-15
1335250,1.03147131032e-14
1335500,1.56021833151e-15
1335750,9.52193579122e-15
1336000,1.1167642748e-14
1336250,1.25183666627e-14
1336500,3.02447084732e-14
1336750,1.88158308767e-14
1337000,6.07910429001e-14
1337250,4.9683455093e-14
1337500,5.91047352542e-14
1337750,4.97277263036e-14
1338000,2.10701699044e-14
1338250,2.67728854106e-14
1338500,2.89640397916e-15
1338750,8.67736116881e-15
1339000,1.19323642643e-14
1339250,6.43896261755e-15
1339500,1.2701314948e-14
1339750,3.25411686629e-15
1340000,7.07517323869e-15
1340250,3.63442987799e-15
1340500,3.00143070842e-15
1340750,7.04394140612e-15
1341000,4.47568267848e-15
1341250,1.64404546432e-15
1341500,4.17723537191e-15
1341750,6.25941395425e-15
1342000,2.33222388948e-15
1342250,7.83992358544e-15
1342500,7.44938353598e-15
1342750,1.4216747857e-14
1343000,1.05885495758e-14
1343250,1.34496083947e-14
1343500,7.82480592317e-15
1343750,1.25755434432e-14
1344000,7.46198545182e-16
1344250,8.5936402661e-15
1344500,6.90308604985e-15
1344750,4.08194030957e-15
1345000,5.68330099914e-15
1345250,2.95909978926e-15
1345500,2.1491550412e-15
1345750,9.28994945241e-15
1346000,6.78166403601e-15
1346250,8.9164788574e-15
1346500,1.27668399718e-15
1346750,6.06997441996e-15
1347000,5.59109459356e-15
1347250,4.95422663241e-15
1347500,4.89628907035e-15
1347750,2.17697171655e-15
1348000,1.99243968354e-15
1348250,3.01799455952e-15
1348500,2.17669847302e-15
1348750,2.22466982745e-15
1349000,2.83103143094e-15
1349250,9.29858334414e-15
1349500,5.54590196847e-15
1349750,4.94964331421e-15
1350000,9.56266789288e-15
1350250,2.08218119896e-15
1350500,5.20812241437e-15
1350750,6.38337956969e-15
1351000,4.06752494312e-15
1351250,1.02369150038e-14
1351500,9.49096510999e-15
1351750,1.15784254053e-14
1352000,1.02504170207e-14
1352250,7.19665220917e-15
1352500,6.21350069096e-15
1352750,2.20480627656e-15
1353000,4.42016797602e-15
1353250,4.79502030697e-15
1353500,2.33267248626e-15
1353750,3.29331309837e-15
1354000,4.28137383142e-15
1354250,1.82112457698e-15
1354500,3.21796788311e-15
1354750,2.22869981573e-15
1355000,3.10375942283e-15
1355250,5.80217226195e-15
1355500,8.66732215866e-15
1355750,6.27775740513e-15
1356000,2.94100191725e-15
1356250,3.54117746236e-15
1356500,8.99128703012e-16
1356750,3.02959757102e-15
1357000,2.6777656587e-15
1357250,3.60264644328e-15
1357500,1.62127618587e-15
1357750,1.95964429575e-15
1358000,3.9316457353e-15
1358250,8.90126449305e-15
1358500,3.97196788077e-15
1358750,2.76121021027e-15
1359000,7.37694399983e-16
1359250,3.39527011593e-15
1359500,1.20510357565e-15
1359750,3.1465100363e-15
1360000,1.10293048526e-15
1360250,1.31212271535e-15
1360500,3.1074527882e-15
1360750,1.45865754782e-15
1361000,1.87159859477e-15
1361250,2.46956056258e-15
1361500,5.72946919124e-15
1361750,3.62527911084e-15
1362000,5.47399558069e-15
1362250,4.01474458452e-15
1362500,5.32069997905e-15
1362750,3.94254808231e-15
1363000,1.1895733995e-15
1363250,1.39329903165e-15
1363500,5.48074531262e-15
1363750,3.88709272452e-15
1364000,3.98149454469e-15
1364250,5.22641820298e-16
1364500,1.98597813701e-15
1364750,4.14774618288e-15
1365000,3.97625610036e-15
1365250,3.50639503958e-15
1365500,1.70180989891e-15
1365750,3.70583237057e-16
1366000,2.51056427851e-15
1366250,4.5802494897e-15
1366500,7.28336913957e-15
1366750,4.0762265088e-15
1367000,4.23493256818e-15
1367250,5.24526146642e-15
1367500,4.09870347035e-15
1367750,4.49727966208e-15
1368000,3.71565748593e-15
1368250,3.26164592014e-15
1368500,4.89314294117e-15
1368750,7.24779840936e-15
1369000,5.55100607181e-15
1369250,4.73811271233e-15
1369500,4.00307280881e-15
1369750,3.52264711613e-15
1370000,1.85637951725e-15
1370250,2.77746563583e-16
1370500,4.17910387989e-15
1370750,1.99728377131e-16
1371000,3.19290108762e-15
1371250,2.63571949431e-15
1371500,2.62544406159e-15
1371750,5.73051193507e-16
1372000,3.64463741228e-15
1372250,1.00075889467e-15
1372500,1.34516652454e-15
1372750,5.12209005424e-15
1373000,5.22778029371e-15
1373250,1.73808771641e-15
1373500,1.33904574309e-14
1373750,2.6258882802e-14
1374000,4.90883642411e-15
1374250,1.15644442409e-14
1374500,9.08162297895e-15
1374750,5.0451347426e-15
1375000,2.95974486772e-15
1375250,4.14300925008e-16
1375500,2.66308117686e-15
1375750,1.9440701604e-15
1376000,2.57914121419e-15
1376250,3.69890229129e-15
1376500,2.35437596806e-15
1376750,5.21878764098e-15
1377000,4.86560951486e-15
1377250,5.72333174961e-15
1377500,2.23792336668e-15
1377750,2.94560705791e-15
1378000,6.75457847678e-15
1378250,6.56871593565e-15
1378500,1.13506355903e-15
1378750,5.02671144504e-15
1379000,4.40792107518e-15
1379250,2.52928047998e-15
1379500,3.60530986113e-15
1379750,2.69906740533e-15
1380000,1.93796305466e-15
1380250,3.12653596611e-15
1380500,6.38044640495e-16
1380750,5.63005108977e-15
1381000,3.30443985237e-15
1381250,1.46839834038e-15
1381500,1.24497548388e-15
1381750,2.10020804731e-15
1382000,5.09622438721e-15
1382250,4.21117818204e-15
1382500,5.05085073671e-15
1382750,2.82768914813e-15
1383000,3.08554234104e-15
1383250,3.05572152082e-15
1383500,3.90220698252e-15
1383750,5.18557501956e-15
1384000,5.38454648439e-15
1384250,3.5875456438e-15
1384500,3.31701742111e-15
1384750,5.50845571573e-15
1385000,4.70471246567e-15
1385250,3.95343254207e-15
1385500,5.60703521293e-15
1385750,9.16003793046e-16
1386000,5.39505467665e-15
1386250,6.56435524372e-15
1386500,1.1690927767e-14
1386750,8.01678766334e-15
1387000,1.86513212383e-14
1387250,1.60655615156e-14
1387500,1.88542900873e-14
1387750,1.49175202594e-14
1388000,5.88057149806e-15
1388250,1.29573090127e-14
1388500,3.85016883892e-15
1388750,7.25219056962e-15
1389000,2.7489624759e-15
1389250,2.61871453955e-15
1389500,5.27832293793e-15
1389750,1.98589826316e-15
1390000,3.82235229515e-15
1390250,3.90660826507e-15
1390500,2.36525187349e-15
1390750,3.82959990898e-15
1391000,9.86708504968e-16
1391250,4.47429141112e-15
1391500,5.11488259355e-15
1391750,3.15251798108e-15
1392000,9.12507505456e-15
1392250,1.15608604455e-14
1392500,1.2281496647e-14
1392750,1.16311727e-14
1393000,1.3833778368e-14
1393250,8.07662683872e-15
1393500,1.31765816948e-14
1393750,4.61289895299e-15
1394000,5.94354041651e-15
1394250,2.65154473366e-15
1394500,1.90645656218e-15
1394750,1.38558516249e-15
1395000,3.42711636345e-15
1395250,3.82369163035e-15
1395500,4.4703773218e-15
1395750,2.05023270735e-15
1396000,8.28868761945e-16
1396250,4.39041411421e-15
1396500,1.03947456586e-15
1396750,1.98631682368e-15
1397000,1.81896939549e-15
1397250,9.9527815733e-16
1397500,3.15299992274e-15
1397750,2.4697168721e-15
1398000,1.36511858094e-15
1398250,2.01765933027e-15
1398500,3.2659352016e-15
1398750,2.15807730169e-15
1399000,2.98131483172e-15
1399250,7.81018535502e-15
1399500,4.87686089122e-15
1399750,1.88865728043e-15
1400000,1.26656439642e-15
1400250,1.21053521637e-15
1400500,2.65510417845e-15
1400750,4.50418501608e-15
1401000,4.94348074796e-15
1401250,9.03616345257e-15
1401500,1.00380445109e-14
1401750,4.79916091799e-15
1402000,1.02025033138e-14
1402250,5.73188765561e-15
1402500,4.00455435458e-15
1402750,2.97008475404e-15
1403000,1.52982820103e-15
1403250,3.94371878881e-16
1403500,2.17530174947e-15
1403750,2.62740870145e-15
1404000,2.59491628914e-15
1404250,4.41207967999e-15
1404500,5.48600645414e-15
1404750,3.19028145938e-15
1405000,4.89279724857e-15
1405250,4.80352765325e-15
1405500,6.38226590421e-15
1405750,7.69480600652e-15
1406000,5.33362347225e-15
1406250,5.01100926482e-15
1406500,2.03767551737e-15
1406750,2.00962068845e-15
1407000,2.58643656741e-15
1407250,1.7562052936e-15
1407500,1.99394167005e-15
1407750,1.98367529535e-15
1408000,1.65414601333e-15
1408250,3.90511292471e-15
1408500,2.39379172352e-15
1408750,2.20747759987e-15
1409000,3.14275530884e-15
1409250,1.26748513102e-15
1409500,3.52444952879e-15
1409750,1.6682778031e-15
1410000,1.94868100404e-15
1410250,1.39379551608e-15
1410500,1.57248027938e-15
1410750,2.32265922039e-15
1411000,4.5436719241e-16
1411250,5.01310948174e-15
1411500,6.12346911177e-15
1411750,5.15826508202e-15
1412000,3.93830688216e-15
1412250,7.40879984427e-16
1412500,2.722518453e-15
1412750,2.48898299073e-15
1413000,2.55687522447e-15
1413250,1.74962820433e-15
1413500,1.69890678679e-15
1413750,1.95342208676e-15
1414000,8.63445300904e-16
1414250,5.0692777797e-16
1414500,2.04149832469e-15
1414750,1.77141460457e-15
1415000,3.02444143753e-15
1415250,2.8050169267e-15
1415500,2.65379526757e-15
1415750,2.89194199826e-15
1416000,2.71264186589e-15
1416250,4.21446332995e-15
1416500,2.31393115247e-15
1416750,1.85317515901e-15
1417000,2.22484827194e-15
1417250,1.30642327207e-15
1417500,2.72688143632e-15
1417750,3.26949424089e-15
1418000,2.24554451604e-15
1418250,3.17406420483e-15
1418500,1.07772110772e-15
1418750,1.22832930539e-16
1419000,2.52035424091e-15
1419250,5.07933383533e-15
1419500,3.77352857949e-15
1419750,2.68914815845e-15
1420000,3.60590558515e-15
1420250,3.23979116699e-15
1420500,7.21798928625e-15
1420750,1.37831213019e-14
1421000,7.61359370658e-15
1421250,8.31394719707e-15
1421500,1.07205772668e-14
1421750,1.42993525558e-14
1422000,1.72035779932e-14
1422250,4.40889368685e-14
1422500,3.81991225312e-14
1422750,2.47284670724e-14
1423000,4.83240574936e-14
1423250,3.72101697706e-14
1423500,2.18143787087e-14
1423750,4.12746082868e-14
1424000,1.27564300433e-14
1424250,5.01411070816e-15
1424500,8.15740864687e-15
1424750,5.32595426171e-15
1425000,4.57848436975e-15
1425250,5.04535976254e-15
1425500,5.58140477043e-15
1425750,7.36980892101e-15
1426000,9.57273581671e-15
1426250,5.89798656379e-15
1426500,2.91063560646e-15
1426750,1.15561044714e-15
1427000,1.00539797071e-14
1427250,1.14794423872e-14
1427500,1.29104685675e-14
1427750,7.99197314354e-15
1428000,6.64499365057e-15
1428250,9.91074659901e-15
1428500,1.21480923744e-14
1428750,5.20988627582e-15
1429000,1.14245508737e-14
1429250,5.91115879791e-15
1429500,9.03712899476e-15
1429750,6.18093470285e-15
1430000,7.63537627326e-15
1430250,4.43918468406e-15
1430500,6.79784856937e-15
1430750,6.05226952286e-15
1431000,4.05010253605e-15
1431250,3.53304332581e-15
1431500,4.78870842077e-15
1431750,2.69843721666e-15
1432000,4.55386872337e-15
1432250,8.99489836871e-16
1432500,4.8781465421e-15
1432750,2.62396590395e-15
1433000,6.84366692258e-15
1433250,3.51775468557e-15
1433500,5.94415537177e-15
1433750,8.85795759673e-16
1434000,3.89971786736e-15
1434250,5.71233429007e-16
1434500,3.94163036242e-15
1434750,2.52285260703e-15
1435000,2.64424942097e-15
1435250,4.19368130297e-15
1435500,3.40196527579e-15
1435750,1.90752757271e-15
1436000,1.1755900967e-15
1436250,8.59523108907e-16
1436500,2.05864947331e-15
1436750,2.51646965247e-15
1437000,6.86690871408e-15
1437250,5.23075869005e-15
1437500,7.60210678208e-15
1437750,9.18109329554e-15
1438000,5.02719049975e-15
1438250,2.18001025543e-15
1438500,1.91976361031e-15
1438750,1.68883672221e-15
1439000,5.05269471491e-15
1439250,1.61701728269e-15
1439500,3.40795299894e-15
1439750,2.60363631202e-15
1440000,2.32740139307e-15
1440250,2.51062009968e-15
1440500,8.18708005179e-16
1440750,3.90530273155e-15
1441000,3.13484093454e-15
1441250,2.19837398181e-15
1441500,3.82447087509e-15
1441750,2.49334567427e-15
1442000,4.79579451484e-15
1442250,7.86691274219e-15
1442500,6.53655966319e-15
1442750,1.30592147072e-14
1443000,1.18826136789e-14
1443250,1.17865877884e-14
1443500,1.50601115582e-14
1443750,9.18322671566e-15
1444000,5.66639002414e-15
1444250,5.65969076145e-16
1444500,3.98467678135e-15
1444750,3.01326755275e-15
1445000,5.16890266499e-15
1445250,2.14146145614e-15
1445500,3.73276059734e-15
1445750,3.62777272849e-15
1446000,3.67242715813e-15
1446250,2.99923986717e-15
1446500,1.69122128975e-15
1446750,4.162352699e-15
1447000,1.14776865446e-15
1447250,3.71005380176e-15
1447500,2.91449967662e-15
1447750,2.6867897485e-15
1448000,1.94487095251e-15
1448250,3.45250856053e-15
1448500,4.08668391876e-15
1448750,3.27030643675e-15
1449000,2.36375154176e-15
1449250,2.03980650962e-15
1449500,4.11747535483e-15
1449750,3.36200914611e-15
1450000,9.28268895859e-15
1450250,2.76339502875e-15
1450500,5.87952241494e-15
1450750,3.00306718518e-15
1451000,4.32089902418e-15
1451250,4.80885339704e-15
1451500,4.11785278268e-15
1451750,4.96882445354e-15
1452000,4.72059436694e-15
1452250,4.0520906506e-15
1452500,2.76376073777e-15
1452750,1.43972463498e-15
1453000,4.64697382607e-15
1453250,5.24490272681e-15
1453500,1.92157120808e-15
1453750,1.75741361435e-15
1454000,5.99118016054e-15
1454250,5.28221728128e-15
1454500,3.61023331422e-15
1454750,6.20169165725e-15
1455000,1.17976984498e-14
1455250,1.98247236764e-14
1455500,2.80726131298e-14
1455750,2.44901316651e-14
1456000,1.75777017603e-14
1456250,8.77771817645e-15
1456500,4.05689979865e-15
1456750,5.59822664768e-15
1457000,2.6220712678e-15
1457250,9.92321729355e-15
1457500,8.67306600602e-16
1457750,2.56884976879e-15
1458000,2.01118767007e-15
1458250,2.49598977901e-15
1458500,2.18546720153e-15
1458750,3.58440002529e-15
1459000,2.35077425208e-15
1459250,2.84809094427e-15
1459500,2.5498765645e-15
1459750,4.6458676802e-15
1460000,3.64891415881e-15
1460250,1.36736030394e-15
1460500,2.72614634624e-15
1460750,3.31996320138e-15
1461000,5.21119788223e-15
1461250,3.05106404135e-15
1461500,1.93406131687e-15
1461750,1.52377642445e-15
1462000,2.51519652779e-15
1462250,3.95929713949e-15
1462500,3.42419763372e-15
1462750,2.3854003564e-15
1463000,1.08076764852e-15
1463250,2.43967626957e-16
1463500,3.3192888182e-15
1463750,3.35084205057e-15
1464000,3.13776555941e-15
1464250,2.62670784166e-15
1464500,2.55083447557e-15
1464750,5.18973308363e-15
1465000,3.68764672661e-15
1465250,2.88549503833e-15
1465500,2.73900914412e-15
1465750,1.64970254921e-15
1466000,3.79209564278e-15
1466250,4.72895204152e-15
1466500,4.1368423269e-15
1466750,4.2954570099e-15
1467000,3.03416845188e-15
1467250,1.88358213891e-15
1467500,2.51000241983e-15
1467750,4.41611205223e-15
1468000,9.43242058618e-16
1468250,1.11693387547e-15
1468500,5.10660950911e-15
1468750,7.34938154855e-15
1469000,7.04916542493e-15
1469250,7.13660066388e-15
1469500,3.2231598859e-15
1469750,2.90580363765e-15
1470000,7.9185607957e-15
1470250,7.24695420342e-15
1470500,1.15530270657e-14
1470750,1.06216038713e-14
1471000,3.39338044198e-15
1471250,1.20783231524e-15
1471500,1.74956290725e-14
1471750,2.34677064627e-14
1472000,2.88345779152e-14
1472250,5.28434261828e-14
1472500,3.92766323125e-14
1472750,3.37637528021e-14
1473000,4.90693701601e-14
1473250,3.61743513872e-14
1473500,1.68710913977e-14
1473750,4.42343977108e-14
1474000,1.25844595068e-14
1474250,9.13036421975e-15
1474500,4.49430363997e-15
1474750,7.22340859864e-15
1475000,3.44365608476e-15
1475250,1.11832641611e-14
1475500,6.46750950786e-15
1475750,4.94821975637e-15
1476000,2.25222336979e-15
1476250,3.0658451354e-15
1476500,4.60618088673e-15
1476750,6.16374499844e-15
1477000,2.68740423553e-15
1477250,8.48969904023e-15
1477500,4.6704622643e-15
1477750,4.19598270378e-15
1478000,1.21943638841e-14
1478250,8.42796987063e-15
1478500,6.62506544881e-15
1478750,1.04969125807e-14
1479000,1.11351598663e-14
1479250,6.51218132262e-15
1479500,5.28401585131e-15
1479750,5.03759581932e-15
1480000,3.45402931975e-15
1480250,5.43252163269e-15
1480500,4.57860447996e-15
1480750,3.58822811315e-15
1481000,5.38490585162e-15
1481250,4.3244322795e-15
1481500,1.77665077072e-15
1481750,1.94241001074e-15
1482000,3.4603798675e-15
1482250,2.42214190115e-16
1482500,2.60993238354e-15
1482750,1.6452754784e-15
1483000,1.64476956207e-15
1483250,2.35941532279e-15
1483500,2.65198224659e-15
1483750,7.63927781859e-16
1484000,2.13120641225e-15
1484250,2.0048605978e-15
1484500,4.29627326582e-15
1484750,1.76019071191e-15
1485000,3.41276360198e-15
1485250,2.62496430002e-15
1485500,4.7166611141e-15
1485750,2.81692848972e-15
1486000,7.47358521568e-15
1486250,4.46404388573e-15
1486500,7.4991798929e-15
1486750,5.14868719694e-15
1487000,3.33512979169e-15
1487250,3.45377870148e-15
1487500,2.07312940468e-15
1487750,2.4728070953e-15
1488000,1.45678658233e-15
1488250,4.50582716667e-15
1488500,4.44276829959e-15
1488750,3.45297007771e-15
1489000,3.98496485092e-15
1489250,1.56259711497e-15
1489500,3.75741269673e-15
1489750,2.55091547929e-16
1490000,3.97909936064e-15
1490250,7.70155587314e-16
1490500,2.57042179339e-15
1490750,1.22981935576e-15
1491000,1.20707632224e-15
1491250,1.45140469463e-15
1491500,2.58808186576e-15
1491750,2.3481149491e-15
1492000,4.61018471934e-15
1492250,9.44633157659e-17
1492500,1.74764570289e-15
1492750,4.76239458918e-16
1493000,4.40328113747e-15
1493250,4.68638468254e-15
1493500,7.5165160304e-15
1493750,3.55713262925e-15
1494000,4.36361194629e-15
1494250,4.21242307227e-15
1494500,2.97942357558e-15
1494750,2.71665768244e-15
1495000,2.62267566451e-15
1495250,1.80534140426e-15
1495500,2.53188970304e-15
1495750,2.8872968389e-15
1496000,2.82246001805e-15
1496250,1.22475311432e-15
1496500,1.08918134326e-15
1496750,2.59802802989e-16
1497000,7.17591167719e-16
1497250,1.76679879462e-15
1497500,3.27266945466e-15
1497750,4.00708627534e-15
1498000,3.40569564098e-15
1498250,2.10332796738e-15
1498500,2.32609075956e-15
1498750,1.97053710283e-15
1499000,2.9206203276e-15
1499250,2.46315225637e-15
1499500,4.03350412677e-15
1499750,6.21468304531e-15
1500000,7.227589808e-15
