time_s,voltage_mv
0,43.431457505
1.953125e-08,42.6029357986
3.90625e-08,41.7869415075
5.859375e-08,40.9836808651
7.8125e-08,40.1933553562
9.765625e-08,39.4161616154
1.171875e-07,38.652291328
1.3671875e-07,37.9019311352
1.5625e-07,37.1652625416
1.7578125e-07,36.4424618264
1.953125e-07,35.7336999584
2.1484375e-07,35.0391425136
2.34375e-07,34.3589495972
2.5390625e-07,33.6932757686
2.734375e-07,33.0422699702
2.9296875e-07,32.4060754599
3.125e-07,31.7848297474
3.3203125e-07,31.1786645339
3.515625e-07,30.5877056564
3.7109375e-07,30.0120730347
3.90625e-07,29.4518806233
4.1015625e-07,28.9072363665
4.296875e-07,28.3782421579
4.4921875e-07,27.8649938035
4.6875e-07,27.3675809887
4.8828125e-07,26.8860872499
5.078125e-07,26.4205899491
5.2734375e-07,25.9711602532
5.46875e-07,25.537863117
5.6640625e-07,25.1207572703
5.859375e-07,24.7198952089
6.0546875e-07,24.3353231893
6.25e-07,23.9670812279
6.4453125e-07,23.6152031038
6.640625e-07,23.279716365
6.8359375e-07,22.96064234
7.03125e-07,22.6579961513
7.2265625e-07,22.371786734
7.421875e-07,22.1020168582
7.6171875e-07,21.8486831543
7.8125e-07,21.611776143
8.0078125e-07,21.391280268
8.203125e-07,21.1871739332
8.3984375e-07,20.999429543
8.59375e-07,20.8280135459
8.7890625e-07,20.6728864823
8.984375e-07,20.5340030349
9.1796875e-07,20.4113120829
9.375e-07,20.3047567593
9.5703125e-07,20.2142745115
9.765625e-07,20.1397971652
9.9609375e-07,20.0812509905
1.015625e-06,20.0385567725
1.03515625e-06,20.0116298832
1.0546875e-06,20.0003803576
1.07421875e-06,20.0047129714
1.09375e-06,20.0245273224
1.11328125e-06,20.0597179136
1.1328125e-06,20.1101742394
1.15234375e-06,20.1757808741
1.171875e-06,20.2564175624
1.19140625e-06,20.3519593126
1.2109375e-06,20.4622764916
1.23046875e-06,20.5872349221
1.25e-06,20.7266959818
1.26953125e-06,20.8805167041
1.2890625e-06,21.0485498815
1.30859375e-06,21.2306441692
1.328125e-06,21.4266441918
1.34765625e-06,21.6363906505
1.3671875e-06,21.859720432
1.38671875e-06,22.0964667186
1.40625e-06,22.3464590996
1.42578125e-06,22.6095236838
1.4453125e-06,22.8854832128
1.46484375e-06,23.1741571753
1.484375e-06,23.4753619223
1.50390625e-06,23.7889107831
1.5234375e-06,24.1146141812
1.54296875e-06,24.4522797515
1.5625e-06,24.8017124578
1.58203125e-06,25.1627147101
1.6015625e-06,25.5350864827
1.62109375e-06,25.9186254321
1.640625e-06,26.3131270149
1.66015625e-06,26.7183846061
1.6796875e-06,27.1341896167
1.69921875e-06,27.5603316112
1.71875e-06,27.9965984251
1.73828125e-06,28.4427762816
1.7578125e-06,28.8986499081
1.77734375e-06,29.3640026521
1.796875e-06,29.8386165961
1.81640625e-06,30.3222726721
1.8359375e-06,30.8147507754
1.85546875e-06,31.3158298772
1.875e-06,31.8252881362
1.89453125e-06,32.3429030098
1.9140625e-06,32.8684513632
1.93359375e-06,33.4017095782
1.953125e-06,33.9424536605
1.97265625e-06,34.4904593453
1.9921875e-06,35.045502202
2.01171875e-06,35.6073577376
2.03125e-06,36.1758014979
2.05078125e-06,36.750609168
2.0703125e-06,37.3315566707
2.08984375e-06,37.9184202634
2.109375e-06,38.5109766332
2.12890625e-06,39.1090029906
2.1484375e-06,39.7122771609
2.16796875e-06,40.3205776743
2.1875e-06,40.9336838537
2.20703125e-06,41.551375901
2.2265625e-06,42.1734349812
2.24609375e-06,42.7996433043
2.265625e-06,43.429784206
2.28515625e-06,44.0636422254
2.3046875e-06,44.7010031813
2.32421875e-06,45.3416542464
2.34375e-06,45.9853840188
2.36328125e-06,46.6319825922
2.3828125e-06,47.2812416233
2.40234375e-06,47.9329543975
2.421875e-06,48.5869158922
2.44140625e-06,49.2429228378
2.4609375e-06,49.900773777
2.48046875e-06,50.5602691213
2.5e-06,51.2212112057
2.51953125e-06,51.8834043412
2.5390625e-06,52.5466548648
2.55859375e-06,53.2107711878
2.578125e-06,53.875563841
2.59765625e-06,54.5408455192
2.6171875e-06,55.2064311219
2.63671875e-06,55.8721377926
2.65625e-06,56.5377849565
2.67578125e-06,57.2031943546
2.6953125e-06,57.8681900773
2.71484375e-06,58.5325985942
2.734375e-06,59.1962487835
2.75390625e-06,59.858971958
2.7734375e-06,60.5206018895
2.79296875e-06,61.1809748314
2.8125e-06,61.8399295389
2.83203125e-06,62.4973072871
2.8515625e-06,63.1529518878
2.87109375e-06,63.8067097036
2.890625e-06,64.4584296604
2.91015625e-06,65.1079632581
2.9296875e-06,65.7551645792
2.94921875e-06,66.3998902957
2.96875e-06,67.0419996745
2.98828125e-06,67.68135458
3.0078125e-06,68.3178194765
3.02734375e-06,68.9512614276
3.046875e-06,69.5815500944
3.06640625e-06,70.2085577323
3.0859375e-06,70.8321591858
3.10546875e-06,71.4522318823
3.125e-06,72.0686558233
3.14453125e-06,72.6813135755
3.1640625e-06,73.2900902597
3.18359375e-06,73.8948735378
3.203125e-06,74.4955536
3.22265625e-06,75.0920231485
3.2421875e-06,75.6841773824
3.26171875e-06,76.2719139791
3.28125e-06,76.8551330757
3.30078125e-06,77.4337372493
3.3203125e-06,78.0076314956
3.33984375e-06,78.5767232068
3.359375e-06,79.1409221483
3.37890625e-06,79.7001404345
3.3984375e-06,80.2542925037
3.41796875e-06,80.8032950917
3.4375e-06,81.3470672053
3.45703125e-06,81.8855300941
3.4765625e-06,82.4186072218
3.49609375e-06,82.9462242373
3.515625e-06,83.4683089442
3.53515625e-06,83.9847912704
3.5546875e-06,84.4956032363
3.57421875e-06,85.0006789232
3.59375e-06,85.4999544407
3.61328125e-06,85.9933678935
3.6328125e-06,86.4808593481
3.65234375e-06,86.9623707987
3.671875e-06,87.4378461329
3.69140625e-06,87.9072310972
3.7109375e-06,88.3704732616
3.73046875e-06,88.8275219845
3.75e-06,89.2783283772
3.76953125e-06,89.7228452678
3.7890625e-06,90.1610271657
3.80859375e-06,90.5928302251
3.828125e-06,91.018212209
3.84765625e-06,91.4371324528
3.8671875e-06,91.8495518281
3.88671875e-06,92.2554327061
3.90625e-06,92.6547389213
3.92578125e-06,93.0474357357
3.9453125e-06,93.4334898019
3.96484375e-06,93.8128691274
3.984375e-06,94.1855430387
4.00390625e-06,94.5514821453
4.0234375e-06,94.9106583042
4.04296875e-06,95.2630445849
4.0625e-06,95.6086152336
4.08203125e-06,95.947345639
4.1015625e-06,96.2792122977
4.12109375e-06,96.6041927798
4.140625e-06,96.9222656951
4.16015625e-06,97.23341066
4.1796875e-06,97.537608264
4.19921875e-06,97.8348400378
4.21875e-06,98.1250884202
4.23828125e-06,98.4083367272
4.2578125e-06,98.6845691207
4.27734375e-06,98.9537705775
4.296875e-06,99.2159268594
4.31640625e-06,99.4710244837
4.3359375e-06,99.719050694
4.35546875e-06,99.9599934319
4.375e-06,100.193841309
4.39453125e-06,100.420583581
4.4140625e-06,100.640210118
4.43359375e-06,100.852711383
4.453125e-06,101.058078402
4.47265625e-06,101.256302745
4.4921875e-06,101.447376495
4.51171875e-06,101.631292233
4.53125e-06,101.808043008
4.55078125e-06,101.977622323
4.5703125e-06,102.140024106
4.58984375e-06,102.295242697
4.609375e-06,102.443272823
4.62890625e-06,102.584109585
4.6484375e-06,102.717748435
4.66796875e-06,102.844185163
4.6875e-06,102.963415878
4.70703125e-06,103.075436996
4.7265625e-06,103.18024522
4.74609375e-06,103.277837534
4.765625e-06,103.368211184
4.78515625e-06,103.451363667
4.8046875e-06,103.527292723
4.82421875e-06,103.595996324
4.84375e-06,103.657472659
4.86328125e-06,103.711720136
4.8828125e-06,103.758737364
4.90234375e-06,103.798523152
4.921875e-06,103.831076504
4.94140625e-06,103.856396609
4.9609375e-06,103.874482842
4.98046875e-06,103.88533476
5e-06,103.888952095
5.01953125e-06,103.88533476
5.0390625e-06,103.874482842
5.05859375e-06,103.856396609
5.078125e-06,103.831076504
5.09765625e-06,103.798523152
5.1171875e-06,103.758737364
5.13671875e-06,103.711720136
5.15625e-06,103.657472659
5.17578125e-06,103.595996324
5.1953125e-06,103.527292723
5.21484375e-06,103.451363667
5.234375e-06,103.368211184
5.25390625e-06,103.277837534
5.2734375e-06,103.18024522
5.29296875e-06,103.075436996
5.3125e-06,102.963415878
5.33203125e-06,102.844185163
5.3515625e-06,102.717748435
5.37109375e-06,102.584109585
5.390625e-06,102.443272823
5.41015625e-06,102.295242697
5.4296875e-06,102.140024106
5.44921875e-06,101.977622323
5.46875e-06,101.808043008
5.48828125e-06,101.631292233
5.5078125e-06,101.447376495
5.52734375e-06,101.256302745
5.546875e-06,101.058078402
5.56640625e-06,100.852711383
5.5859375e-06,100.640210118
5.60546875e-06,100.420583581
5.625e-06,100.193841309
5.64453125e-06,99.9599934319
5.6640625e-06,99.719050694
5.68359375e-06,99.4710244837
5.703125e-06,99.2159268594
5.72265625e-06,98.9537705775
5.7421875e-06,98.6845691207
5.76171875e-06,98.4083367272
5.78125e-06,98.1250884202
5.80078125e-06,97.8348400378
5.8203125e-06,97.537608264
5.83984375e-06,97.23341066
5.859375e-06,96.9222656951
5.87890625e-06,96.6041927798
5.8984375e-06,96.2792122977
5.91796875e-06,95.947345639
5.9375e-06,95.6086152336
5.95703125e-06,95.2630445849
5.9765625e-06,94.9106583042
5.99609375e-06,94.5514821453
6.015625e-06,94.1855430387
6.03515625e-06,93.8128691274
6.0546875e-06,93.4334898019
6.07421875e-06,93.0474357357
6.09375e-06,92.6547389213
6.11328125e-06,92.2554327061
6.1328125e-06,91.8495518281
6.15234375e-06,91.4371324528
6.171875e-06,91.018212209
6.19140625e-06,90.5928302251
6.2109375e-06,90.1610271657
6.23046875e-06,89.7228452678
6.25e-06,89.2783283772
6.26953125e-06,88.8275219845
6.2890625e-06,88.3704732616
6.30859375e-06,87.9072310972
6.328125e-06,87.4378461329
6.34765625e-06,86.9623707987
6.3671875e-06,86.4808593481
6.38671875e-06,85.9933678935
6.40625e-06,85.4999544407
6.42578125e-06,85.0006789232
6.4453125e-06,84.4956032363
6.46484375e-06,83.9847912704
6.484375e-06,83.4683089442
6.50390625e-06,82.9462242373
6.5234375e-06,82.4186072218
6.54296875e-06,81.8855300941
6.5625e-06,81.3470672053
6.58203125e-06,80.8032950917
6.6015625e-06,80.2542925037
6.62109375e-06,79.7001404345
6.640625e-06,79.1409221483
6.66015625e-06,78.5767232068
6.6796875e-06,78.0076314956
6.69921875e-06,77.4337372493
6.71875e-06,76.8551330757
6.73828125e-06,76.2719139791
6.7578125e-06,75.6841773824
6.77734375e-06,75.0920231485
6.796875e-06,74.4955536
6.81640625e-06,73.8948735378
6.8359375e-06,73.2900902597
6.85546875e-06,72.6813135755
6.875e-06,72.0686558233
6.89453125e-06,71.4522318823
6.9140625e-06,70.8321591858
6.93359375e-06,70.2085577323
6.953125e-06,69.5815500944
6.97265625e-06,68.9512614276
6.9921875e-06,68.3178194765
7.01171875e-06,67.68135458
7.03125e-06,67.0419996745
7.05078125e-06,66.3998902957
7.0703125e-06,65.7551645792
7.08984375e-06,65.1079632581
7.109375e-06,64.4584296604
7.12890625e-06,63.8067097036
7.1484375e-06,63.1529518878
7.16796875e-06,62.4973072871
7.1875e-06,61.8399295389
7.20703125e-06,61.1809748314
7.2265625e-06,60.5206018895
7.24609375e-06,59.858971958
7.265625e-06,59.1962487835
7.28515625e-06,58.5325985942
7.3046875e-06,57.8681900773
7.32421875e-06,57.2031943546
7.34375e-06,56.5377849565
7.36328125e-06,55.8721377926
7.3828125e-06,55.2064311219
7.40234375e-06,54.5408455192
7.421875e-06,53.875563841
7.44140625e-06,53.2107711878
7.4609375e-06,52.5466548648
7.48046875e-06,51.8834043412
7.5e-06,51.2212112057
7.51953125e-06,50.5602691213
7.5390625e-06,49.900773777
7.55859375e-06,49.2429228378
7.578125e-06,48.5869158922
7.59765625e-06,47.9329543975
7.6171875e-06,47.2812416233
7.63671875e-06,46.6319825922
7.65625e-06,45.9853840188
7.67578125e-06,45.3416542464
7.6953125e-06,44.7010031813
7.71484375e-06,44.0636422254
7.734375e-06,43.429784206
7.75390625e-06,42.7996433043
7.7734375e-06,42.1734349812
7.79296875e-06,41.551375901
7.8125e-06,40.9336838537
7.83203125e-06,40.3205776743
7.8515625e-06,39.7122771609
7.87109375e-06,39.1090029906
7.890625e-06,38.5109766332
7.91015625e-06,37.9184202634
7.9296875e-06,37.3315566707
7.94921875e-06,36.750609168
7.96875e-06,36.1758014979
7.98828125e-06,35.6073577376
8.0078125e-06,35.045502202
8.02734375e-06,34.4904593453
8.046875e-06,33.9424536605
8.06640625e-06,33.4017095782
8.0859375e-06,32.8684513632
8.10546875e-06,32.3429030098
8.125e-06,31.8252881362
8.14453125e-06,31.3158298772
8.1640625e-06,30.8147507754
8.18359375e-06,30.3222726721
8.203125e-06,29.8386165961
8.22265625e-06,29.3640026521
8.2421875e-06,28.8986499081
8.26171875e-06,28.4427762816
8.28125e-06,27.9965984251
8.30078125e-06,27.5603316112
8.3203125e-06,27.1341896167
8.33984375e-06,26.7183846061
8.359375e-06,26.3131270149
8.37890625e-06,25.9186254321
8.3984375e-06,25.5350864827
8.41796875e-06,25.1627147101
8.4375e-06,24.8017124578
8.45703125e-06,24.4522797515
8.4765625e-06,24.1146141812
8.49609375e-06,23.7889107831
8.515625e-06,23.4753619223
8.53515625e-06,23.1741571753
8.5546875e-06,22.8854832128
8.57421875e-06,22.6095236838
8.59375e-06,22.3464590996
8.61328125e-06,22.0964667186
8.6328125e-06,21.859720432
8.65234375e-06,21.6363906505
8.671875e-06,21.4266441918
8.69140625e-06,21.2306441692
8.7109375e-06,21.0485498815
8.73046875e-06,20.8805167041
8.75e-06,20.7266959818
8.76953125e-06,20.5872349221
8.7890625e-06,20.4622764916
8.80859375e-06,20.3519593126
8.828125e-06,20.2564175624
8.84765625e-06,20.1757808741
8.8671875e-06,20.1101742394
8.88671875e-06,20.0597179136
8.90625e-06,20.0245273224
8.92578125e-06,20.0047129714
8.9453125e-06,20.0003803576
8.96484375e-06,20.0116298832
8.984375e-06,20.0385567725
9.00390625e-06,20.0812509905
9.0234375e-06,20.1397971652
9.04296875e-06,20.2142745115
9.0625e-06,20.3047567593
9.08203125e-06,20.4113120829
9.1015625e-06,20.5340030349
9.12109375e-06,20.6728864823
9.140625e-06,20.8280135459
9.16015625e-06,20.999429543
9.1796875e-06,21.1871739332
9.19921875e-06,21.391280268
9.21875e-06,21.611776143
9.23828125e-06,21.8486831543
9.2578125e-06,22.1020168582
9.27734375e-06,22.371786734
9.296875e-06,22.6579961513
9.31640625e-06,22.96064234
9.3359375e-06,23.279716365
9.35546875e-06,23.6152031038
9.375e-06,23.9670812279
9.39453125e-06,24.3353231893
9.4140625e-06,24.7198952089
9.43359375e-06,25.1207572703
9.453125e-06,25.537863117
9.47265625e-06,25.9711602532
9.4921875e-06,26.4205899491
9.51171875e-06,26.8860872499
9.53125e-06,27.3675809887
9.55078125e-06,27.8649938035
9.5703125e-06,28.3782421579
9.58984375e-06,28.9072363665
9.609375e-06,29.4518806233
9.62890625e-06,30.0120730347
9.6484375e-06,30.5877056564
9.66796875e-06,31.1786645339
9.6875e-06,31.7848297474
9.70703125e-06,32.4060754599
9.7265625e-06,33.0422699702
9.74609375e-06,33.6932757686
9.765625e-06,34.3589495972
9.78515625e-06,35.0391425136
9.8046875e-06,35.7336999584
9.82421875e-06,36.4424618264
9.84375e-06,37.1652625416
9.86328125e-06,37.9019311352
9.8828125e-06,38.652291328
9.90234375e-06,39.4161616154
9.921875e-06,40.1933553562
9.94140625e-06,40.9836808651
9.9609375e-06,41.7869415075
9.98046875e-06,42.6029357986
1e-05,43.431457505
1.001953125e-05,44.272295749
1.00390625e-05,45.125235117
1.005859375e-05,45.9900557695
1.0078125e-05,46.8665335549
1.009765625e-05,47.7544401254
1.01171875e-05,48.6535430558
1.013671875e-05,49.5636059647
1.015625e-05,50.484388638
1.017578125e-05,51.4156471554
1.01953125e-05,52.357134018
1.021484375e-05,53.3085982792
1.0234375e-05,54.2697856769
1.025390625e-05,55.2404387675
1.02734375e-05,56.2202970627
1.029296875e-05,57.2090971667
1.03125e-05,58.206572916
1.033203125e-05,59.2124555202
1.03515625e-05,60.2264737045
1.037109375e-05,61.2483538527
1.0390625e-05,62.2778201527
1.041015625e-05,63.3145947416
1.04296875e-05,64.3583978526
1.044921875e-05,65.4089479627
1.046875e-05,66.4659619403
1.048828125e-05,67.5291551943
1.05078125e-05,68.5982418234
1.052734375e-05,69.6729347651
1.0546875e-05,70.752945946
1.056640625e-05,71.8379864312
1.05859375e-05,72.9277665742
1.060546875e-05,74.0219961669
1.0625e-05,75.1203845886
1.064453125e-05,76.2226409554
1.06640625e-05,77.3284742686
1.068359375e-05,78.4375935629
1.0703125e-05,79.5497080539
1.072265625e-05,80.6645272841
1.07421875e-05,81.781761269
1.076171875e-05,82.9011206417
1.078125e-05,84.022316796
1.080078125e-05,85.1450620291
1.08203125e-05,86.2690696823
1.083984375e-05,87.3940542804
1.0859375e-05,88.5197316699
1.087890625e-05,89.6458191551
1.08984375e-05,90.772035633
1.091796875e-05,91.8981017258
1.09375e-05,93.0237399119
1.095703125e-05,94.1486746548
1.09765625e-05,95.2726325301
1.099609375e-05,96.3953423499
1.1015625e-05,97.5165352853
1.103515625e-05,98.6359449867
1.10546875e-05,99.7533077011
1.107421875e-05,100.868362388
1.109375e-05,101.980850831
1.111328125e-05,103.09051775
1.11328125e-05,104.197110907
1.115234375e-05,105.300381209
1.1171875e-05,106.400082815
1.119140625e-05,107.495973231
1.12109375e-05,108.587813408
1.123046875e-05,109.675367833
1.125e-05,110.758404624
1.126953125e-05,111.836695612
1.12890625e-05,112.910016429
1.130859375e-05,113.978146587
1.1328125e-05,115.040869558
1.134765625e-05,116.097972846
1.13671875e-05,117.149248061
1.138671875e-05,118.194490987
1.140625e-05,119.233501648
1.142578125e-05,120.266084367
1.14453125e-05,121.292047827
1.146484375e-05,122.311205128
1.1484375e-05,123.323373836
1.150390625e-05,124.328376033
1.15234375e-05,125.326038363
1.154296875e-05,126.316192074
1.15625e-05,127.298673058
1.158203125e-05,128.273321886
1.16015625e-05,129.239983838
1.162109375e-05,130.198508939
1.1640625e-05,131.148751977
1.166015625e-05,132.09057253
1.16796875e-05,133.023834986
1.169921875e-05,133.94840856
1.171875e-05,134.864167302
1.173828125e-05,135.770990114
1.17578125e-05,136.668760753
1.177734375e-05,137.557367835
1.1796875e-05,138.436704839
1.181640625e-05,139.306670101
1.18359375e-05,140.167166813
1.185546875e-05,141.01810301
1.1875e-05,141.859391566
1.189453125e-05,142.690950175
1.19140625e-05,143.512701337
1.193359375e-05,144.324572338
1.1953125e-05,145.126495229
1.197265625e-05,145.918406802
1.19921875e-05,146.700248563
1.201171875e-05,147.471966701
1.203125e-05,148.233512059
1.205078125e-05,148.984840098
1.20703125e-05,149.725910858
1.208984375e-05,150.456688927
1.2109375e-05,151.177143389
1.212890625e-05,151.88724779
1.21484375e-05,152.586980089
1.216796875e-05,153.27632261
1.21875e-05,153.955261995
1.220703125e-05,154.623789149
1.22265625e-05,155.281899191
1.224609375e-05,155.929591398
1.2265625e-05,156.566869147
1.228515625e-05,157.193739858
1.23046875e-05,157.810214935
1.232421875e-05,158.416309705
1.234375e-05,159.012043351
1.236328125e-05,159.597438854
1.23828125e-05,160.172522926
1.240234375e-05,160.737325939
1.2421875e-05,161.291881865
1.244140625e-05,161.8362282
1.24609375e-05,162.370405898
1.248046875e-05,162.8944593
1.25e-05,163.408436062
1.251953125e-05,163.91238708
1.25390625e-05,164.406366421
1.255859375e-05,164.890431245
1.2578125e-05,165.364641734
1.259765625e-05,165.829061013
1.26171875e-05,166.283755078
1.263671875e-05,166.728792714
1.265625e-05,167.164245425
1.267578125e-05,167.590187354
1.26953125e-05,168.006695205
1.271484375e-05,168.413848164
1.2734375e-05,168.811727828
1.275390625e-05,169.200418118
1.27734375e-05,169.580005209
1.279296875e-05,169.950577446
1.28125e-05,170.31222527
1.283203125e-05,170.66504114
1.28515625e-05,171.009119453
1.287109375e-05,171.344556467
1.2890625e-05,171.671450228
1.291015625e-05,171.989900486
1.29296875e-05,172.300008624
1.294921875e-05,172.601877578
1.296875e-05,172.895611765
1.298828125e-05,173.181317003
1.30078125e-05,173.459100439
1.302734375e-05,173.729070475
1.3046875e-05,173.991336691
1.306640625e-05,174.246009776
1.30859375e-05,174.49320145
1.310546875e-05,174.733024397
1.3125e-05,174.965592191
1.314453125e-05,175.191019225
1.31640625e-05,175.409420643
1.318359375e-05,175.620912269
1.3203125e-05,175.825610541
1.322265625e-05,176.023632439
1.32421875e-05,176.215095424
1.326171875e-05,176.400117368
1.328125e-05,176.57881649
1.330078125e-05,176.751311295
1.33203125e-05,176.917720504
1.333984375e-05,177.078163
1.3359375e-05,177.23275776
1.337890625e-05,177.381623798
1.33984375e-05,177.524880106
1.341796875e-05,177.662645594
1.34375e-05,177.795039033
1.345703125e-05,177.922179
1.34765625e-05,178.044183819
1.349609375e-05,178.161171513
1.3515625e-05,178.273259743
1.353515625e-05,178.380565763
1.35546875e-05,178.483206363
1.357421875e-05,178.581297821
1.359375e-05,178.674955855
1.361328125e-05,178.764295573
1.36328125e-05,178.849431425
1.365234375e-05,178.930477161
1.3671875e-05,179.00754578
1.369140625e-05,179.080749492
1.37109375e-05,179.15019967
1.373046875e-05,179.216006811
1.375e-05,179.278280491
1.376953125e-05,179.337129332
1.37890625e-05,179.392660955
1.380859375e-05,179.444981949
1.3828125e-05,179.494197827
1.384765625e-05,179.540412995
1.38671875e-05,179.583730716
1.388671875e-05,179.624253073
1.390625e-05,179.66208094
1.392578125e-05,179.697313946
1.39453125e-05,179.730050444
1.396484375e-05,179.760387484
1.3984375e-05,179.788420778
1.400390625e-05,179.814244676
1.40234375e-05,179.837952135
1.404296875e-05,179.859634694
1.40625e-05,179.879382445
1.408203125e-05,179.897284013
1.41015625e-05,179.913426525
1.412109375e-05,179.927895589
1.4140625e-05,179.940775275
1.416015625e-05,179.952148085
1.41796875e-05,179.962094939
1.419921875e-05,179.970695147
1.421875e-05,179.978026398
1.423828125e-05,179.984164733
1.42578125e-05,179.989184529
1.427734375e-05,179.993158483
1.4296875e-05,179.996157591
1.431640625e-05,179.998251137
1.43359375e-05,179.99950667
1.435546875e-05,179.999989997
1.4375e-05,179.999765159
1.439453125e-05,179.998894427
1.44140625e-05,179.997438278
1.443359375e-05,179.995455392
1.4453125e-05,179.993002632
1.447265625e-05,179.990135038
1.44921875e-05,179.986905812
1.451171875e-05,179.983366306
1.453125e-05,179.979566018
1.455078125e-05,179.975552577
1.45703125e-05,179.971371733
1.458984375e-05,179.967067353
1.4609375e-05,179.962681408
1.462890625e-05,179.958253968
1.46484375e-05,179.953823195
1.466796875e-05,179.949425331
1.46875e-05,179.945094698
1.470703125e-05,179.940863689
1.47265625e-05,179.936762759
1.474609375e-05,179.932820425
1.4765625e-05,179.929063259
1.478515625e-05,179.925515881
1.48046875e-05,179.922200959
1.482421875e-05,179.9191392
1.484375e-05,179.916349352
1.486328125e-05,179.913848197
1.48828125e-05,179.911650549
1.490234375e-05,179.909769252
1.4921875e-05,179.908215177
1.494140625e-05,179.906997223
1.49609375e-05,179.906122311
1.498046875e-05,179.905595385
1.5e-05,179.905419413
1.501953125e-05,179.905595385
1.50390625e-05,179.906122311
1.505859375e-05,179.906997223
1.5078125e-05,179.908215177
1.509765625e-05,179.909769252
1.51171875e-05,179.911650549
1.513671875e-05,179.913848197
1.515625e-05,179.916349352
1.517578125e-05,179.9191392
1.51953125e-05,179.922200959
1.521484375e-05,179.925515881
1.5234375e-05,179.929063259
1.525390625e-05,179.932820425
1.52734375e-05,179.936762759
1.529296875e-05,179.940863689
1.53125e-05,179.945094698
1.533203125e-05,179.949425331
1.53515625e-05,179.953823195
1.537109375e-05,179.958253968
1.5390625e-05,179.962681408
1.541015625e-05,179.967067353
1.54296875e-05,179.971371733
1.544921875e-05,179.975552577
1.546875e-05,179.979566018
1.548828125e-05,179.983366306
1.55078125e-05,179.986905812
1.552734375e-05,179.990135038
1.5546875e-05,179.993002632
1.556640625e-05,179.995455392
1.55859375e-05,179.997438278
1.560546875e-05,179.998894427
1.5625e-05,179.999765159
1.564453125e-05,179.999989997
1.56640625e-05,179.99950667
1.568359375e-05,179.998251137
1.5703125e-05,179.996157591
1.572265625e-05,179.993158483
1.57421875e-05,179.989184529
1.576171875e-05,179.984164733
1.578125e-05,179.978026398
1.580078125e-05,179.970695147
1.58203125e-05,179.962094939
1.583984375e-05,179.952148085
1.5859375e-05,179.940775275
1.587890625e-05,179.927895589
1.58984375e-05,179.913426525
1.591796875e-05,179.897284013
1.59375e-05,179.879382445
1.595703125e-05,179.859634694
1.59765625e-05,179.837952135
1.599609375e-05,179.814244676
1.6015625e-05,179.788420778
1.603515625e-05,179.760387484
1.60546875e-05,179.730050444
1.607421875e-05,179.697313946
1.609375e-05,179.66208094
1.611328125e-05,179.624253073
1.61328125e-05,179.583730716
1.615234375e-05,179.540412995
1.6171875e-05,179.494197827
1.619140625e-05,179.444981949
1.62109375e-05,179.392660955
1.623046875e-05,179.337129332
1.625e-05,179.278280491
1.626953125e-05,179.216006811
1.62890625e-05,179.15019967
1.630859375e-05,179.080749492
1.6328125e-05,179.00754578
1.634765625e-05,178.930477161
1.63671875e-05,178.849431425
1.638671875e-05,178.764295573
1.640625e-05,178.674955855
1.642578125e-05,178.581297821
1.64453125e-05,178.483206363
1.646484375e-05,178.380565763
1.6484375e-05,178.273259743
1.650390625e-05,178.161171513
1.65234375e-05,178.044183819
1.654296875e-05,177.922179
1.65625e-05,177.795039033
1.658203125e-05,177.662645594
1.66015625e-05,177.524880106
1.662109375e-05,177.381623798
1.6640625e-05,177.23275776
1.666015625e-05,177.078163
1.66796875e-05,176.917720504
1.669921875e-05,176.751311295
1.671875e-05,176.57881649
1.673828125e-05,176.400117368
1.67578125e-05,176.215095424
1.677734375e-05,176.023632439
1.6796875e-05,175.825610541
1.681640625e-05,175.620912269
1.68359375e-05,175.409420643
1.685546875e-05,175.191019225
1.6875e-05,174.965592191
1.689453125e-05,174.733024397
1.69140625e-05,174.49320145
1.693359375e-05,174.246009776
1.6953125e-05,173.991336691
1.697265625e-05,173.729070475
1.69921875e-05,173.459100439
1.701171875e-05,173.181317003
1.703125e-05,172.895611765
1.705078125e-05,172.601877578
1.70703125e-05,172.300008624
1.708984375e-05,171.989900486
1.7109375e-05,171.671450228
1.712890625e-05,171.344556467
1.71484375e-05,171.009119453
1.716796875e-05,170.66504114
1.71875e-05,170.31222527
1.720703125e-05,169.950577446
1.72265625e-05,169.580005209
1.724609375e-05,169.200418118
1.7265625e-05,168.811727828
1.728515625e-05,168.413848164
1.73046875e-05,168.006695205
1.732421875e-05,167.590187354
1.734375e-05,167.164245425
1.736328125e-05,166.728792714
1.73828125e-05,166.283755078
1.740234375e-05,165.829061013
1.7421875e-05,165.364641734
1.744140625e-05,164.890431245
1.74609375e-05,164.406366421
1.748046875e-05,163.91238708
1.75e-05,163.408436062
1.751953125e-05,162.8944593
1.75390625e-05,162.370405898
1.755859375e-05,161.8362282
1.7578125e-05,161.291881865
1.759765625e-05,160.737325939
1.76171875e-05,160.172522926
1.763671875e-05,159.597438854
1.765625e-05,159.012043351
1.767578125e-05,158.416309705
1.76953125e-05,157.810214935
1.771484375e-05,157.193739858
1.7734375e-05,156.566869147
1.775390625e-05,155.929591398
1.77734375e-05,155.281899191
1.779296875e-05,154.623789149
1.78125e-05,153.955261995
1.783203125e-05,153.27632261
1.78515625e-05,152.586980089
1.787109375e-05,151.88724779
1.7890625e-05,151.177143389
1.791015625e-05,150.456688927
1.79296875e-05,149.725910858
1.794921875e-05,148.984840098
1.796875e-05,148.233512059
1.798828125e-05,147.471966701
1.80078125e-05,146.700248563
1.802734375e-05,145.918406802
1.8046875e-05,145.126495229
1.806640625e-05,144.324572338
1.80859375e-05,143.512701337
1.810546875e-05,142.690950175
1.8125e-05,141.859391566
1.814453125e-05,141.01810301
1.81640625e-05,140.167166813
1.818359375e-05,139.306670101
1.8203125e-05,138.436704839
1.822265625e-05,137.557367835
1.82421875e-05,136.668760753
1.826171875e-05,135.770990114
1.828125e-05,134.864167302
1.830078125e-05,133.94840856
1.83203125e-05,133.023834986
1.833984375e-05,132.09057253
1.8359375e-05,131.148751977
1.837890625e-05,130.198508939
1.83984375e-05,129.239983838
1.841796875e-05,128.273321886
1.84375e-05,127.298673058
1.845703125e-05,126.316192074
1.84765625e-05,125.326038363
1.849609375e-05,124.328376033
1.8515625e-05,123.323373836
1.853515625e-05,122.311205128
1.85546875e-05,121.292047827
1.857421875e-05,120.266084367
1.859375e-05,119.233501648
1.861328125e-05,118.194490987
1.86328125e-05,117.149248061
1.865234375e-05,116.097972846
1.8671875e-05,115.040869558
1.869140625e-05,113.978146587
1.87109375e-05,112.910016429
1.873046875e-05,111.836695612
1.875e-05,110.758404624
1.876953125e-05,109.675367833
1.87890625e-05,108.587813408
1.880859375e-05,107.495973231
1.8828125e-05,106.400082815
1.884765625e-05,105.300381209
1.88671875e-05,104.197110907
1.888671875e-05,103.09051775
1.890625e-05,101.980850831
1.892578125e-05,100.868362388
1.89453125e-05,99.7533077011
1.896484375e-05,98.6359449867
1.8984375e-05,97.5165352853
1.900390625e-05,96.3953423499
1.90234375e-05,95.2726325301
1.904296875e-05,94.1486746548
1.90625e-05,93.0237399119
1.908203125e-05,91.8981017258
1.91015625e-05,90.772035633
1.912109375e-05,89.6458191551
1.9140625e-05,88.5197316699
1.916015625e-05,87.3940542804
1.91796875e-05,86.2690696823
1.919921875e-05,85.1450620291
1.921875e-05,84.022316796
1.923828125e-05,82.9011206417
1.92578125e-05,81.781761269
1.927734375e-05,80.6645272841
1.9296875e-05,79.5497080539
1.931640625e-05,78.4375935629
1.93359375e-05,77.3284742686
1.935546875e-05,76.2226409554
1.9375e-05,75.1203845886
1.939453125e-05,74.0219961669
1.94140625e-05,72.9277665742
1.943359375e-05,71.8379864312
1.9453125e-05,70.752945946
1.947265625e-05,69.6729347651
1.94921875e-05,68.5982418234
1.951171875e-05,67.5291551943
1.953125e-05,66.4659619403
1.955078125e-05,65.4089479627
1.95703125e-05,64.3583978526
1.958984375e-05,63.3145947416
1.9609375e-05,62.2778201527
1.962890625e-05,61.2483538527
1.96484375e-05,60.2264737045
1.966796875e-05,59.2124555202
1.96875e-05,58.206572916
1.970703125e-05,57.2090971667
1.97265625e-05,56.2202970627
1.974609375e-05,55.2404387675
1.9765625e-05,54.2697856769
1.978515625e-05,53.3085982792
1.98046875e-05,52.357134018
1.982421875e-05,51.4156471554
1.984375e-05,50.484388638
1.986328125e-05,49.5636059647
1.98828125e-05,48.6535430558
1.990234375e-05,47.7544401254
1.9921875e-05,46.8665335549
1.994140625e-05,45.9900557695
1.99609375e-05,45.125235117
1.998046875e-05,44.272295749
2e-05,43.431457505
2.001953125e-05,42.6029357986
2.00390625e-05,41.7869415075
2.005859375e-05,40.9836808651
2.0078125e-05,40.1933553562
2.009765625e-05,39.4161616154
2.01171875e-05,38.652291328
2.013671875e-05,37.9019311352
2.015625e-05,37.1652625416
2.017578125e-05,36.4424618264
2.01953125e-05,35.7336999584
2.021484375e-05,35.0391425136
2.0234375e-05,34.3589495972
2.025390625e-05,33.6932757686
2.02734375e-05,33.0422699702
2.029296875e-05,32.4060754599
2.03125e-05,31.7848297474
2.033203125e-05,31.1786645339
2.03515625e-05,30.5877056564
2.037109375e-05,30.0120730347
2.0390625e-05,29.4518806233
2.041015625e-05,28.9072363665
2.04296875e-05,28.3782421579
2.044921875e-05,27.8649938035
2.046875e-05,27.3675809887
2.048828125e-05,26.8860872499
2.05078125e-05,26.4205899491
2.052734375e-05,25.9711602532
2.0546875e-05,25.537863117
2.056640625e-05,25.1207572703
2.05859375e-05,24.7198952089
2.060546875e-05,24.3353231893
2.0625e-05,23.9670812279
2.064453125e-05,23.6152031038
2.06640625e-05,23.279716365
2.068359375e-05,22.96064234
2.0703125e-05,22.6579961513
2.072265625e-05,22.371786734
2.07421875e-05,22.1020168582
2.076171875e-05,21.8486831543
2.078125e-05,21.611776143
2.080078125e-05,21.391280268
2.08203125e-05,21.1871739332
2.083984375e-05,20.999429543
2.0859375e-05,20.8280135459
2.087890625e-05,20.6728864823
2.08984375e-05,20.5340030349
2.091796875e-05,20.4113120829
2.09375e-05,20.3047567593
2.095703125e-05,20.2142745115
2.09765625e-05,20.1397971652
2.099609375e-05,20.0812509905
2.1015625e-05,20.0385567725
2.103515625e-05,20.0116298832
2.10546875e-05,20.0003803576
2.107421875e-05,20.0047129714
2.109375e-05,20.0245273224
2.111328125e-05,20.0597179136
2.11328125e-05,20.1101742394
2.115234375e-05,20.1757808741
2.1171875e-05,20.2564175624
2.119140625e-05,20.3519593126
2.12109375e-05,20.4622764916
2.123046875e-05,20.5872349221
2.125e-05,20.7266959818
2.126953125e-05,20.8805167041
2.12890625e-05,21.0485498815
2.130859375e-05,21.2306441692
2.1328125e-05,21.4266441918
2.134765625e-05,21.6363906505
2.13671875e-05,21.859720432
2.138671875e-05,22.0964667186
2.140625e-05,22.3464590996
2.142578125e-05,22.6095236838
2.14453125e-05,22.8854832128
2.146484375e-05,23.1741571753
2.1484375e-05,23.4753619223
2.150390625e-05,23.7889107831
2.15234375e-05,24.1146141812
2.154296875e-05,24.4522797515
2.15625e-05,24.8017124578
2.158203125e-05,25.1627147101
2.16015625e-05,25.5350864827
2.162109375e-05,25.9186254321
2.1640625e-05,26.3131270149
2.166015625e-05,26.7183846061
2.16796875e-05,27.1341896167
2.169921875e-05,27.5603316112
2.171875e-05,27.9965984251
2.173828125e-05,28.4427762816
2.17578125e-05,28.8986499081
2.177734375e-05,29.3640026521
2.1796875e-05,29.8386165961
2.181640625e-05,30.3222726721
2.18359375e-05,30.8147507754
2.185546875e-05,31.3158298772
2.1875e-05,31.8252881362
2.189453125e-05,32.3429030098
2.19140625e-05,32.8684513632
2.193359375e-05,33.4017095782
2.1953125e-05,33.9424536605
2.197265625e-05,34.4904593453
2.19921875e-05,35.045502202
2.201171875e-05,35.6073577376
2.203125e-05,36.1758014979
2.205078125e-05,36.750609168
2.20703125e-05,37.3315566707
2.208984375e-05,37.9184202634
2.2109375e-05,38.5109766332
2.212890625e-05,39.1090029906
2.21484375e-05,39.7122771609
2.216796875e-05,40.3205776743
2.21875e-05,40.9336838537
2.220703125e-05,41.551375901
2.22265625e-05,42.1734349812
2.224609375e-05,42.7996433043
2.2265625e-05,43.429784206
2.228515625e-05,44.0636422254
2.23046875e-05,44.7010031813
2.232421875e-05,45.3416542464
2.234375e-05,45.9853840188
2.236328125e-05,46.6319825922
2.23828125e-05,47.2812416233
2.240234375e-05,47.9329543975
2.2421875e-05,48.5869158922
2.244140625e-05,49.2429228378
2.24609375e-05,49.900773777
2.248046875e-05,50.5602691213
2.25e-05,51.2212112057
2.251953125e-05,51.8834043412
2.25390625e-05,52.5466548648
2.255859375e-05,53.2107711878
2.2578125e-05,53.875563841
2.259765625e-05,54.5408455192
2.26171875e-05,55.2064311219
2.263671875e-05,55.8721377926
2.265625e-05,56.5377849565
2.267578125e-05,57.2031943546
2.26953125e-05,57.8681900773
2.271484375e-05,58.5325985942
2.2734375e-05,59.1962487835
2.275390625e-05,59.858971958
2.27734375e-05,60.5206018895
2.279296875e-05,61.1809748314
2.28125e-05,61.8399295389
2.283203125e-05,62.4973072871
2.28515625e-05,63.1529518878
2.287109375e-05,63.8067097036
2.2890625e-05,64.4584296604
2.291015625e-05,65.1079632581
2.29296875e-05,65.7551645792
2.294921875e-05,66.3998902957
2.296875e-05,67.0419996745
2.298828125e-05,67.68135458
2.30078125e-05,68.3178194765
2.302734375e-05,68.9512614276
2.3046875e-05,69.5815500944
2.306640625e-05,70.2085577323
2.30859375e-05,70.8321591858
2.310546875e-05,71.4522318823
2.3125e-05,72.0686558233
2.314453125e-05,72.6813135755
2.31640625e-05,73.2900902597
2.318359375e-05,73.8948735378
2.3203125e-05,74.4955536
2.322265625e-05,75.0920231485
2.32421875e-05,75.6841773824
2.326171875e-05,76.2719139791
2.328125e-05,76.8551330757
2.330078125e-05,77.4337372493
2.33203125e-05,78.0076314956
2.333984375e-05,78.5767232068
2.3359375e-05,79.1409221483
2.337890625e-05,79.7001404345
2.33984375e-05,80.2542925037
2.341796875e-05,80.8032950917
2.34375e-05,81.3470672053
2.345703125e-05,81.8855300941
2.34765625e-05,82.4186072218
2.349609375e-05,82.9462242373
2.3515625e-05,83.4683089442
2.353515625e-05,83.9847912704
2.35546875e-05,84.4956032363
2.357421875e-05,85.0006789232
2.359375e-05,85.4999544407
2.361328125e-05,85.9933678935
2.36328125e-05,86.4808593481
2.365234375e-05,86.9623707987
2.3671875e-05,87.4378461329
2.369140625e-05,87.9072310972
2.37109375e-05,88.3704732616
2.373046875e-05,88.8275219845
2.375e-05,89.2783283772
2.376953125e-05,89.7228452678
2.37890625e-05,90.1610271657
2.380859375e-05,90.5928302251
2.3828125e-05,91.018212209
2.384765625e-05,91.4371324528
2.38671875e-05,91.8495518281
2.388671875e-05,92.2554327061
2.390625e-05,92.6547389213
2.392578125e-05,93.0474357357
2.39453125e-05,93.4334898019
2.396484375e-05,93.8128691274
2.3984375e-05,94.1855430387
2.400390625e-05,94.5514821453
2.40234375e-05,94.9106583042
2.404296875e-05,95.2630445849
2.40625e-05,95.6086152336
2.408203125e-05,95.947345639
2.41015625e-05,96.2792122977
2.412109375e-05,96.6041927798
2.4140625e-05,96.9222656951
2.416015625e-05,97.23341066
2.41796875e-05,97.537608264
2.419921875e-05,97.8348400378
2.421875e-05,98.1250884202
2.423828125e-05,98.4083367272
2.42578125e-05,98.6845691207
2.427734375e-05,98.9537705775
2.4296875e-05,99.2159268594
2.431640625e-05,99.4710244837
2.43359375e-05,99.719050694
2.435546875e-05,99.9599934319
2.4375e-05,100.193841309
2.439453125e-05,100.420583581
2.44140625e-05,100.640210118
2.443359375e-05,100.852711383
2.4453125e-05,101.058078402
2.447265625e-05,101.256302745
2.44921875e-05,101.447376495
2.451171875e-05,101.631292233
2.453125e-05,101.808043008
2.455078125e-05,101.977622323
2.45703125e-05,102.140024106
2.458984375e-05,102.295242697
2.4609375e-05,102.443272823
2.462890625e-05,102.584109585
2.46484375e-05,102.717748435
2.466796875e-05,102.844185163
2.46875e-05,102.963415878
2.470703125e-05,103.075436996
2.47265625e-05,103.18024522
2.474609375e-05,103.277837534
2.4765625e-05,103.368211184
2.478515625e-05,103.451363667
2.48046875e-05,103.527292723
2.482421875e-05,103.595996324
2.484375e-05,103.657472659
2.486328125e-05,103.711720136
2.48828125e-05,103.758737364
2.490234375e-05,103.798523152
2.4921875e-05,103.831076504
2.494140625e-05,103.856396609
2.49609375e-05,103.874482842
2.498046875e-05,103.88533476
2.5e-05,103.888952095
2.501953125e-05,103.88533476
2.50390625e-05,103.874482842
2.505859375e-05,103.856396609
2.5078125e-05,103.831076504
2.509765625e-05,103.798523152
2.51171875e-05,103.758737364
2.513671875e-05,103.711720136
2.515625e-05,103.657472659
2.517578125e-05,103.595996324
2.51953125e-05,103.527292723
2.521484375e-05,103.451363667
2.5234375e-05,103.368211184
2.525390625e-05,103.277837534
2.52734375e-05,103.18024522
2.529296875e-05,103.075436996
2.53125e-05,102.963415878
2.533203125e-05,102.844185163
2.53515625e-05,102.717748435
2.537109375e-05,102.584109585
2.5390625e-05,102.443272823
2.541015625e-05,102.295242697
2.54296875e-05,102.140024106
2.544921875e-05,101.977622323
2.546875e-05,101.808043008
2.548828125e-05,101.631292233
2.55078125e-05,101.447376495
2.552734375e-05,101.256302745
2.5546875e-05,101.058078402
2.556640625e-05,100.852711383
2.55859375e-05,100.640210118
2.560546875e-05,100.420583581
2.5625e-05,100.193841309
2.564453125e-05,99.9599934319
2.56640625e-05,99.719050694
2.568359375e-05,99.4710244837
2.5703125e-05,99.2159268594
2.572265625e-05,98.9537705775
2.57421875e-05,98.6845691207
2.576171875e-05,98.4083367272
2.578125e-05,98.1250884202
2.580078125e-05,97.8348400378
2.58203125e-05,97.537608264
2.583984375e-05,97.23341066
2.5859375e-05,96.9222656951
2.587890625e-05,96.6041927798
2.58984375e-05,96.2792122977
2.591796875e-05,95.947345639
2.59375e-05,95.6086152336
2.595703125e-05,95.2630445849
2.59765625e-05,94.9106583042
2.599609375e-05,94.5514821453
2.6015625e-05,94.1855430387
2.603515625e-05,93.8128691274
2.60546875e-05,93.4334898019
2.607421875e-05,93.0474357357
2.609375e-05,92.6547389213
2.611328125e-05,92.2554327061
2.61328125e-05,91.8495518281
2.615234375e-05,91.4371324528
2.6171875e-05,91.018212209
2.619140625e-05,90.5928302251
2.62109375e-05,90.1610271657
2.623046875e-05,89.7228452678
2.625e-05,89.2783283772
2.626953125e-05,88.8275219845
2.62890625e-05,88.3704732616
2.630859375e-05,87.9072310972
2.6328125e-05,87.4378461329
2.634765625e-05,86.9623707987
2.63671875e-05,86.4808593481
2.638671875e-05,85.9933678935
2.640625e-05,85.4999544407
2.642578125e-05,85.0006789232
2.64453125e-05,84.4956032363
2.646484375e-05,83.9847912704
2.6484375e-05,83.4683089442
2.650390625e-05,82.9462242373
2.65234375e-05,82.4186072218
2.654296875e-05,81.8855300941
2.65625e-05,81.3470672053
2.658203125e-05,80.8032950917
2.66015625e-05,80.2542925037
2.662109375e-05,79.7001404345
2.6640625e-05,79.1409221483
2.666015625e-05,78.5767232068
2.66796875e-05,78.0076314956
2.669921875e-05,77.4337372493
2.671875e-05,76.8551330757
2.673828125e-05,76.2719139791
2.67578125e-05,75.6841773824
2.677734375e-05,75.0920231485
2.6796875e-05,74.4955536
2.681640625e-05,73.8948735378
2.68359375e-05,73.2900902597
2.685546875e-05,72.6813135755
2.6875e-05,72.0686558233
2.689453125e-05,71.4522318823
2.69140625e-05,70.8321591858
2.693359375e-05,70.2085577323
2.6953125e-05,69.5815500944
2.697265625e-05,68.9512614276
2.69921875e-05,68.3178194765
2.701171875e-05,67.68135458
2.703125e-05,67.0419996745
2.705078125e-05,66.3998902957
2.70703125e-05,65.7551645792
2.708984375e-05,65.1079632581
2.7109375e-05,64.4584296604
2.712890625e-05,63.8067097036
2.71484375e-05,63.1529518878
2.716796875e-05,62.4973072871
2.71875e-05,61.8399295389
2.720703125e-05,61.1809748314
2.72265625e-05,60.5206018895
2.724609375e-05,59.858971958
2.7265625e-05,59.1962487835
2.728515625e-05,58.5325985942
2.73046875e-05,57.8681900773
2.732421875e-05,57.2031943546
2.734375e-05,56.5377849565
2.736328125e-05,55.8721377926
2.73828125e-05,55.2064311219
2.740234375e-05,54.5408455192
2.7421875e-05,53.875563841
2.744140625e-05,53.2107711878
2.74609375e-05,52.5466548648
2.748046875e-05,51.8834043412
2.75e-05,51.2212112057
2.751953125e-05,50.5602691213
2.75390625e-05,49.900773777
2.755859375e-05,49.2429228378
2.7578125e-05,48.5869158922
2.759765625e-05,47.9329543975
2.76171875e-05,47.2812416233
2.763671875e-05,46.6319825922
2.765625e-05,45.9853840188
2.767578125e-05,45.3416542464
2.76953125e-05,44.7010031813
2.771484375e-05,44.0636422254
2.7734375e-05,43.429784206
2.775390625e-05,42.7996433043
2.77734375e-05,42.1734349812
2.779296875e-05,41.551375901
2.78125e-05,40.9336838537
2.783203125e-05,40.3205776743
2.78515625e-05,39.7122771609
2.787109375e-05,39.1090029906
2.7890625e-05,38.5109766332
2.791015625e-05,37.9184202634
2.79296875e-05,37.3315566707
2.794921875e-05,36.750609168
2.796875e-05,36.1758014979
2.798828125e-05,35.6073577376
2.80078125e-05,35.045502202
2.802734375e-05,34.4904593453
2.8046875e-05,33.9424536605
2.806640625e-05,33.4017095782
2.80859375e-05,32.8684513632
2.810546875e-05,32.3429030098
2.8125e-05,31.8252881362
2.814453125e-05,31.3158298772
2.81640625e-05,30.8147507754
2.818359375e-05,30.3222726721
2.8203125e-05,29.8386165961
2.822265625e-05,29.3640026521
2.82421875e-05,28.8986499081
2.826171875e-05,28.4427762816
2.828125e-05,27.9965984251
2.830078125e-05,27.5603316112
2.83203125e-05,27.1341896167
2.833984375e-05,26.7183846061
2.8359375e-05,26.3131270149
2.837890625e-05,25.9186254321
2.83984375e-05,25.5350864827
2.841796875e-05,25.1627147101
2.84375e-05,24.8017124578
2.845703125e-05,24.4522797515
2.84765625e-05,24.1146141812
2.849609375e-05,23.7889107831
2.8515625e-05,23.4753619223
2.853515625e-05,23.1741571753
2.85546875e-05,22.8854832128
2.857421875e-05,22.6095236838
2.859375e-05,22.3464590996
2.861328125e-05,22.0964667186
2.86328125e-05,21.859720432
2.865234375e-05,21.6363906505
2.8671875e-05,21.4266441918
2.869140625e-05,21.2306441692
2.87109375e-05,21.0485498815
2.873046875e-05,20.8805167041
2.875e-05,20.7266959818
2.876953125e-05,20.5872349221
2.87890625e-05,20.4622764916
2.880859375e-05,20.3519593126
2.8828125e-05,20.2564175624
2.884765625e-05,20.1757808741
2.88671875e-05,20.1101742394
2.888671875e-05,20.0597179136
2.890625e-05,20.0245273224
2.892578125e-05,20.0047129714
2.89453125e-05,20.0003803576
2.896484375e-05,20.0116298832
2.8984375e-05,20.0385567725
2.900390625e-05,20.0812509905
2.90234375e-05,20.1397971652
2.904296875e-05,20.2142745115
2.90625e-05,20.3047567593
2.908203125e-05,20.4113120829
2.91015625e-05,20.5340030349
2.912109375e-05,20.6728864823
2.9140625e-05,20.8280135459
2.916015625e-05,20.999429543
2.91796875e-05,21.1871739332
2.919921875e-05,21.391280268
2.921875e-05,21.611776143
2.923828125e-05,21.8486831543
2.92578125e-05,22.1020168582
2.927734375e-05,22.371786734
2.9296875e-05,22.6579961513
2.931640625e-05,22.96064234
2.93359375e-05,23.279716365
2.935546875e-05,23.6152031038
2.9375e-05,23.9670812279
2.939453125e-05,24.3353231893
2.94140625e-05,24.7198952089
2.943359375e-05,25.1207572703
2.9453125e-05,25.537863117
2.947265625e-05,25.9711602532
2.94921875e-05,26.4205899491
2.951171875e-05,26.8860872499
2.953125e-05,27.3675809887
2.955078125e-05,27.8649938035
2.95703125e-05,28.3782421579
2.958984375e-05,28.9072363665
2.9609375e-05,29.4518806233
2.962890625e-05,30.0120730347
2.96484375e-05,30.5877056564
2.966796875e-05,31.1786645339
2.96875e-05,31.7848297474
2.970703125e-05,32.4060754599
2.97265625e-05,33.0422699702
2.974609375e-05,33.6932757686
2.9765625e-05,34.3589495972
2.978515625e-05,35.0391425136
2.98046875e-05,35.7336999584
2.982421875e-05,36.4424618264
2.984375e-05,37.1652625416
2.986328125e-05,37.9019311352
2.98828125e-05,38.652291328
2.990234375e-05,39.4161616154
2.9921875e-05,40.1933553562
2.994140625e-05,40.9836808651
2.99609375e-05,41.7869415075
2.998046875e-05,42.6029357986
3e-05,43.431457505
3.001953125e-05,44.272295749
3.00390625e-05,45.125235117
3.005859375e-05,45.9900557695
3.0078125e-05,46.8665335549
3.009765625e-05,47.7544401254
3.01171875e-05,48.6535430558
3.013671875e-05,49.5636059647
3.015625e-05,50.484388638
3.017578125e-05,51.4156471554
3.01953125e-05,52.357134018
3.021484375e-05,53.3085982792
3.0234375e-05,54.2697856769
3.025390625e-05,55.2404387675
3.02734375e-05,56.2202970627
3.029296875e-05,57.2090971667
3.03125e-05,58.206572916
3.033203125e-05,59.2124555202
3.03515625e-05,60.2264737045
3.037109375e-05,61.2483538527
3.0390625e-05,62.2778201527
3.041015625e-05,63.3145947416
3.04296875e-05,64.3583978526
3.044921875e-05,65.4089479627
3.046875e-05,66.4659619403
3.048828125e-05,67.5291551943
3.05078125e-05,68.5982418234
3.052734375e-05,69.6729347651
3.0546875e-05,70.752945946
3.056640625e-05,71.8379864312
3.05859375e-05,72.9277665742
3.060546875e-05,74.0219961669
3.0625e-05,75.1203845886
3.064453125e-05,76.2226409554
3.06640625e-05,77.3284742686
3.068359375e-05,78.4375935629
3.0703125e-05,79.5497080539
3.072265625e-05,80.6645272841
3.07421875e-05,81.781761269
3.076171875e-05,82.9011206417
3.078125e-05,84.022316796
3.080078125e-05,85.1450620291
3.08203125e-05,86.2690696823
3.083984375e-05,87.3940542804
3.0859375e-05,88.5197316699
3.087890625e-05,89.6458191551
3.08984375e-05,90.772035633
3.091796875e-05,91.8981017258
3.09375e-05,93.0237399119
3.095703125e-05,94.1486746548
3.09765625e-05,95.2726325301
3.099609375e-05,96.3953423499
3.1015625e-05,97.5165352853
3.103515625e-05,98.6359449867
3.10546875e-05,99.7533077011
3.107421875e-05,100.868362388
3.109375e-05,101.980850831
3.111328125e-05,103.09051775
3.11328125e-05,104.197110907
3.115234375e-05,105.300381209
3.1171875e-05,106.400082815
3.119140625e-05,107.495973231
3.12109375e-05,108.587813408
3.123046875e-05,109.675367833
3.125e-05,110.758404624
3.126953125e-05,111.836695612
3.12890625e-05,112.910016429
3.130859375e-05,113.978146587
3.1328125e-05,115.040869558
3.134765625e-05,116.097972846
3.13671875e-05,117.149248061
3.138671875e-05,118.194490987
3.140625e-05,119.233501648
3.142578125e-05,120.266084367
3.14453125e-05,121.292047827
3.146484375e-05,122.311205128
3.1484375e-05,123.323373836
3.150390625e-05,124.328376033
3.15234375e-05,125.326038363
3.154296875e-05,126.316192074
3.15625e-05,127.298673058
3.158203125e-05,128.273321886
3.16015625e-05,129.239983838
3.162109375e-05,130.198508939
3.1640625e-05,131.148751977
3.166015625e-05,132.09057253
3.16796875e-05,133.023834986
3.169921875e-05,133.94840856
3.171875e-05,134.864167302
3.173828125e-05,135.770990114
3.17578125e-05,136.668760753
3.177734375e-05,137.557367835
3.1796875e-05,138.436704839
3.181640625e-05,139.306670101
3.18359375e-05,140.167166813
3.185546875e-05,141.01810301
3.1875e-05,141.859391566
3.189453125e-05,142.690950175
3.19140625e-05,143.512701337
3.193359375e-05,144.324572338
3.1953125e-05,145.126495229
3.197265625e-05,145.918406802
3.19921875e-05,146.700248563
3.201171875e-05,147.471966701
3.203125e-05,148.233512059
3.205078125e-05,148.984840098
3.20703125e-05,149.725910858
3.208984375e-05,150.456688927
3.2109375e-05,151.177143389
3.212890625e-05,151.88724779
3.21484375e-05,152.586980089
3.216796875e-05,153.27632261
3.21875e-05,153.955261995
3.220703125e-05,154.623789149
3.22265625e-05,155.281899191
3.224609375e-05,155.929591398
3.2265625e-05,156.566869147
3.228515625e-05,157.193739858
3.23046875e-05,157.810214935
3.232421875e-05,158.416309705
3.234375e-05,159.012043351
3.236328125e-05,159.597438854
3.23828125e-05,160.172522926
3.240234375e-05,160.737325939
3.2421875e-05,161.291881865
3.244140625e-05,161.8362282
3.24609375e-05,162.370405898
3.248046875e-05,162.8944593
3.25e-05,163.408436062
3.251953125e-05,163.91238708
3.25390625e-05,164.406366421
3.255859375e-05,164.890431245
3.2578125e-05,165.364641734
3.259765625e-05,165.829061013
3.26171875e-05,166.283755078
3.263671875e-05,166.728792714
3.265625e-05,167.164245425
3.267578125e-05,167.590187354
3.26953125e-05,168.006695205
3.271484375e-05,168.413848164
3.2734375e-05,168.811727828
3.275390625e-05,169.200418118
3.27734375e-05,169.580005209
3.279296875e-05,169.950577446
3.28125e-05,170.31222527
3.283203125e-05,170.66504114
3.28515625e-05,171.009119453
3.287109375e-05,171.344556467
3.2890625e-05,171.671450228
3.291015625e-05,171.989900486
3.29296875e-05,172.300008624
3.294921875e-05,172.601877578
3.296875e-05,172.895611765
3.298828125e-05,173.181317003
3.30078125e-05,173.459100439
3.302734375e-05,173.729070475
3.3046875e-05,173.991336691
3.306640625e-05,174.246009776
3.30859375e-05,174.49320145
3.310546875e-05,174.733024397
3.3125e-05,174.965592191
3.314453125e-05,175.191019225
3.31640625e-05,175.409420643
3.318359375e-05,175.620912269
3.3203125e-05,175.825610541
3.322265625e-05,176.023632439
3.32421875e-05,176.215095424
3.326171875e-05,176.400117368
3.328125e-05,176.57881649
3.330078125e-05,176.751311295
3.33203125e-05,176.917720504
3.333984375e-05,177.078163
3.3359375e-05,177.23275776
3.337890625e-05,177.381623798
3.33984375e-05,177.524880106
3.341796875e-05,177.662645594
3.34375e-05,177.795039033
3.345703125e-05,177.922179
3.34765625e-05,178.044183819
3.349609375e-05,178.161171513
3.3515625e-05,178.273259743
3.353515625e-05,178.380565763
3.35546875e-05,178.483206363
3.357421875e-05,178.581297821
3.359375e-05,178.674955855
3.361328125e-05,178.764295573
3.36328125e-05,178.849431425
3.365234375e-05,178.930477161
3.3671875e-05,179.00754578
3.369140625e-05,179.080749492
3.37109375e-05,179.15019967
3.373046875e-05,179.216006811
3.375e-05,179.278280491
3.376953125e-05,179.337129332
3.37890625e-05,179.392660955
3.380859375e-05,179.444981949
3.3828125e-05,179.494197827
3.384765625e-05,179.540412995
3.38671875e-05,179.583730716
3.388671875e-05,179.624253073
3.390625e-05,179.66208094
3.392578125e-05,179.697313946
3.39453125e-05,179.730050444
3.396484375e-05,179.760387484
3.3984375e-05,179.788420778
3.400390625e-05,179.814244676
3.40234375e-05,179.837952135
3.404296875e-05,179.859634694
3.40625e-05,179.879382445
3.408203125e-05,179.897284013
3.41015625e-05,179.913426525
3.412109375e-05,179.927895589
3.4140625e-05,179.940775275
3.416015625e-05,179.952148085
3.41796875e-05,179.962094939
3.419921875e-05,179.970695147
3.421875e-05,179.978026398
3.423828125e-05,179.984164733
3.42578125e-05,179.989184529
3.427734375e-05,179.993158483
3.4296875e-05,179.996157591
3.431640625e-05,179.998251137
3.43359375e-05,179.99950667
3.435546875e-05,179.999989997
3.4375e-05,179.999765159
3.439453125e-05,179.998894427
3.44140625e-05,179.997438278
3.443359375e-05,179.995455392
3.4453125e-05,179.993002632
3.447265625e-05,179.990135038
3.44921875e-05,179.986905812
3.451171875e-05,179.983366306
3.453125e-05,179.979566018
3.455078125e-05,179.975552577
3.45703125e-05,179.971371733
3.458984375e-05,179.967067353
3.4609375e-05,179.962681408
3.462890625e-05,179.958253968
3.46484375e-05,179.953823195
3.466796875e-05,179.949425331
3.46875e-05,179.945094698
3.470703125e-05,179.940863689
3.47265625e-05,179.936762759
3.474609375e-05,179.932820425
3.4765625e-05,179.929063259
3.478515625e-05,179.925515881
3.48046875e-05,179.922200959
3.482421875e-05,179.9191392
3.484375e-05,179.916349352
3.486328125e-05,179.913848197
3.48828125e-05,179.911650549
3.490234375e-05,179.909769252
3.4921875e-05,179.908215177
3.494140625e-05,179.906997223
3.49609375e-05,179.906122311
3.498046875e-05,179.905595385
3.5e-05,179.905419413
3.501953125e-05,179.905595385
3.50390625e-05,179.906122311
3.505859375e-05,179.906997223
3.5078125e-05,179.908215177
3.509765625e-05,179.909769252
3.51171875e-05,179.911650549
3.513671875e-05,179.913848197
3.515625e-05,179.916349352
3.517578125e-05,179.9191392
3.51953125e-05,179.922200959
3.521484375e-05,179.925515881
3.5234375e-05,179.929063259
3.525390625e-05,179.932820425
3.52734375e-05,179.936762759
3.529296875e-05,179.940863689
3.53125e-05,179.945094698
3.533203125e-05,179.949425331
3.53515625e-05,179.953823195
3.537109375e-05,179.958253968
3.5390625e-05,179.962681408
3.541015625e-05,179.967067353
3.54296875e-05,179.971371733
3.544921875e-05,179.975552577
3.546875e-05,179.979566018
3.548828125e-05,179.983366306
3.55078125e-05,179.986905812
3.552734375e-05,179.990135038
3.5546875e-05,179.993002632
3.556640625e-05,179.995455392
3.55859375e-05,179.997438278
3.560546875e-05,179.998894427
3.5625e-05,179.999765159
3.564453125e-05,179.999989997
3.56640625e-05,179.99950667
3.568359375e-05,179.998251137
3.5703125e-05,179.996157591
3.572265625e-05,179.993158483
3.57421875e-05,179.989184529
3.576171875e-05,179.984164733
3.578125e-05,179.978026398
3.580078125e-05,179.970695147
3.58203125e-05,179.962094939
3.583984375e-05,179.952148085
3.5859375e-05,179.940775275
3.587890625e-05,179.927895589
3.58984375e-05,179.913426525
3.591796875e-05,179.897284013
3.59375e-05,179.879382445
3.595703125e-05,179.859634694
3.59765625e-05,179.837952135
3.599609375e-05,179.814244676
3.6015625e-05,179.788420778
3.603515625e-05,179.760387484
3.60546875e-05,179.730050444
3.607421875e-05,179.697313946
3.609375e-05,179.66208094
3.611328125e-05,179.624253073
3.61328125e-05,179.583730716
3.615234375e-05,179.540412995
3.6171875e-05,179.494197827
3.619140625e-05,179.444981949
3.62109375e-05,179.392660955
3.623046875e-05,179.337129332
3.625e-05,179.278280491
3.626953125e-05,179.216006811
3.62890625e-05,179.15019967
3.630859375e-05,179.080749492
3.6328125e-05,179.00754578
3.634765625e-05,178.930477161
3.63671875e-05,178.849431425
3.638671875e-05,178.764295573
3.640625e-05,178.674955855
3.642578125e-05,178.581297821
3.64453125e-05,178.483206363
3.646484375e-05,178.380565763
3.6484375e-05,178.273259743
3.650390625e-05,178.161171513
3.65234375e-05,178.044183819
3.654296875e-05,177.922179
3.65625e-05,177.795039033
3.658203125e-05,177.662645594
3.66015625e-05,177.524880106
3.662109375e-05,177.381623798
3.6640625e-05,177.23275776
3.666015625e-05,177.078163
3.66796875e-05,176.917720504
3.669921875e-05,176.751311295
3.671875e-05,176.57881649
3.673828125e-05,176.400117368
3.67578125e-05,176.215095424
3.677734375e-05,176.023632439
3.6796875e-05,175.825610541
3.681640625e-05,175.620912269
3.68359375e-05,175.409420643
3.685546875e-05,175.191019225
3.6875e-05,174.965592191
3.689453125e-05,174.733024397
3.69140625e-05,174.49320145
3.693359375e-05,174.246009776
3.6953125e-05,173.991336691
3.697265625e-05,173.729070475
3.69921875e-05,173.459100439
3.701171875e-05,173.181317003
3.703125e-05,172.895611765
3.705078125e-05,172.601877578
3.70703125e-05,172.300008624
3.708984375e-05,171.989900486
3.7109375e-05,171.671450228
3.712890625e-05,171.344556467
3.71484375e-05,171.009119453
3.716796875e-05,170.66504114
3.71875e-05,170.31222527
3.720703125e-05,169.950577446
3.72265625e-05,169.580005209
3.724609375e-05,169.200418118
3.7265625e-05,168.811727828
3.728515625e-05,168.413848164
3.73046875e-05,168.006695205
3.732421875e-05,167.590187354
3.734375e-05,167.164245425
3.736328125e-05,166.728792714
3.73828125e-05,166.283755078
3.740234375e-05,165.829061013
3.7421875e-05,165.364641734
3.744140625e-05,164.890431245
3.74609375e-05,164.406366421
3.748046875e-05,163.91238708
3.75e-05,163.408436062
3.751953125e-05,162.8944593
3.75390625e-05,162.370405898
3.755859375e-05,161.8362282
3.7578125e-05,161.291881865
3.759765625e-05,160.737325939
3.76171875e-05,160.172522926
3.763671875e-05,159.597438854
3.765625e-05,159.012043351
3.767578125e-05,158.416309705
3.76953125e-05,157.810214935
3.771484375e-05,157.193739858
3.7734375e-05,156.566869147
3.775390625e-05,155.929591398
3.77734375e-05,155.281899191
3.779296875e-05,154.623789149
3.78125e-05,153.955261995
3.783203125e-05,153.27632261
3.78515625e-05,152.586980089
3.787109375e-05,151.88724779
3.7890625e-05,151.177143389
3.791015625e-05,150.456688927
3.79296875e-05,149.725910858
3.794921875e-05,148.984840098
3.796875e-05,148.233512059
3.798828125e-05,147.471966701
3.80078125e-05,146.700248563
3.802734375e-05,145.918406802
3.8046875e-05,145.126495229
3.806640625e-05,144.324572338
3.80859375e-05,143.512701337
3.810546875e-05,142.690950175
3.8125e-05,141.859391566
3.814453125e-05,141.01810301
3.81640625e-05,140.167166813
3.818359375e-05,139.306670101
3.8203125e-05,138.436704839
3.822265625e-05,137.557367835
3.82421875e-05,136.668760753
3.826171875e-05,135.770990114
3.828125e-05,134.864167302
3.830078125e-05,133.94840856
3.83203125e-05,133.023834986
3.833984375e-05,132.09057253
3.8359375e-05,131.148751977
3.837890625e-05,130.198508939
3.83984375e-05,129.239983838
3.841796875e-05,128.273321886
3.84375e-05,127.298673058
3.845703125e-05,126.316192074
3.84765625e-05,125.326038363
3.849609375e-05,124.328376033
3.8515625e-05,123.323373836
3.853515625e-05,122.311205128
3.85546875e-05,121.292047827
3.857421875e-05,120.266084367
3.859375e-05,119.233501648
3.861328125e-05,118.194490987
3.86328125e-05,117.149248061
3.865234375e-05,116.097972846
3.8671875e-05,115.040869558
3.869140625e-05,113.978146587
3.87109375e-05,112.910016429
3.873046875e-05,111.836695612
3.875e-05,110.758404624
3.876953125e-05,109.675367833
3.87890625e-05,108.587813408
3.880859375e-05,107.495973231
3.8828125e-05,106.400082815
3.884765625e-05,105.300381209
3.88671875e-05,104.197110907
3.888671875e-05,103.09051775
3.890625e-05,101.980850831
3.892578125e-05,100.868362388
3.89453125e-05,99.7533077011
3.896484375e-05,98.6359449867
3.8984375e-05,97.5165352853
3.900390625e-05,96.3953423499
3.90234375e-05,95.2726325301
3.904296875e-05,94.1486746548
3.90625e-05,93.0237399119
3.908203125e-05,91.8981017258
3.91015625e-05,90.772035633
3.912109375e-05,89.6458191551
3.9140625e-05,88.5197316699
3.916015625e-05,87.3940542804
3.91796875e-05,86.2690696823
3.919921875e-05,85.1450620291
3.921875e-05,84.022316796
3.923828125e-05,82.9011206417
3.92578125e-05,81.781761269
3.927734375e-05,80.6645272841
3.9296875e-05,79.5497080539
3.931640625e-05,78.4375935629
3.93359375e-05,77.3284742686
3.935546875e-05,76.2226409554
3.9375e-05,75.1203845886
3.939453125e-05,74.0219961669
3.94140625e-05,72.9277665742
3.943359375e-05,71.8379864312
3.9453125e-05,70.752945946
3.947265625e-05,69.6729347651
3.94921875e-05,68.5982418234
3.951171875e-05,67.5291551943
3.953125e-05,66.4659619403
3.955078125e-05,65.4089479627
3.95703125e-05,64.3583978526
3.958984375e-05,63.3145947416
3.9609375e-05,62.2778201527
3.962890625e-05,61.2483538527
3.96484375e-05,60.2264737045
3.966796875e-05,59.2124555202
3.96875e-05,58.206572916
3.970703125e-05,57.2090971667
3.97265625e-05,56.2202970627
3.974609375e-05,55.2404387675
3.9765625e-05,54.2697856769
3.978515625e-05,53.3085982792
3.98046875e-05,52.357134018
3.982421875e-05,51.4156471554
3.984375e-05,50.484388638
3.986328125e-05,49.5636059647
3.98828125e-05,48.6535430558
3.990234375e-05,47.7544401254
3.9921875e-05,46.8665335549
3.994140625e-05,45.9900557695
3.99609375e-05,45.125235117
3.998046875e-05,44.272295749
4e-05,43.431457505
4.001953125e-05,42.6029357986
4.00390625e-05,41.7869415075
4.005859375e-05,40.9836808651
4.0078125e-05,40.1933553562
4.009765625e-05,39.4161616154
4.01171875e-05,38.652291328
4.013671875e-05,37.9019311352
4.015625e-05,37.1652625416
4.017578125e-05,36.4424618264
4.01953125e-05,35.7336999584
4.021484375e-05,35.0391425136
4.0234375e-05,34.3589495972
4.025390625e-05,33.6932757686
4.02734375e-05,33.0422699702
4.029296875e-05,32.4060754599
4.03125e-05,31.7848297474
4.033203125e-05,31.1786645339
4.03515625e-05,30.5877056564
4.037109375e-05,30.0120730347
4.0390625e-05,29.4518806233
4.041015625e-05,28.9072363665
4.04296875e-05,28.3782421579
4.044921875e-05,27.8649938035
4.046875e-05,27.3675809887
4.048828125e-05,26.8860872499
4.05078125e-05,26.4205899491
4.052734375e-05,25.9711602532
4.0546875e-05,25.537863117
4.056640625e-05,25.1207572703
4.05859375e-05,24.7198952089
4.060546875e-05,24.3353231893
4.0625e-05,23.9670812279
4.064453125e-05,23.6152031038
4.06640625e-05,23.279716365
4.068359375e-05,22.96064234
4.0703125e-05,22.6579961513
4.072265625e-05,22.371786734
4.07421875e-05,22.1020168582
4.076171875e-05,21.8486831543
4.078125e-05,21.611776143
4.080078125e-05,21.391280268
4.08203125e-05,21.1871739332
4.083984375e-05,20.999429543
4.0859375e-05,20.8280135459
4.087890625e-05,20.6728864823
4.08984375e-05,20.5340030349
4.091796875e-05,20.4113120829
4.09375e-05,20.3047567593
4.095703125e-05,20.2142745115
4.09765625e-05,20.1397971652
4.099609375e-05,20.0812509905
4.1015625e-05,20.0385567725
4.103515625e-05,20.0116298832
4.10546875e-05,20.0003803576
4.107421875e-05,20.0047129714
4.109375e-05,20.0245273224
4.111328125e-05,20.0597179136
4.11328125e-05,20.1101742394
4.115234375e-05,20.1757808741
4.1171875e-05,20.2564175624
4.119140625e-05,20.3519593126
4.12109375e-05,20.4622764916
4.123046875e-05,20.5872349221
4.125e-05,20.7266959818
4.126953125e-05,20.8805167041
4.12890625e-05,21.0485498815
4.130859375e-05,21.2306441692
4.1328125e-05,21.4266441918
4.134765625e-05,21.6363906505
4.13671875e-05,21.859720432
4.138671875e-05,22.0964667186
4.140625e-05,22.3464590996
4.142578125e-05,22.6095236838
4.14453125e-05,22.8854832128
4.146484375e-05,23.1741571753
4.1484375e-05,23.4753619223
4.150390625e-05,23.7889107831
4.15234375e-05,24.1146141812
4.154296875e-05,24.4522797515
4.15625e-05,24.8017124578
4.158203125e-05,25.1627147101
4.16015625e-05,25.5350864827
4.162109375e-05,25.9186254321
4.1640625e-05,26.3131270149
4.166015625e-05,26.7183846061
4.16796875e-05,27.1341896167
4.169921875e-05,27.5603316112
4.171875e-05,27.9965984251
4.173828125e-05,28.4427762816
4.17578125e-05,28.8986499081
4.177734375e-05,29.3640026521
4.1796875e-05,29.8386165961
4.181640625e-05,30.3222726721
4.18359375e-05,30.8147507754
4.185546875e-05,31.3158298772
4.1875e-05,31.8252881362
4.189453125e-05,32.3429030098
4.19140625e-05,32.8684513632
4.193359375e-05,33.4017095782
4.1953125e-05,33.9424536605
4.197265625e-05,34.4904593453
4.19921875e-05,35.045502202
4.201171875e-05,35.6073577376
4.203125e-05,36.1758014979
4.205078125e-05,36.750609168
4.20703125e-05,37.3315566707
4.208984375e-05,37.9184202634
4.2109375e-05,38.5109766332
4.212890625e-05,39.1090029906
4.21484375e-05,39.7122771609
4.216796875e-05,40.3205776743
4.21875e-05,40.9336838537
4.220703125e-05,41.551375901
4.22265625e-05,42.1734349812
4.224609375e-05,42.7996433043
4.2265625e-05,43.429784206
4.228515625e-05,44.0636422254
4.23046875e-05,44.7010031813
4.232421875e-05,45.3416542464
4.234375e-05,45.9853840188
4.236328125e-05,46.6319825922
4.23828125e-05,47.2812416233
4.240234375e-05,47.9329543975
4.2421875e-05,48.5869158922
4.244140625e-05,49.2429228378
4.24609375e-05,49.900773777
4.248046875e-05,50.5602691213
4.25e-05,51.2212112057
4.251953125e-05,51.8834043412
4.25390625e-05,52.5466548648
4.255859375e-05,53.2107711878
4.2578125e-05,53.875563841
4.259765625e-05,54.5408455192
4.26171875e-05,55.2064311219
4.263671875e-05,55.8721377926
4.265625e-05,56.5377849565
4.267578125e-05,57.2031943546
4.26953125e-05,57.8681900773
4.271484375e-05,58.5325985942
4.2734375e-05,59.1962487835
4.275390625e-05,59.858971958
4.27734375e-05,60.5206018895
4.279296875e-05,61.1809748314
4.28125e-05,61.8399295389
4.283203125e-05,62.4973072871
4.28515625e-05,63.1529518878
4.287109375e-05,63.8067097036
4.2890625e-05,64.4584296604
4.291015625e-05,65.1079632581
4.29296875e-05,65.7551645792
4.294921875e-05,66.3998902957
4.296875e-05,67.0419996745
4.298828125e-05,67.68135458
4.30078125e-05,68.3178194765
4.302734375e-05,68.9512614276
4.3046875e-05,69.5815500944
4.306640625e-05,70.2085577323
4.30859375e-05,70.8321591858
4.310546875e-05,71.4522318823
4.3125e-05,72.0686558233
4.314453125e-05,72.6813135755
4.31640625e-05,73.2900902597
4.318359375e-05,73.8948735378
4.3203125e-05,74.4955536
4.322265625e-05,75.0920231485
4.32421875e-05,75.6841773824
4.326171875e-05,76.2719139791
4.328125e-05,76.8551330757
4.330078125e-05,77.4337372493
4.33203125e-05,78.0076314956
4.333984375e-05,78.5767232068
4.3359375e-05,79.1409221483
4.337890625e-05,79.7001404345
4.33984375e-05,80.2542925037
4.341796875e-05,80.8032950917
4.34375e-05,81.3470672053
4.345703125e-05,81.8855300941
4.34765625e-05,82.4186072218
4.349609375e-05,82.9462242373
4.3515625e-05,83.4683089442
4.353515625e-05,83.9847912704
4.35546875e-05,84.4956032363
4.357421875e-05,85.0006789232
4.359375e-05,85.4999544407
4.361328125e-05,85.9933678935
4.36328125e-05,86.4808593481
4.365234375e-05,86.9623707987
4.3671875e-05,87.4378461329
4.369140625e-05,87.9072310972
4.37109375e-05,88.3704732616
4.373046875e-05,88.8275219845
4.375e-05,89.2783283772
4.376953125e-05,89.7228452678
4.37890625e-05,90.1610271657
4.380859375e-05,90.5928302251
4.3828125e-05,91.018212209
4.384765625e-05,91.4371324528
4.38671875e-05,91.8495518281
4.388671875e-05,92.2554327061
4.390625e-05,92.6547389213
4.392578125e-05,93.0474357357
4.39453125e-05,93.4334898019
4.396484375e-05,93.8128691274
4.3984375e-05,94.1855430387
4.400390625e-05,94.5514821453
4.40234375e-05,94.9106583042
4.404296875e-05,95.2630445849
4.40625e-05,95.6086152336
4.408203125e-05,95.947345639
4.41015625e-05,96.2792122977
4.412109375e-05,96.6041927798
4.4140625e-05,96.9222656951
4.416015625e-05,97.23341066
4.41796875e-05,97.537608264
4.419921875e-05,97.8348400378
4.421875e-05,98.1250884202
4.423828125e-05,98.4083367272
4.42578125e-05,98.6845691207
4.427734375e-05,98.9537705775
4.4296875e-05,99.2159268594
4.431640625e-05,99.4710244837
4.43359375e-05,99.719050694
4.435546875e-05,99.9599934319
4.4375e-05,100.193841309
4.439453125e-05,100.420583581
4.44140625e-05,100.640210118
4.443359375e-05,100.852711383
4.4453125e-05,101.058078402
4.447265625e-05,101.256302745
4.44921875e-05,101.447376495
4.451171875e-05,101.631292233
4.453125e-05,101.808043008
4.455078125e-05,101.977622323
4.45703125e-05,102.140024106
4.458984375e-05,102.295242697
4.4609375e-05,102.443272823
4.462890625e-05,102.584109585
4.46484375e-05,102.717748435
4.466796875e-05,102.844185163
4.46875e-05,102.963415878
4.470703125e-05,103.075436996
4.47265625e-05,103.18024522
4.474609375e-05,103.277837534
4.4765625e-05,103.368211184
4.478515625e-05,103.451363667
4.48046875e-05,103.527292723
4.482421875e-05,103.595996324
4.484375e-05,103.657472659
4.486328125e-05,103.711720136
4.48828125e-05,103.758737364
4.490234375e-05,103.798523152
4.4921875e-05,103.831076504
4.494140625e-05,103.856396609
4.49609375e-05,103.874482842
4.498046875e-05,103.88533476
4.5e-05,103.888952095
4.501953125e-05,103.88533476
4.50390625e-05,103.874482842
4.505859375e-05,103.856396609
4.5078125e-05,103.831076504
4.509765625e-05,103.798523152
4.51171875e-05,103.758737364
4.513671875e-05,103.711720136
4.515625e-05,103.657472659
4.517578125e-05,103.595996324
4.51953125e-05,103.527292723
4.521484375e-05,103.451363667
4.5234375e-05,103.368211184
4.525390625e-05,103.277837534
4.52734375e-05,103.18024522
4.529296875e-05,103.075436996
4.53125e-05,102.963415878
4.533203125e-05,102.844185163
4.53515625e-05,102.717748435
4.537109375e-05,102.584109585
4.5390625e-05,102.443272823
4.541015625e-05,102.295242697
4.54296875e-05,102.140024106
4.544921875e-05,101.977622323
4.546875e-05,101.808043008
4.548828125e-05,101.631292233
4.55078125e-05,101.447376495
4.552734375e-05,101.256302745
4.5546875e-05,101.058078402
4.556640625e-05,100.852711383
4.55859375e-05,100.640210118
4.560546875e-05,100.420583581
4.5625e-05,100.193841309
4.564453125e-05,99.9599934319
4.56640625e-05,99.719050694
4.568359375e-05,99.4710244837
4.5703125e-05,99.2159268594
4.572265625e-05,98.9537705775
4.57421875e-05,98.6845691207
4.576171875e-05,98.4083367272
4.578125e-05,98.1250884202
4.580078125e-05,97.8348400378
4.58203125e-05,97.537608264
4.583984375e-05,97.23341066
4.5859375e-05,96.9222656951
4.587890625e-05,96.6041927798
4.58984375e-05,96.2792122977
4.591796875e-05,95.947345639
4.59375e-05,95.6086152336
4.595703125e-05,95.2630445849
4.59765625e-05,94.9106583042
4.599609375e-05,94.5514821453
4.6015625e-05,94.1855430387
4.603515625e-05,93.8128691274
4.60546875e-05,93.4334898019
4.607421875e-05,93.0474357357
4.609375e-05,92.6547389213
4.611328125e-05,92.2554327061
4.61328125e-05,91.8495518281
4.615234375e-05,91.4371324528
4.6171875e-05,91.018212209
4.619140625e-05,90.5928302251
4.62109375e-05,90.1610271657
4.623046875e-05,89.7228452678
4.625e-05,89.2783283772
4.626953125e-05,88.8275219845
4.62890625e-05,88.3704732616
4.630859375e-05,87.9072310972
4.6328125e-05,87.4378461329
4.634765625e-05,86.9623707987
4.63671875e-05,86.4808593481
4.638671875e-05,85.9933678935
4.640625e-05,85.4999544407
4.642578125e-05,85.0006789232
4.64453125e-05,84.4956032363
4.646484375e-05,83.9847912704
4.6484375e-05,83.4683089442
4.650390625e-05,82.9462242373
4.65234375e-05,82.4186072218
4.654296875e-05,81.8855300941
4.65625e-05,81.3470672053
4.658203125e-05,80.8032950917
4.66015625e-05,80.2542925037
4.662109375e-05,79.7001404345
4.6640625e-05,79.1409221483
4.666015625e-05,78.5767232068
4.66796875e-05,78.0076314956
4.669921875e-05,77.4337372493
4.671875e-05,76.8551330757
4.673828125e-05,76.2719139791
4.67578125e-05,75.6841773824
4.677734375e-05,75.0920231485
4.6796875e-05,74.4955536
4.681640625e-05,73.8948735378
4.68359375e-05,73.2900902597
4.685546875e-05,72.6813135755
4.6875e-05,72.0686558233
4.689453125e-05,71.4522318823
4.69140625e-05,70.8321591858
4.693359375e-05,70.2085577323
4.6953125e-05,69.5815500944
4.697265625e-05,68.9512614276
4.69921875e-05,68.3178194765
4.701171875e-05,67.68135458
4.703125e-05,67.0419996745
4.705078125e-05,66.3998902957
4.70703125e-05,65.7551645792
4.708984375e-05,65.1079632581
4.7109375e-05,64.4584296604
4.712890625e-05,63.8067097036
4.71484375e-05,63.1529518878
4.716796875e-05,62.4973072871
4.71875e-05,61.8399295389
4.720703125e-05,61.1809748314
4.72265625e-05,60.5206018895
4.724609375e-05,59.858971958
4.7265625e-05,59.1962487835
4.728515625e-05,58.5325985942
4.73046875e-05,57.8681900773
4.732421875e-05,57.2031943546
4.734375e-05,56.5377849565
4.736328125e-05,55.8721377926
4.73828125e-05,55.2064311219
4.740234375e-05,54.5408455192
4.7421875e-05,53.875563841
4.744140625e-05,53.2107711878
4.74609375e-05,52.5466548648
4.748046875e-05,51.8834043412
4.75e-05,51.2212112057
4.751953125e-05,50.5602691213
4.75390625e-05,49.900773777
4.755859375e-05,49.2429228378
4.7578125e-05,48.5869158922
4.759765625e-05,47.9329543975
4.76171875e-05,47.2812416233
4.763671875e-05,46.6319825922
4.765625e-05,45.9853840188
4.767578125e-05,45.3416542464
4.76953125e-05,44.7010031813
4.771484375e-05,44.0636422254
4.7734375e-05,43.429784206
4.775390625e-05,42.7996433043
4.77734375e-05,42.1734349812
4.779296875e-05,41.551375901
4.78125e-05,40.9336838537
4.783203125e-05,40.3205776743
4.78515625e-05,39.7122771609
4.787109375e-05,39.1090029906
4.7890625e-05,38.5109766332
4.791015625e-05,37.9184202634
4.79296875e-05,37.3315566707
4.794921875e-05,36.750609168
4.796875e-05,36.1758014979
4.798828125e-05,35.6073577376
4.80078125e-05,35.045502202
4.802734375e-05,34.4904593453
4.8046875e-05,33.9424536605
4.806640625e-05,33.4017095782
4.80859375e-05,32.8684513632
4.810546875e-05,32.3429030098
4.8125e-05,31.8252881362
4.814453125e-05,31.3158298772
4.81640625e-05,30.8147507754
4.818359375e-05,30.3222726721
4.8203125e-05,29.8386165961
4.822265625e-05,29.3640026521
4.82421875e-05,28.8986499081
4.826171875e-05,28.4427762816
4.828125e-05,27.9965984251
4.830078125e-05,27.5603316112
4.83203125e-05,27.1341896167
4.833984375e-05,26.7183846061
4.8359375e-05,26.3131270149
4.837890625e-05,25.9186254321
4.83984375e-05,25.5350864827
4.841796875e-05,25.1627147101
4.84375e-05,24.8017124578
4.845703125e-05,24.4522797515
4.84765625e-05,24.1146141812
4.849609375e-05,23.7889107831
4.8515625e-05,23.4753619223
4.853515625e-05,23.1741571753
4.85546875e-05,22.8854832128
4.857421875e-05,22.6095236838
4.859375e-05,22.3464590996
4.861328125e-05,22.0964667186
4.86328125e-05,21.859720432
4.865234375e-05,21.6363906505
4.8671875e-05,21.4266441918
4.869140625e-05,21.2306441692
4.87109375e-05,21.0485498815
4.873046875e-05,20.8805167041
4.875e-05,20.7266959818
4.876953125e-05,20.5872349221
4.87890625e-05,20.4622764916
4.880859375e-05,20.3519593126
4.8828125e-05,20.2564175624
4.884765625e-05,20.1757808741
4.88671875e-05,20.1101742394
4.888671875e-05,20.0597179136
4.890625e-05,20.0245273224
4.892578125e-05,20.0047129714
4.89453125e-05,20.0003803576
4.896484375e-05,20.0116298832
4.8984375e-05,20.0385567725
4.900390625e-05,20.0812509905
4.90234375e-05,20.1397971652
4.904296875e-05,20.2142745115
4.90625e-05,20.3047567593
4.908203125e-05,20.4113120829
4.91015625e-05,20.5340030349
4.912109375e-05,20.6728864823
4.9140625e-05,20.8280135459
4.916015625e-05,20.999429543
4.91796875e-05,21.1871739332
4.919921875e-05,21.391280268
4.921875e-05,21.611776143
4.923828125e-05,21.8486831543
4.92578125e-05,22.1020168582
4.927734375e-05,22.371786734
4.9296875e-05,22.6579961513
4.931640625e-05,22.96064234
4.93359375e-05,23.279716365
4.935546875e-05,23.6152031038
4.9375e-05,23.9670812279
4.939453125e-05,24.3353231893
4.94140625e-05,24.7198952089
4.943359375e-05,25.1207572703
4.9453125e-05,25.537863117
4.947265625e-05,25.9711602532
4.94921875e-05,26.4205899491
4.951171875e-05,26.8860872499
4.953125e-05,27.3675809887
4.955078125e-05,27.8649938035
4.95703125e-05,28.3782421579
4.958984375e-05,28.9072363665
4.9609375e-05,29.4518806233
4.962890625e-05,30.0120730347
4.96484375e-05,30.5877056564
4.966796875e-05,31.1786645339
4.96875e-05,31.7848297474
4.970703125e-05,32.4060754599
4.97265625e-05,33.0422699702
4.974609375e-05,33.6932757686
4.9765625e-05,34.3589495972
4.978515625e-05,35.0391425136
4.98046875e-05,35.7336999584
4.982421875e-05,36.4424618264
4.984375e-05,37.1652625416
4.986328125e-05,37.9019311352
4.98828125e-05,38.652291328
4.990234375e-05,39.4161616154
4.9921875e-05,40.1933553562
4.994140625e-05,40.9836808651
4.99609375e-05,41.7869415075
4.998046875e-05,42.6029357986
5e-05,43.431457505
5.001953125e-05,44.272295749
5.00390625e-05,45.125235117
5.005859375e-05,45.9900557695
5.0078125e-05,46.8665335549
5.009765625e-05,47.7544401254
5.01171875e-05,48.6535430558
5.013671875e-05,49.5636059647
5.015625e-05,50.484388638
5.017578125e-05,51.4156471554
5.01953125e-05,52.357134018
5.021484375e-05,53.3085982792
5.0234375e-05,54.2697856769
5.025390625e-05,55.2404387675
5.02734375e-05,56.2202970627
5.029296875e-05,57.2090971667
5.03125e-05,58.206572916
5.033203125e-05,59.2124555202
5.03515625e-05,60.2264737045
5.037109375e-05,61.2483538527
5.0390625e-05,62.2778201527
5.041015625e-05,63.3145947416
5.04296875e-05,64.3583978526
5.044921875e-05,65.4089479627
5.046875e-05,66.4659619403
5.048828125e-05,67.5291551943
5.05078125e-05,68.5982418234
5.052734375e-05,69.6729347651
5.0546875e-05,70.752945946
5.056640625e-05,71.8379864312
5.05859375e-05,72.9277665742
5.060546875e-05,74.0219961669
5.0625e-05,75.1203845886
5.064453125e-05,76.2226409554
5.06640625e-05,77.3284742686
5.068359375e-05,78.4375935629
5.0703125e-05,79.5497080539
5.072265625e-05,80.6645272841
5.07421875e-05,81.781761269
5.076171875e-05,82.9011206417
5.078125e-05,84.022316796
5.080078125e-05,85.1450620291
5.08203125e-05,86.2690696823
5.083984375e-05,87.3940542804
5.0859375e-05,88.5197316699
5.087890625e-05,89.6458191551
5.08984375e-05,90.772035633
5.091796875e-05,91.8981017258
5.09375e-05,93.0237399119
5.095703125e-05,94.1486746548
5.09765625e-05,95.2726325301
5.099609375e-05,96.3953423499
5.1015625e-05,97.5165352853
5.103515625e-05,98.6359449867
5.10546875e-05,99.7533077011
5.107421875e-05,100.868362388
5.109375e-05,101.980850831
5.111328125e-05,103.09051775
5.11328125e-05,104.197110907
5.115234375e-05,105.300381209
5.1171875e-05,106.400082815
5.119140625e-05,107.495973231
5.12109375e-05,108.587813408
5.123046875e-05,109.675367833
5.125e-05,110.758404624
5.126953125e-05,111.836695612
5.12890625e-05,112.910016429
5.130859375e-05,113.978146587
5.1328125e-05,115.040869558
5.134765625e-05,116.097972846
5.13671875e-05,117.149248061
5.138671875e-05,118.194490987
5.140625e-05,119.233501648
5.142578125e-05,120.266084367
5.14453125e-05,121.292047827
5.146484375e-05,122.311205128
5.1484375e-05,123.323373836
5.150390625e-05,124.328376033
5.15234375e-05,125.326038363
5.154296875e-05,126.316192074
5.15625e-05,127.298673058
5.158203125e-05,128.273321886
5.16015625e-05,129.239983838
5.162109375e-05,130.198508939
5.1640625e-05,131.148751977
5.166015625e-05,132.09057253
5.16796875e-05,133.023834986
5.169921875e-05,133.94840856
5.171875e-05,134.864167302
5.173828125e-05,135.770990114
5.17578125e-05,136.668760753
5.177734375e-05,137.557367835
5.1796875e-05,138.436704839
5.181640625e-05,139.306670101
5.18359375e-05,140.167166813
5.185546875e-05,141.01810301
5.1875e-05,141.859391566
5.189453125e-05,142.690950175
5.19140625e-05,143.512701337
5.193359375e-05,144.324572338
5.1953125e-05,145.126495229
5.197265625e-05,145.918406802
5.19921875e-05,146.700248563
5.201171875e-05,147.471966701
5.203125e-05,148.233512059
5.205078125e-05,148.984840098
5.20703125e-05,149.725910858
5.208984375e-05,150.456688927
5.2109375e-05,151.177143389
5.212890625e-05,151.88724779
5.21484375e-05,152.586980089
5.216796875e-05,153.27632261
5.21875e-05,153.955261995
5.220703125e-05,154.623789149
5.22265625e-05,155.281899191
5.224609375e-05,155.929591398
5.2265625e-05,156.566869147
5.228515625e-05,157.193739858
5.23046875e-05,157.810214935
5.232421875e-05,158.416309705
5.234375e-05,159.012043351
5.236328125e-05,159.597438854
5.23828125e-05,160.172522926
5.240234375e-05,160.737325939
5.2421875e-05,161.291881865
5.244140625e-05,161.8362282
5.24609375e-05,162.370405898
5.248046875e-05,162.8944593
5.25e-05,163.408436062
5.251953125e-05,163.91238708
5.25390625e-05,164.406366421
5.255859375e-05,164.890431245
5.2578125e-05,165.364641734
5.259765625e-05,165.829061013
5.26171875e-05,166.283755078
5.263671875e-05,166.728792714
5.265625e-05,167.164245425
5.267578125e-05,167.590187354
5.26953125e-05,168.006695205
5.271484375e-05,168.413848164
5.2734375e-05,168.811727828
5.275390625e-05,169.200418118
5.27734375e-05,169.580005209
5.279296875e-05,169.950577446
5.28125e-05,170.31222527
5.283203125e-05,170.66504114
5.28515625e-05,171.009119453
5.287109375e-05,171.344556467
5.2890625e-05,171.671450228
5.291015625e-05,171.989900486
5.29296875e-05,172.300008624
5.294921875e-05,172.601877578
5.296875e-05,172.895611765
5.298828125e-05,173.181317003
5.30078125e-05,173.459100439
5.302734375e-05,173.729070475
5.3046875e-05,173.991336691
5.306640625e-05,174.246009776
5.30859375e-05,174.49320145
5.310546875e-05,174.733024397
5.3125e-05,174.965592191
5.314453125e-05,175.191019225
5.31640625e-05,175.409420643
5.318359375e-05,175.620912269
5.3203125e-05,175.825610541
5.322265625e-05,176.023632439
5.32421875e-05,176.215095424
5.326171875e-05,176.400117368
5.328125e-05,176.57881649
5.330078125e-05,176.751311295
5.33203125e-05,176.917720504
5.333984375e-05,177.078163
5.3359375e-05,177.23275776
5.337890625e-05,177.381623798
5.33984375e-05,177.524880106
5.341796875e-05,177.662645594
5.34375e-05,177.795039033
5.345703125e-05,177.922179
5.34765625e-05,178.044183819
5.349609375e-05,178.161171513
5.3515625e-05,178.273259743
5.353515625e-05,178.380565763
5.35546875e-05,178.483206363
5.357421875e-05,178.581297821
5.359375e-05,178.674955855
5.361328125e-05,178.764295573
5.36328125e-05,178.849431425
5.365234375e-05,178.930477161
5.3671875e-05,179.00754578
5.369140625e-05,179.080749492
5.37109375e-05,179.15019967
5.373046875e-05,179.216006811
5.375e-05,179.278280491
5.376953125e-05,179.337129332
5.37890625e-05,179.392660955
5.380859375e-05,179.444981949
5.3828125e-05,179.494197827
5.384765625e-05,179.540412995
5.38671875e-05,179.583730716
5.388671875e-05,179.624253073
5.390625e-05,179.66208094
5.392578125e-05,179.697313946
5.39453125e-05,179.730050444
5.396484375e-05,179.760387484
5.3984375e-05,179.788420778
5.400390625e-05,179.814244676
5.40234375e-05,179.837952135
5.404296875e-05,179.859634694
5.40625e-05,179.879382445
5.408203125e-05,179.897284013
5.41015625e-05,179.913426525
5.412109375e-05,179.927895589
5.4140625e-05,179.940775275
5.416015625e-05,179.952148085
5.41796875e-05,179.962094939
5.419921875e-05,179.970695147
5.421875e-05,179.978026398
5.423828125e-05,179.984164733
5.42578125e-05,179.989184529
5.427734375e-05,179.993158483
5.4296875e-05,179.996157591
5.431640625e-05,179.998251137
5.43359375e-05,179.99950667
5.435546875e-05,179.999989997
5.4375e-05,179.999765159
5.439453125e-05,179.998894427
5.44140625e-05,179.997438278
5.443359375e-05,179.995455392
5.4453125e-05,179.993002632
5.447265625e-05,179.990135038
5.44921875e-05,179.986905812
5.451171875e-05,179.983366306
5.453125e-05,179.979566018
5.455078125e-05,179.975552577
5.45703125e-05,179.971371733
5.458984375e-05,179.967067353
5.4609375e-05,179.962681408
5.462890625e-05,179.958253968
5.46484375e-05,179.953823195
5.466796875e-05,179.949425331
5.46875e-05,179.945094698
5.470703125e-05,179.940863689
5.47265625e-05,179.936762759
5.474609375e-05,179.932820425
5.4765625e-05,179.929063259
5.478515625e-05,179.925515881
5.48046875e-05,179.922200959
5.482421875e-05,179.9191392
5.484375e-05,179.916349352
5.486328125e-05,179.913848197
5.48828125e-05,179.911650549
5.490234375e-05,179.909769252
5.4921875e-05,179.908215177
5.494140625e-05,179.906997223
5.49609375e-05,179.906122311
5.498046875e-05,179.905595385
5.5e-05,179.905419413
5.501953125e-05,179.905595385
5.50390625e-05,179.906122311
5.505859375e-05,179.906997223
5.5078125e-05,179.908215177
5.509765625e-05,179.909769252
5.51171875e-05,179.911650549
5.513671875e-05,179.913848197
5.515625e-05,179.916349352
5.517578125e-05,179.9191392
5.51953125e-05,179.922200959
5.521484375e-05,179.925515881
5.5234375e-05,179.929063259
5.525390625e-05,179.932820425
5.52734375e-05,179.936762759
5.529296875e-05,179.940863689
5.53125e-05,179.945094698
5.533203125e-05,179.949425331
5.53515625e-05,179.953823195
5.537109375e-05,179.958253968
5.5390625e-05,179.962681408
5.541015625e-05,179.967067353
5.54296875e-05,179.971371733
5.544921875e-05,179.975552577
5.546875e-05,179.979566018
5.548828125e-05,179.983366306
5.55078125e-05,179.986905812
5.552734375e-05,179.990135038
5.5546875e-05,179.993002632
5.556640625e-05,179.995455392
5.55859375e-05,179.997438278
5.560546875e-05,179.998894427
5.5625e-05,179.999765159
5.564453125e-05,179.999989997
5.56640625e-05,179.99950667
5.568359375e-05,179.998251137
5.5703125e-05,179.996157591
5.572265625e-05,179.993158483
5.57421875e-05,179.989184529
5.576171875e-05,179.984164733
5.578125e-05,179.978026398
5.580078125e-05,179.970695147
5.58203125e-05,179.962094939
5.583984375e-05,179.952148085
5.5859375e-05,179.940775275
5.587890625e-05,179.927895589
5.58984375e-05,179.913426525
5.591796875e-05,179.897284013
5.59375e-05,179.879382445
5.595703125e-05,179.859634694
5.59765625e-05,179.837952135
5.599609375e-05,179.814244676
5.6015625e-05,179.788420778
5.603515625e-05,179.760387484
5.60546875e-05,179.730050444
5.607421875e-05,179.697313946
5.609375e-05,179.66208094
5.611328125e-05,179.624253073
5.61328125e-05,179.583730716
5.615234375e-05,179.540412995
5.6171875e-05,179.494197827
5.619140625e-05,179.444981949
5.62109375e-05,179.392660955
5.623046875e-05,179.337129332
5.625e-05,179.278280491
5.626953125e-05,179.216006811
5.62890625e-05,179.15019967
5.630859375e-05,179.080749492
5.6328125e-05,179.00754578
5.634765625e-05,178.930477161
5.63671875e-05,178.849431425
5.638671875e-05,178.764295573
5.640625e-05,178.674955855
5.642578125e-05,178.581297821
5.64453125e-05,178.483206363
5.646484375e-05,178.380565763
5.6484375e-05,178.273259743
5.650390625e-05,178.161171513
5.65234375e-05,178.044183819
5.654296875e-05,177.922179
5.65625e-05,177.795039033
5.658203125e-05,177.662645594
5.66015625e-05,177.524880106
5.662109375e-05,177.381623798
5.6640625e-05,177.23275776
5.666015625e-05,177.078163
5.66796875e-05,176.917720504
5.669921875e-05,176.751311295
5.671875e-05,176.57881649
5.673828125e-05,176.400117368
5.67578125e-05,176.215095424
5.677734375e-05,176.023632439
5.6796875e-05,175.825610541
5.681640625e-05,175.620912269
5.68359375e-05,175.409420643
5.685546875e-05,175.191019225
5.6875e-05,174.965592191
5.689453125e-05,174.733024397
5.69140625e-05,174.49320145
5.693359375e-05,174.246009776
5.6953125e-05,173.991336691
5.697265625e-05,173.729070475
5.69921875e-05,173.459100439
5.701171875e-05,173.181317003
5.703125e-05,172.895611765
5.705078125e-05,172.601877578
5.70703125e-05,172.300008624
5.708984375e-05,171.989900486
5.7109375e-05,171.671450228
5.712890625e-05,171.344556467
5.71484375e-05,171.009119453
5.716796875e-05,170.66504114
5.71875e-05,170.31222527
5.720703125e-05,169.950577446
5.72265625e-05,169.580005209
5.724609375e-05,169.200418118
5.7265625e-05,168.811727828
5.728515625e-05,168.413848164
5.73046875e-05,168.006695205
5.732421875e-05,167.590187354
5.734375e-05,167.164245425
5.736328125e-05,166.728792714
5.73828125e-05,166.283755078
5.740234375e-05,165.829061013
5.7421875e-05,165.364641734
5.744140625e-05,164.890431245
5.74609375e-05,164.406366421
5.748046875e-05,163.91238708
5.75e-05,163.408436062
5.751953125e-05,162.8944593
5.75390625e-05,162.370405898
5.755859375e-05,161.8362282
5.7578125e-05,161.291881865
5.759765625e-05,160.737325939
5.76171875e-05,160.172522926
5.763671875e-05,159.597438854
5.765625e-05,159.012043351
5.767578125e-05,158.416309705
5.76953125e-05,157.810214935
5.771484375e-05,157.193739858
5.7734375e-05,156.566869147
5.775390625e-05,155.929591398
5.77734375e-05,155.281899191
5.779296875e-05,154.623789149
5.78125e-05,153.955261995
5.783203125e-05,153.27632261
5.78515625e-05,152.586980089
5.787109375e-05,151.88724779
5.7890625e-05,151.177143389
5.791015625e-05,150.456688927
5.79296875e-05,149.725910858
5.794921875e-05,148.984840098
5.796875e-05,148.233512059
5.798828125e-05,147.471966701
5.80078125e-05,146.700248563
5.802734375e-05,145.918406802
5.8046875e-05,145.126495229
5.806640625e-05,144.324572338
5.80859375e-05,143.512701337
5.810546875e-05,142.690950175
5.8125e-05,141.859391566
5.814453125e-05,141.01810301
5.81640625e-05,140.167166813
5.818359375e-05,139.306670101
5.8203125e-05,138.436704839
5.822265625e-05,137.557367835
5.82421875e-05,136.668760753
5.826171875e-05,135.770990114
5.828125e-05,134.864167302
5.830078125e-05,133.94840856
5.83203125e-05,133.023834986
5.833984375e-05,132.09057253
5.8359375e-05,131.148751977
5.837890625e-05,130.198508939
5.83984375e-05,129.239983838
5.841796875e-05,128.273321886
5.84375e-05,127.298673058
5.845703125e-05,126.316192074
5.84765625e-05,125.326038363
5.849609375e-05,124.328376033
5.8515625e-05,123.323373836
5.853515625e-05,122.311205128
5.85546875e-05,121.292047827
5.857421875e-05,120.266084367
5.859375e-05,119.233501648
5.861328125e-05,118.194490987
5.86328125e-05,117.149248061
5.865234375e-05,116.097972846
5.8671875e-05,115.040869558
5.869140625e-05,113.978146587
5.87109375e-05,112.910016429
5.873046875e-05,111.836695612
5.875e-05,110.758404624
5.876953125e-05,109.675367833
5.87890625e-05,108.587813408
5.880859375e-05,107.495973231
5.8828125e-05,106.400082815
5.884765625e-05,105.300381209
5.88671875e-05,104.197110907
5.888671875e-05,103.09051775
5.890625e-05,101.980850831
5.892578125e-05,100.868362388
5.89453125e-05,99.7533077011
5.896484375e-05,98.6359449867
5.8984375e-05,97.5165352853
5.900390625e-05,96.3953423499
5.90234375e-05,95.2726325301
5.904296875e-05,94.1486746548
5.90625e-05,93.0237399119
5.908203125e-05,91.8981017258
5.91015625e-05,90.772035633
5.912109375e-05,89.6458191551
5.9140625e-05,88.5197316699
5.916015625e-05,87.3940542804
5.91796875e-05,86.2690696823
5.919921875e-05,85.1450620291
5.921875e-05,84.022316796
5.923828125e-05,82.9011206417
5.92578125e-05,81.781761269
5.927734375e-05,80.6645272841
5.9296875e-05,79.5497080539
5.931640625e-05,78.4375935629
5.93359375e-05,77.3284742686
5.935546875e-05,76.2226409554
5.9375e-05,75.1203845886
5.939453125e-05,74.0219961669
5.94140625e-05,72.9277665742
5.943359375e-05,71.8379864312
5.9453125e-05,70.752945946
5.947265625e-05,69.6729347651
5.94921875e-05,68.5982418234
5.951171875e-05,67.5291551943
5.953125e-05,66.4659619403
5.955078125e-05,65.4089479627
5.95703125e-05,64.3583978526
5.958984375e-05,63.3145947416
5.9609375e-05,62.2778201527
5.962890625e-05,61.2483538527
5.96484375e-05,60.2264737045
5.966796875e-05,59.2124555202
5.96875e-05,58.206572916
5.970703125e-05,57.2090971667
5.97265625e-05,56.2202970627
5.974609375e-05,55.2404387675
5.9765625e-05,54.2697856769
5.978515625e-05,53.3085982792
5.98046875e-05,52.357134018
5.982421875e-05,51.4156471554
5.984375e-05,50.484388638
5.986328125e-05,49.5636059647
5.98828125e-05,48.6535430558
5.990234375e-05,47.7544401254
5.9921875e-05,46.8665335549
5.994140625e-05,45.9900557695
5.99609375e-05,45.125235117
5.998046875e-05,44.272295749
6e-05,43.431457505
6.001953125e-05,42.6029357986
6.00390625e-05,41.7869415075
6.005859375e-05,40.9836808651
6.0078125e-05,40.1933553562
6.009765625e-05,39.4161616154
6.01171875e-05,38.652291328
6.013671875e-05,37.9019311352
6.015625e-05,37.1652625416
6.017578125e-05,36.4424618264
6.01953125e-05,35.7336999584
6.021484375e-05,35.0391425136
6.0234375e-05,34.3589495972
6.025390625e-05,33.6932757686
6.02734375e-05,33.0422699702
6.029296875e-05,32.4060754599
6.03125e-05,31.7848297474
6.033203125e-05,31.1786645339
6.03515625e-05,30.5877056564
6.037109375e-05,30.0120730347
6.0390625e-05,29.4518806233
6.041015625e-05,28.9072363665
6.04296875e-05,28.3782421579
6.044921875e-05,27.8649938035
6.046875e-05,27.3675809887
6.048828125e-05,26.8860872499
6.05078125e-05,26.4205899491
6.052734375e-05,25.9711602532
6.0546875e-05,25.537863117
6.056640625e-05,25.1207572703
6.05859375e-05,24.7198952089
6.060546875e-05,24.3353231893
6.0625e-05,23.9670812279
6.064453125e-05,23.6152031038
6.06640625e-05,23.279716365
6.068359375e-05,22.96064234
6.0703125e-05,22.6579961513
6.072265625e-05,22.371786734
6.07421875e-05,22.1020168582
6.076171875e-05,21.8486831543
6.078125e-05,21.611776143
6.080078125e-05,21.391280268
6.08203125e-05,21.1871739332
6.083984375e-05,20.999429543
6.0859375e-05,20.8280135459
6.087890625e-05,20.6728864823
6.08984375e-05,20.5340030349
6.091796875e-05,20.4113120829
6.09375e-05,20.3047567593
6.095703125e-05,20.2142745115
6.09765625e-05,20.1397971652
6.099609375e-05,20.0812509905
6.1015625e-05,20.0385567725
6.103515625e-05,20.0116298832
6.10546875e-05,20.0003803576
6.107421875e-05,20.0047129714
6.109375e-05,20.0245273224
6.111328125e-05,20.0597179136
6.11328125e-05,20.1101742394
6.115234375e-05,20.1757808741
6.1171875e-05,20.2564175624
6.119140625e-05,20.3519593126
6.12109375e-05,20.4622764916
6.123046875e-05,20.5872349221
6.125e-05,20.7266959818
6.126953125e-05,20.8805167041
6.12890625e-05,21.0485498815
6.130859375e-05,21.2306441692
6.1328125e-05,21.4266441918
6.134765625e-05,21.6363906505
6.13671875e-05,21.859720432
6.138671875e-05,22.0964667186
6.140625e-05,22.3464590996
6.142578125e-05,22.6095236838
6.14453125e-05,22.8854832128
6.146484375e-05,23.1741571753
6.1484375e-05,23.4753619223
6.150390625e-05,23.7889107831
6.15234375e-05,24.1146141812
6.154296875e-05,24.4522797515
6.15625e-05,24.8017124578
6.158203125e-05,25.1627147101
6.16015625e-05,25.5350864827
6.162109375e-05,25.9186254321
6.1640625e-05,26.3131270149
6.166015625e-05,26.7183846061
6.16796875e-05,27.1341896167
6.169921875e-05,27.5603316112
6.171875e-05,27.9965984251
6.173828125e-05,28.4427762816
6.17578125e-05,28.8986499081
6.177734375e-05,29.3640026521
6.1796875e-05,29.8386165961
6.181640625e-05,30.3222726721
6.18359375e-05,30.8147507754
6.185546875e-05,31.3158298772
6.1875e-05,31.8252881362
6.189453125e-05,32.3429030098
6.19140625e-05,32.8684513632
6.193359375e-05,33.4017095782
6.1953125e-05,33.9424536605
6.197265625e-05,34.4904593453
6.19921875e-05,35.045502202
6.201171875e-05,35.6073577376
6.203125e-05,36.1758014979
6.205078125e-05,36.750609168
6.20703125e-05,37.3315566707
6.208984375e-05,37.9184202634
6.2109375e-05,38.5109766332
6.212890625e-05,39.1090029906
6.21484375e-05,39.7122771609
6.216796875e-05,40.3205776743
6.21875e-05,40.9336838537
6.220703125e-05,41.551375901
6.22265625e-05,42.1734349812
6.224609375e-05,42.7996433043
6.2265625e-05,43.429784206
6.228515625e-05,44.0636422254
6.23046875e-05,44.7010031813
6.232421875e-05,45.3416542464
6.234375e-05,45.9853840188
6.236328125e-05,46.6319825922
6.23828125e-05,47.2812416233
6.240234375e-05,47.9329543975
6.2421875e-05,48.5869158922
6.244140625e-05,49.2429228378
6.24609375e-05,49.900773777
6.248046875e-05,50.5602691213
6.25e-05,51.2212112057
6.251953125e-05,51.8834043412
6.25390625e-05,52.5466548648
6.255859375e-05,53.2107711878
6.2578125e-05,53.875563841
6.259765625e-05,54.5408455192
6.26171875e-05,55.2064311219
6.263671875e-05,55.8721377926
6.265625e-05,56.5377849565
6.267578125e-05,57.2031943546
6.26953125e-05,57.8681900773
6.271484375e-05,58.5325985942
6.2734375e-05,59.1962487835
6.275390625e-05,59.858971958
6.27734375e-05,60.5206018895
6.279296875e-05,61.1809748314
6.28125e-05,61.8399295389
6.283203125e-05,62.4973072871
6.28515625e-05,63.1529518878
6.287109375e-05,63.8067097036
6.2890625e-05,64.4584296604
6.291015625e-05,65.1079632581
6.29296875e-05,65.7551645792
6.294921875e-05,66.3998902957
6.296875e-05,67.0419996745
6.298828125e-05,67.68135458
6.30078125e-05,68.3178194765
6.302734375e-05,68.9512614276
6.3046875e-05,69.5815500944
6.306640625e-05,70.2085577323
6.30859375e-05,70.8321591858
6.310546875e-05,71.4522318823
6.3125e-05,72.0686558233
6.314453125e-05,72.6813135755
6.31640625e-05,73.2900902597
6.318359375e-05,73.8948735378
6.3203125e-05,74.4955536
6.322265625e-05,75.0920231485
6.32421875e-05,75.6841773824
6.326171875e-05,76.2719139791
6.328125e-05,76.8551330757
6.330078125e-05,77.4337372493
6.33203125e-05,78.0076314956
6.333984375e-05,78.5767232068
6.3359375e-05,79.1409221483
6.337890625e-05,79.7001404345
6.33984375e-05,80.2542925037
6.341796875e-05,80.8032950917
6.34375e-05,81.3470672053
6.345703125e-05,81.8855300941
6.34765625e-05,82.4186072218
6.349609375e-05,82.9462242373
6.3515625e-05,83.4683089442
6.353515625e-05,83.9847912704
6.35546875e-05,84.4956032363
6.357421875e-05,85.0006789232
6.359375e-05,85.4999544407
6.361328125e-05,85.9933678935
6.36328125e-05,86.4808593481
6.365234375e-05,86.9623707987
6.3671875e-05,87.4378461329
6.369140625e-05,87.9072310972
6.37109375e-05,88.3704732616
6.373046875e-05,88.8275219845
6.375e-05,89.2783283772
6.376953125e-05,89.7228452678
6.37890625e-05,90.1610271657
6.380859375e-05,90.5928302251
6.3828125e-05,91.018212209
6.384765625e-05,91.4371324528
6.38671875e-05,91.8495518281
6.388671875e-05,92.2554327061
6.390625e-05,92.6547389213
6.392578125e-05,93.0474357357
6.39453125e-05,93.4334898019
6.396484375e-05,93.8128691274
6.3984375e-05,94.1855430387
6.400390625e-05,94.5514821453
6.40234375e-05,94.9106583042
6.404296875e-05,95.2630445849
6.40625e-05,95.6086152336
6.408203125e-05,95.947345639
6.41015625e-05,96.2792122977
6.412109375e-05,96.6041927798
6.4140625e-05,96.9222656951
6.416015625e-05,97.23341066
6.41796875e-05,97.537608264
6.419921875e-05,97.8348400378
6.421875e-05,98.1250884202
6.423828125e-05,98.4083367272
6.42578125e-05,98.6845691207
6.427734375e-05,98.9537705775
6.4296875e-05,99.2159268594
6.431640625e-05,99.4710244837
6.43359375e-05,99.719050694
6.435546875e-05,99.9599934319
6.4375e-05,100.193841309
6.439453125e-05,100.420583581
6.44140625e-05,100.640210118
6.443359375e-05,100.852711383
6.4453125e-05,101.058078402
6.447265625e-05,101.256302745
6.44921875e-05,101.447376495
6.451171875e-05,101.631292233
6.453125e-05,101.808043008
6.455078125e-05,101.977622323
6.45703125e-05,102.140024106
6.458984375e-05,102.295242697
6.4609375e-05,102.443272823
6.462890625e-05,102.584109585
6.46484375e-05,102.717748435
6.466796875e-05,102.844185163
6.46875e-05,102.963415878
6.470703125e-05,103.075436996
6.47265625e-05,103.18024522
6.474609375e-05,103.277837534
6.4765625e-05,103.368211184
6.478515625e-05,103.451363667
6.48046875e-05,103.527292723
6.482421875e-05,103.595996324
6.484375e-05,103.657472659
6.486328125e-05,103.711720136
6.48828125e-05,103.758737364
6.490234375e-05,103.798523152
6.4921875e-05,103.831076504
6.494140625e-05,103.856396609
6.49609375e-05,103.874482842
6.498046875e-05,103.88533476
6.5e-05,103.888952095
6.501953125e-05,103.88533476
6.50390625e-05,103.874482842
6.505859375e-05,103.856396609
6.5078125e-05,103.831076504
6.509765625e-05,103.798523152
6.51171875e-05,103.758737364
6.513671875e-05,103.711720136
6.515625e-05,103.657472659
6.517578125e-05,103.595996324
6.51953125e-05,103.527292723
6.521484375e-05,103.451363667
6.5234375e-05,103.368211184
6.525390625e-05,103.277837534
6.52734375e-05,103.18024522
6.529296875e-05,103.075436996
6.53125e-05,102.963415878
6.533203125e-05,102.844185163
6.53515625e-05,102.717748435
6.537109375e-05,102.584109585
6.5390625e-05,102.443272823
6.541015625e-05,102.295242697
6.54296875e-05,102.140024106
6.544921875e-05,101.977622323
6.546875e-05,101.808043008
6.548828125e-05,101.631292233
6.55078125e-05,101.447376495
6.552734375e-05,101.256302745
6.5546875e-05,101.058078402
6.556640625e-05,100.852711383
6.55859375e-05,100.640210118
6.560546875e-05,100.420583581
6.5625e-05,100.193841309
6.564453125e-05,99.9599934319
6.56640625e-05,99.719050694
6.568359375e-05,99.4710244837
6.5703125e-05,99.2159268594
6.572265625e-05,98.9537705775
6.57421875e-05,98.6845691207
6.576171875e-05,98.4083367272
6.578125e-05,98.1250884202
6.580078125e-05,97.8348400378
6.58203125e-05,97.537608264
6.583984375e-05,97.23341066
6.5859375e-05,96.9222656951
6.587890625e-05,96.6041927798
6.58984375e-05,96.2792122977
6.591796875e-05,95.947345639
6.59375e-05,95.6086152336
6.595703125e-05,95.2630445849
6.59765625e-05,94.9106583042
6.599609375e-05,94.5514821453
6.6015625e-05,94.1855430387
6.603515625e-05,93.8128691274
6.60546875e-05,93.4334898019
6.607421875e-05,93.0474357357
6.609375e-05,92.6547389213
6.611328125e-05,92.2554327061
6.61328125e-05,91.8495518281
6.615234375e-05,91.4371324528
6.6171875e-05,91.018212209
6.619140625e-05,90.5928302251
6.62109375e-05,90.1610271657
6.623046875e-05,89.7228452678
6.625e-05,89.2783283772
6.626953125e-05,88.8275219845
6.62890625e-05,88.3704732616
6.630859375e-05,87.9072310972
6.6328125e-05,87.4378461329
6.634765625e-05,86.9623707987
6.63671875e-05,86.4808593481
6.638671875e-05,85.9933678935
6.640625e-05,85.4999544407
6.642578125e-05,85.0006789232
6.64453125e-05,84.4956032363
6.646484375e-05,83.9847912704
6.6484375e-05,83.4683089442
6.650390625e-05,82.9462242373
6.65234375e-05,82.4186072218
6.654296875e-05,81.8855300941
6.65625e-05,81.3470672053
6.658203125e-05,80.8032950917
6.66015625e-05,80.2542925037
6.662109375e-05,79.7001404345
6.6640625e-05,79.1409221483
6.666015625e-05,78.5767232068
6.66796875e-05,78.0076314956
6.669921875e-05,77.4337372493
6.671875e-05,76.8551330757
6.673828125e-05,76.2719139791
6.67578125e-05,75.6841773824
6.677734375e-05,75.0920231485
6.6796875e-05,74.4955536
6.681640625e-05,73.8948735378
6.68359375e-05,73.2900902597
6.685546875e-05,72.6813135755
6.6875e-05,72.0686558233
6.689453125e-05,71.4522318823
6.69140625e-05,70.8321591858
6.693359375e-05,70.2085577323
6.6953125e-05,69.5815500944
6.697265625e-05,68.9512614276
6.69921875e-05,68.3178194765
6.701171875e-05,67.68135458
6.703125e-05,67.0419996745
6.705078125e-05,66.3998902957
6.70703125e-05,65.7551645792
6.708984375e-05,65.1079632581
6.7109375e-05,64.4584296604
6.712890625e-05,63.8067097036
6.71484375e-05,63.1529518878
6.716796875e-05,62.4973072871
6.71875e-05,61.8399295389
6.720703125e-05,61.1809748314
6.72265625e-05,60.5206018895
6.724609375e-05,59.858971958
6.7265625e-05,59.1962487835
6.728515625e-05,58.5325985942
6.73046875e-05,57.8681900773
6.732421875e-05,57.2031943546
6.734375e-05,56.5377849565
6.736328125e-05,55.8721377926
6.73828125e-05,55.2064311219
6.740234375e-05,54.5408455192
6.7421875e-05,53.875563841
6.744140625e-05,53.2107711878
6.74609375e-05,52.5466548648
6.748046875e-05,51.8834043412
6.75e-05,51.2212112057
6.751953125e-05,50.5602691213
6.75390625e-05,49.900773777
6.755859375e-05,49.2429228378
6.7578125e-05,48.5869158922
6.759765625e-05,47.9329543975
6.76171875e-05,47.2812416233
6.763671875e-05,46.6319825922
6.765625e-05,45.9853840188
6.767578125e-05,45.3416542464
6.76953125e-05,44.7010031813
6.771484375e-05,44.0636422254
6.7734375e-05,43.429784206
6.775390625e-05,42.7996433043
6.77734375e-05,42.1734349812
6.779296875e-05,41.551375901
6.78125e-05,40.9336838537
6.783203125e-05,40.3205776743
6.78515625e-05,39.7122771609
6.787109375e-05,39.1090029906
6.7890625e-05,38.5109766332
6.791015625e-05,37.9184202634
6.79296875e-05,37.3315566707
6.794921875e-05,36.750609168
6.796875e-05,36.1758014979
6.798828125e-05,35.6073577376
6.80078125e-05,35.045502202
6.802734375e-05,34.4904593453
6.8046875e-05,33.9424536605
6.806640625e-05,33.4017095782
6.80859375e-05,32.8684513632
6.810546875e-05,32.3429030098
6.8125e-05,31.8252881362
6.814453125e-05,31.3158298772
6.81640625e-05,30.8147507754
6.818359375e-05,30.3222726721
6.8203125e-05,29.8386165961
6.822265625e-05,29.3640026521
6.82421875e-05,28.8986499081
6.826171875e-05,28.4427762816
6.828125e-05,27.9965984251
6.830078125e-05,27.5603316112
6.83203125e-05,27.1341896167
6.833984375e-05,26.7183846061
6.8359375e-05,26.3131270149
6.837890625e-05,25.9186254321
6.83984375e-05,25.5350864827
6.841796875e-05,25.1627147101
6.84375e-05,24.8017124578
6.845703125e-05,24.4522797515
6.84765625e-05,24.1146141812
6.849609375e-05,23.7889107831
6.8515625e-05,23.4753619223
6.853515625e-05,23.1741571753
6.85546875e-05,22.8854832128
6.857421875e-05,22.6095236838
6.859375e-05,22.3464590996
6.861328125e-05,22.0964667186
6.86328125e-05,21.859720432
6.865234375e-05,21.6363906505
6.8671875e-05,21.4266441918
6.869140625e-05,21.2306441692
6.87109375e-05,21.0485498815
6.873046875e-05,20.8805167041
6.875e-05,20.7266959818
6.876953125e-05,20.5872349221
6.87890625e-05,20.4622764916
6.880859375e-05,20.3519593126
6.8828125e-05,20.2564175624
6.884765625e-05,20.1757808741
6.88671875e-05,20.1101742394
6.888671875e-05,20.0597179136
6.890625e-05,20.0245273224
6.892578125e-05,20.0047129714
6.89453125e-05,20.0003803576
6.896484375e-05,20.0116298832
6.8984375e-05,20.0385567725
6.900390625e-05,20.0812509905
6.90234375e-05,20.1397971652
6.904296875e-05,20.2142745115
6.90625e-05,20.3047567593
6.908203125e-05,20.4113120829
6.91015625e-05,20.5340030349
6.912109375e-05,20.6728864823
6.9140625e-05,20.8280135459
6.916015625e-05,20.999429543
6.91796875e-05,21.1871739332
6.919921875e-05,21.391280268
6.921875e-05,21.611776143
6.923828125e-05,21.8486831543
6.92578125e-05,22.1020168582
6.927734375e-05,22.371786734
6.9296875e-05,22.6579961513
6.931640625e-05,22.96064234
6.93359375e-05,23.279716365
6.935546875e-05,23.6152031038
6.9375e-05,23.9670812279
6.939453125e-05,24.3353231893
6.94140625e-05,24.7198952089
6.943359375e-05,25.1207572703
6.9453125e-05,25.537863117
6.947265625e-05,25.9711602532
6.94921875e-05,26.4205899491
6.951171875e-05,26.8860872499
6.953125e-05,27.3675809887
6.955078125e-05,27.8649938035
6.95703125e-05,28.3782421579
6.958984375e-05,28.9072363665
6.9609375e-05,29.4518806233
6.962890625e-05,30.0120730347
6.96484375e-05,30.5877056564
6.966796875e-05,31.1786645339
6.96875e-05,31.7848297474
6.970703125e-05,32.4060754599
6.97265625e-05,33.0422699702
6.974609375e-05,33.6932757686
6.9765625e-05,34.3589495972
6.978515625e-05,35.0391425136
6.98046875e-05,35.7336999584
6.982421875e-05,36.4424618264
6.984375e-05,37.1652625416
6.986328125e-05,37.9019311352
6.98828125e-05,38.652291328
6.990234375e-05,39.4161616154
6.9921875e-05,40.1933553562
6.994140625e-05,40.9836808651
6.99609375e-05,41.7869415075
6.998046875e-05,42.6029357986
7e-05,43.431457505
7.001953125e-05,44.272295749
7.00390625e-05,45.125235117
7.005859375e-05,45.9900557695
7.0078125e-05,46.8665335549
7.009765625e-05,47.7544401254
7.01171875e-05,48.6535430558
7.013671875e-05,49.5636059647
7.015625e-05,50.484388638
7.017578125e-05,51.4156471554
7.01953125e-05,52.357134018
7.021484375e-05,53.3085982792
7.0234375e-05,54.2697856769
7.025390625e-05,55.2404387675
7.02734375e-05,56.2202970627
7.029296875e-05,57.2090971667
7.03125e-05,58.206572916
7.033203125e-05,59.2124555202
7.03515625e-05,60.2264737045
7.037109375e-05,61.2483538527
7.0390625e-05,62.2778201527
7.041015625e-05,63.3145947416
7.04296875e-05,64.3583978526
7.044921875e-05,65.4089479627
7.046875e-05,66.4659619403
7.048828125e-05,67.5291551943
7.05078125e-05,68.5982418234
7.052734375e-05,69.6729347651
7.0546875e-05,70.752945946
7.056640625e-05,71.8379864312
7.05859375e-05,72.9277665742
7.060546875e-05,74.0219961669
7.0625e-05,75.1203845886
7.064453125e-05,76.2226409554
7.06640625e-05,77.3284742686
7.068359375e-05,78.4375935629
7.0703125e-05,79.5497080539
7.072265625e-05,80.6645272841
7.07421875e-05,81.781761269
7.076171875e-05,82.9011206417
7.078125e-05,84.022316796
7.080078125e-05,85.1450620291
7.08203125e-05,86.2690696823
7.083984375e-05,87.3940542804
7.0859375e-05,88.5197316699
7.087890625e-05,89.6458191551
7.08984375e-05,90.772035633
7.091796875e-05,91.8981017258
7.09375e-05,93.0237399119
7.095703125e-05,94.1486746548
7.09765625e-05,95.2726325301
7.099609375e-05,96.3953423499
7.1015625e-05,97.5165352853
7.103515625e-05,98.6359449867
7.10546875e-05,99.7533077011
7.107421875e-05,100.868362388
7.109375e-05,101.980850831
7.111328125e-05,103.09051775
7.11328125e-05,104.197110907
7.115234375e-05,105.300381209
7.1171875e-05,106.400082815
7.119140625e-05,107.495973231
7.12109375e-05,108.587813408
7.123046875e-05,109.675367833
7.125e-05,110.758404624
7.126953125e-05,111.836695612
7.12890625e-05,112.910016429
7.130859375e-05,113.978146587
7.1328125e-05,115.040869558
7.134765625e-05,116.097972846
7.13671875e-05,117.149248061
7.138671875e-05,118.194490987
7.140625e-05,119.233501648
7.142578125e-05,120.266084367
7.14453125e-05,121.292047827
7.146484375e-05,122.311205128
7.1484375e-05,123.323373836
7.150390625e-05,124.328376033
7.15234375e-05,125.326038363
7.154296875e-05,126.316192074
7.15625e-05,127.298673058
7.158203125e-05,128.273321886
7.16015625e-05,129.239983838
7.162109375e-05,130.198508939
7.1640625e-05,131.148751977
7.166015625e-05,132.09057253
7.16796875e-05,133.023834986
7.169921875e-05,133.94840856
7.171875e-05,134.864167302
7.173828125e-05,135.770990114
7.17578125e-05,136.668760753
7.177734375e-05,137.557367835
7.1796875e-05,138.436704839
7.181640625e-05,139.306670101
7.18359375e-05,140.167166813
7.185546875e-05,141.01810301
7.1875e-05,141.859391566
7.189453125e-05,142.690950175
7.19140625e-05,143.512701337
7.193359375e-05,144.324572338
7.1953125e-05,145.126495229
7.197265625e-05,145.918406802
7.19921875e-05,146.700248563
7.201171875e-05,147.471966701
7.203125e-05,148.233512059
7.205078125e-05,148.984840098
7.20703125e-05,149.725910858
7.208984375e-05,150.456688927
7.2109375e-05,151.177143389
7.212890625e-05,151.88724779
7.21484375e-05,152.586980089
7.216796875e-05,153.27632261
7.21875e-05,153.955261995
7.220703125e-05,154.623789149
7.22265625e-05,155.281899191
7.224609375e-05,155.929591398
7.2265625e-05,156.566869147
7.228515625e-05,157.193739858
7.23046875e-05,157.810214935
7.232421875e-05,158.416309705
7.234375e-05,159.012043351
7.236328125e-05,159.597438854
7.23828125e-05,160.172522926
7.240234375e-05,160.737325939
7.2421875e-05,161.291881865
7.244140625e-05,161.8362282
7.24609375e-05,162.370405898
7.248046875e-05,162.8944593
7.25e-05,163.408436062
7.251953125e-05,163.91238708
7.25390625e-05,164.406366421
7.255859375e-05,164.890431245
7.2578125e-05,165.364641734
7.259765625e-05,165.829061013
7.26171875e-05,166.283755078
7.263671875e-05,166.728792714
7.265625e-05,167.164245425
7.267578125e-05,167.590187354
7.26953125e-05,168.006695205
7.271484375e-05,168.413848164
7.2734375e-05,168.811727828
7.275390625e-05,169.200418118
7.27734375e-05,169.580005209
7.279296875e-05,169.950577446
7.28125e-05,170.31222527
7.283203125e-05,170.66504114
7.28515625e-05,171.009119453
7.287109375e-05,171.344556467
7.2890625e-05,171.671450228
7.291015625e-05,171.989900486
7.29296875e-05,172.300008624
7.294921875e-05,172.601877578
7.296875e-05,172.895611765
7.298828125e-05,173.181317003
7.30078125e-05,173.459100439
7.302734375e-05,173.729070475
7.3046875e-05,173.991336691
7.306640625e-05,174.246009776
7.30859375e-05,174.49320145
7.310546875e-05,174.733024397
7.3125e-05,174.965592191
7.314453125e-05,175.191019225
7.31640625e-05,175.409420643
7.318359375e-05,175.620912269
7.3203125e-05,175.825610541
7.322265625e-05,176.023632439
7.32421875e-05,176.215095424
7.326171875e-05,176.400117368
7.328125e-05,176.57881649
7.330078125e-05,176.751311295
7.33203125e-05,176.917720504
7.333984375e-05,177.078163
7.3359375e-05,177.23275776
7.337890625e-05,177.381623798
7.33984375e-05,177.524880106
7.341796875e-05,177.662645594
7.34375e-05,177.795039033
7.345703125e-05,177.922179
7.34765625e-05,178.044183819
7.349609375e-05,178.161171513
7.3515625e-05,178.273259743
7.353515625e-05,178.380565763
7.35546875e-05,178.483206363
7.357421875e-05,178.581297821
7.359375e-05,178.674955855
7.361328125e-05,178.764295573
7.36328125e-05,178.849431425
7.365234375e-05,178.930477161
7.3671875e-05,179.00754578
7.369140625e-05,179.080749492
7.37109375e-05,179.15019967
7.373046875e-05,179.216006811
7.375e-05,179.278280491
7.376953125e-05,179.337129332
7.37890625e-05,179.392660955
7.380859375e-05,179.444981949
7.3828125e-05,179.494197827
7.384765625e-05,179.540412995
7.38671875e-05,179.583730716
7.388671875e-05,179.624253073
7.390625e-05,179.66208094
7.392578125e-05,179.697313946
7.39453125e-05,179.730050444
7.396484375e-05,179.760387484
7.3984375e-05,179.788420778
7.400390625e-05,179.814244676
7.40234375e-05,179.837952135
7.404296875e-05,179.859634694
7.40625e-05,179.879382445
7.408203125e-05,179.897284013
7.41015625e-05,179.913426525
7.412109375e-05,179.927895589
7.4140625e-05,179.940775275
7.416015625e-05,179.952148085
7.41796875e-05,179.962094939
7.419921875e-05,179.970695147
7.421875e-05,179.978026398
7.423828125e-05,179.984164733
7.42578125e-05,179.989184529
7.427734375e-05,179.993158483
7.4296875e-05,179.996157591
7.431640625e-05,179.998251137
7.43359375e-05,179.99950667
7.435546875e-05,179.999989997
7.4375e-05,179.999765159
7.439453125e-05,179.998894427
7.44140625e-05,179.997438278
7.443359375e-05,179.995455392
7.4453125e-05,179.993002632
7.447265625e-05,179.990135038
7.44921875e-05,179.986905812
7.451171875e-05,179.983366306
7.453125e-05,179.979566018
7.455078125e-05,179.975552577
7.45703125e-05,179.971371733
7.458984375e-05,179.967067353
7.4609375e-05,179.962681408
7.462890625e-05,179.958253968
7.46484375e-05,179.953823195
7.466796875e-05,179.949425331
7.46875e-05,179.945094698
7.470703125e-05,179.940863689
7.47265625e-05,179.936762759
7.474609375e-05,179.932820425
7.4765625e-05,179.929063259
7.478515625e-05,179.925515881
7.48046875e-05,179.922200959
7.482421875e-05,179.9191392
7.484375e-05,179.916349352
7.486328125e-05,179.913848197
7.48828125e-05,179.911650549
7.490234375e-05,179.909769252
7.4921875e-05,179.908215177
7.494140625e-05,179.906997223
7.49609375e-05,179.906122311
7.498046875e-05,179.905595385
7.5e-05,179.905419413
7.501953125e-05,179.905595385
7.50390625e-05,179.906122311
7.505859375e-05,179.906997223
7.5078125e-05,179.908215177
7.509765625e-05,179.909769252
7.51171875e-05,179.911650549
7.513671875e-05,179.913848197
7.515625e-05,179.916349352
7.517578125e-05,179.9191392
7.51953125e-05,179.922200959
7.521484375e-05,179.925515881
7.5234375e-05,179.929063259
7.525390625e-05,179.932820425
7.52734375e-05,179.936762759
7.529296875e-05,179.940863689
7.53125e-05,179.945094698
7.533203125e-05,179.949425331
7.53515625e-05,179.953823195
7.537109375e-05,179.958253968
7.5390625e-05,179.962681408
7.541015625e-05,179.967067353
7.54296875e-05,179.971371733
7.544921875e-05,179.975552577
7.546875e-05,179.979566018
7.548828125e-05,179.983366306
7.55078125e-05,179.986905812
7.552734375e-05,179.990135038
7.5546875e-05,179.993002632
7.556640625e-05,179.995455392
7.55859375e-05,179.997438278
7.560546875e-05,179.998894427
7.5625e-05,179.999765159
7.564453125e-05,179.999989997
7.56640625e-05,179.99950667
7.568359375e-05,179.998251137
7.5703125e-05,179.996157591
7.572265625e-05,179.993158483
7.57421875e-05,179.989184529
7.576171875e-05,179.984164733
7.578125e-05,179.978026398
7.580078125e-05,179.970695147
7.58203125e-05,179.962094939
7.583984375e-05,179.952148085
7.5859375e-05,179.940775275
7.587890625e-05,179.927895589
7.58984375e-05,179.913426525
7.591796875e-05,179.897284013
7.59375e-05,179.879382445
7.595703125e-05,179.859634694
7.59765625e-05,179.837952135
7.599609375e-05,179.814244676
7.6015625e-05,179.788420778
7.603515625e-05,179.760387484
7.60546875e-05,179.730050444
7.607421875e-05,179.697313946
7.609375e-05,179.66208094
7.611328125e-05,179.624253073
7.61328125e-05,179.583730716
7.615234375e-05,179.540412995
7.6171875e-05,179.494197827
7.619140625e-05,179.444981949
7.62109375e-05,179.392660955
7.623046875e-05,179.337129332
7.625e-05,179.278280491
7.626953125e-05,179.216006811
7.62890625e-05,179.15019967
7.630859375e-05,179.080749492
7.6328125e-05,179.00754578
7.634765625e-05,178.930477161
7.63671875e-05,178.849431425
7.638671875e-05,178.764295573
7.640625e-05,178.674955855
7.642578125e-05,178.581297821
7.64453125e-05,178.483206363
7.646484375e-05,178.380565763
7.6484375e-05,178.273259743
7.650390625e-05,178.161171513
7.65234375e-05,178.044183819
7.654296875e-05,177.922179
7.65625e-05,177.795039033
7.658203125e-05,177.662645594
7.66015625e-05,177.524880106
7.662109375e-05,177.381623798
7.6640625e-05,177.23275776
7.666015625e-05,177.078163
7.66796875e-05,176.917720504
7.669921875e-05,176.751311295
7.671875e-05,176.57881649
7.673828125e-05,176.400117368
7.67578125e-05,176.215095424
7.677734375e-05,176.023632439
7.6796875e-05,175.825610541
7.681640625e-05,175.620912269
7.68359375e-05,175.409420643
7.685546875e-05,175.191019225
7.6875e-05,174.965592191
7.689453125e-05,174.733024397
7.69140625e-05,174.49320145
7.693359375e-05,174.246009776
7.6953125e-05,173.991336691
7.697265625e-05,173.729070475
7.69921875e-05,173.459100439
7.701171875e-05,173.181317003
7.703125e-05,172.895611765
7.705078125e-05,172.601877578
7.70703125e-05,172.300008624
7.708984375e-05,171.989900486
7.7109375e-05,171.671450228
7.712890625e-05,171.344556467
7.71484375e-05,171.009119453
7.716796875e-05,170.66504114
7.71875e-05,170.31222527
7.720703125e-05,169.950577446
7.72265625e-05,169.580005209
7.724609375e-05,169.200418118
7.7265625e-05,168.811727828
7.728515625e-05,168.413848164
7.73046875e-05,168.006695205
7.732421875e-05,167.590187354
7.734375e-05,167.164245425
7.736328125e-05,166.728792714
7.73828125e-05,166.283755078
7.740234375e-05,165.829061013
7.7421875e-05,165.364641734
7.744140625e-05,164.890431245
7.74609375e-05,164.406366421
7.748046875e-05,163.91238708
7.75e-05,163.408436062
7.751953125e-05,162.8944593
7.75390625e-05,162.370405898
7.755859375e-05,161.8362282
7.7578125e-05,161.291881865
7.759765625e-05,160.737325939
7.76171875e-05,160.172522926
7.763671875e-05,159.597438854
7.765625e-05,159.012043351
7.767578125e-05,158.416309705
7.76953125e-05,157.810214935
7.771484375e-05,157.193739858
7.7734375e-05,156.566869147
7.775390625e-05,155.929591398
7.77734375e-05,155.281899191
7.779296875e-05,154.623789149
7.78125e-05,153.955261995
7.783203125e-05,153.27632261
7.78515625e-05,152.586980089
7.787109375e-05,151.88724779
7.7890625e-05,151.177143389
7.791015625e-05,150.456688927
7.79296875e-05,149.725910858
7.794921875e-05,148.984840098
7.796875e-05,148.233512059
7.798828125e-05,147.471966701
7.80078125e-05,146.700248563
7.802734375e-05,145.918406802
7.8046875e-05,145.126495229
7.806640625e-05,144.324572338
7.80859375e-05,143.512701337
7.810546875e-05,142.690950175
7.8125e-05,141.859391566
7.814453125e-05,141.01810301
7.81640625e-05,140.167166813
7.818359375e-05,139.306670101
7.8203125e-05,138.436704839
7.822265625e-05,137.557367835
7.82421875e-05,136.668760753
7.826171875e-05,135.770990114
7.828125e-05,134.864167302
7.830078125e-05,133.94840856
7.83203125e-05,133.023834986
7.833984375e-05,132.09057253
7.8359375e-05,131.148751977
7.837890625e-05,130.198508939
7.83984375e-05,129.239983838
7.841796875e-05,128.273321886
7.84375e-05,127.298673058
7.845703125e-05,126.316192074
7.84765625e-05,125.326038363
7.849609375e-05,124.328376033
7.8515625e-05,123.323373836
7.853515625e-05,122.311205128
7.85546875e-05,121.292047827
7.857421875e-05,120.266084367
7.859375e-05,119.233501648
7.861328125e-05,118.194490987
7.86328125e-05,117.149248061
7.865234375e-05,116.097972846
7.8671875e-05,115.040869558
7.869140625e-05,113.978146587
7.87109375e-05,112.910016429
7.873046875e-05,111.836695612
7.875e-05,110.758404624
7.876953125e-05,109.675367833
7.87890625e-05,108.587813408
7.880859375e-05,107.495973231
7.8828125e-05,106.400082815
7.884765625e-05,105.300381209
7.88671875e-05,104.197110907
7.888671875e-05,103.09051775
7.890625e-05,101.980850831
7.892578125e-05,100.868362388
7.89453125e-05,99.7533077011
7.896484375e-05,98.6359449867
7.8984375e-05,97.5165352853
7.900390625e-05,96.3953423499
7.90234375e-05,95.2726325301
7.904296875e-05,94.1486746548
7.90625e-05,93.0237399119
7.908203125e-05,91.8981017258
7.91015625e-05,90.772035633
7.912109375e-05,89.6458191551
7.9140625e-05,88.5197316699
7.916015625e-05,87.3940542804
7.91796875e-05,86.2690696823
7.919921875e-05,85.1450620291
7.921875e-05,84.022316796
7.923828125e-05,82.9011206417
7.92578125e-05,81.781761269
7.927734375e-05,80.6645272841
7.9296875e-05,79.5497080539
7.931640625e-05,78.4375935629
7.93359375e-05,77.3284742686
7.935546875e-05,76.2226409554
7.9375e-05,75.1203845886
7.939453125e-05,74.0219961669
7.94140625e-05,72.9277665742
7.943359375e-05,71.8379864312
7.9453125e-05,70.752945946
7.947265625e-05,69.6729347651
7.94921875e-05,68.5982418234
7.951171875e-05,67.5291551943
7.953125e-05,66.4659619403
7.955078125e-05,65.4089479627
7.95703125e-05,64.3583978526
7.958984375e-05,63.3145947416
7.9609375e-05,62.2778201527
7.962890625e-05,61.2483538527
7.96484375e-05,60.2264737045
7.966796875e-05,59.2124555202
7.96875e-05,58.206572916
7.970703125e-05,57.2090971667
7.97265625e-05,56.2202970627
7.974609375e-05,55.2404387675
7.9765625e-05,54.2697856769
7.978515625e-05,53.3085982792
7.98046875e-05,52.357134018
7.982421875e-05,51.4156471554
7.984375e-05,50.484388638
7.986328125e-05,49.5636059647
7.98828125e-05,48.6535430558
7.990234375e-05,47.7544401254
7.9921875e-05,46.8665335549
7.994140625e-05,45.9900557695
7.99609375e-05,45.125235117
7.998046875e-05,44.272295749
8e-05,43.431457505
8.001953125e-05,42.6029357986
8.00390625e-05,41.7869415075
8.005859375e-05,40.9836808651
8.0078125e-05,40.1933553562
8.009765625e-05,39.4161616154
8.01171875e-05,38.652291328
8.013671875e-05,37.9019311352
8.015625e-05,37.1652625416
8.017578125e-05,36.4424618264
8.01953125e-05,35.7336999584
8.021484375e-05,35.0391425136
8.0234375e-05,34.3589495972
8.025390625e-05,33.6932757686
8.02734375e-05,33.0422699702
8.029296875e-05,32.4060754599
8.03125e-05,31.7848297474
8.033203125e-05,31.1786645339
8.03515625e-05,30.5877056564
8.037109375e-05,30.0120730347
8.0390625e-05,29.4518806233
8.041015625e-05,28.9072363665
8.04296875e-05,28.3782421579
8.044921875e-05,27.8649938035
8.046875e-05,27.3675809887
8.048828125e-05,26.8860872499
8.05078125e-05,26.4205899491
8.052734375e-05,25.9711602532
8.0546875e-05,25.537863117
8.056640625e-05,25.1207572703
8.05859375e-05,24.7198952089
8.060546875e-05,24.3353231893
8.0625e-05,23.9670812279
8.064453125e-05,23.6152031038
8.06640625e-05,23.279716365
8.068359375e-05,22.96064234
8.0703125e-05,22.6579961513
8.072265625e-05,22.371786734
8.07421875e-05,22.1020168582
8.076171875e-05,21.8486831543
8.078125e-05,21.611776143
8.080078125e-05,21.391280268
8.08203125e-05,21.1871739332
8.083984375e-05,20.999429543
8.0859375e-05,20.8280135459
8.087890625e-05,20.6728864823
8.08984375e-05,20.5340030349
8.091796875e-05,20.4113120829
8.09375e-05,20.3047567593
8.095703125e-05,20.2142745115
8.09765625e-05,20.1397971652
8.099609375e-05,20.0812509905
8.1015625e-05,20.0385567725
8.103515625e-05,20.0116298832
8.10546875e-05,20.0003803576
8.107421875e-05,20.0047129714
8.109375e-05,20.0245273224
8.111328125e-05,20.0597179136
8.11328125e-05,20.1101742394
8.115234375e-05,20.1757808741
8.1171875e-05,20.2564175624
8.119140625e-05,20.3519593126
8.12109375e-05,20.4622764916
8.123046875e-05,20.5872349221
8.125e-05,20.7266959818
8.126953125e-05,20.8805167041
8.12890625e-05,21.0485498815
8.130859375e-05,21.2306441692
8.1328125e-05,21.4266441918
8.134765625e-05,21.6363906505
8.13671875e-05,21.859720432
8.138671875e-05,22.0964667186
8.140625e-05,22.3464590996
8.142578125e-05,22.6095236838
8.14453125e-05,22.8854832128
8.146484375e-05,23.1741571753
8.1484375e-05,23.4753619223
8.150390625e-05,23.7889107831
8.15234375e-05,24.1146141812
8.154296875e-05,24.4522797515
8.15625e-05,24.8017124578
8.158203125e-05,25.1627147101
8.16015625e-05,25.5350864827
8.162109375e-05,25.9186254321
8.1640625e-05,26.3131270149
8.166015625e-05,26.7183846061
8.16796875e-05,27.1341896167
8.169921875e-05,27.5603316112
8.171875e-05,27.9965984251
8.173828125e-05,28.4427762816
8.17578125e-05,28.8986499081
8.177734375e-05,29.3640026521
8.1796875e-05,29.8386165961
8.181640625e-05,30.3222726721
8.18359375e-05,30.8147507754
8.185546875e-05,31.3158298772
8.1875e-05,31.8252881362
8.189453125e-05,32.3429030098
8.19140625e-05,32.8684513632
8.193359375e-05,33.4017095782
8.1953125e-05,33.9424536605
8.197265625e-05,34.4904593453
8.19921875e-05,35.045502202
8.201171875e-05,35.6073577376
8.203125e-05,36.1758014979
8.205078125e-05,36.750609168
8.20703125e-05,37.3315566707
8.208984375e-05,37.9184202634
8.2109375e-05,38.5109766332
8.212890625e-05,39.1090029906
8.21484375e-05,39.7122771609
8.216796875e-05,40.3205776743
8.21875e-05,40.9336838537
8.220703125e-05,41.551375901
8.22265625e-05,42.1734349812
8.224609375e-05,42.7996433043
8.2265625e-05,43.429784206
8.228515625e-05,44.0636422254
8.23046875e-05,44.7010031813
8.232421875e-05,45.3416542464
8.234375e-05,45.9853840188
8.236328125e-05,46.6319825922
8.23828125e-05,47.2812416233
8.240234375e-05,47.9329543975
8.2421875e-05,48.5869158922
8.244140625e-05,49.2429228378
8.24609375e-05,49.900773777
8.248046875e-05,50.5602691213
8.25e-05,51.2212112057
8.251953125e-05,51.8834043412
8.25390625e-05,52.5466548648
8.255859375e-05,53.2107711878
8.2578125e-05,53.875563841
8.259765625e-05,54.5408455192
8.26171875e-05,55.2064311219
8.263671875e-05,55.8721377926
8.265625e-05,56.5377849565
8.267578125e-05,57.2031943546
8.26953125e-05,57.8681900773
8.271484375e-05,58.5325985942
8.2734375e-05,59.1962487835
8.275390625e-05,59.858971958
8.27734375e-05,60.5206018895
8.279296875e-05,61.1809748314
8.28125e-05,61.8399295389
8.283203125e-05,62.4973072871
8.28515625e-05,63.1529518878
8.287109375e-05,63.8067097036
8.2890625e-05,64.4584296604
8.291015625e-05,65.1079632581
8.29296875e-05,65.7551645792
8.294921875e-05,66.3998902957
8.296875e-05,67.0419996745
8.298828125e-05,67.68135458
8.30078125e-05,68.3178194765
8.302734375e-05,68.9512614276
8.3046875e-05,69.5815500944
8.306640625e-05,70.2085577323
8.30859375e-05,70.8321591858
8.310546875e-05,71.4522318823
8.3125e-05,72.0686558233
8.314453125e-05,72.6813135755
8.31640625e-05,73.2900902597
8.318359375e-05,73.8948735378
8.3203125e-05,74.4955536
8.322265625e-05,75.0920231485
8.32421875e-05,75.6841773824
8.326171875e-05,76.2719139791
8.328125e-05,76.8551330757
8.330078125e-05,77.4337372493
8.33203125e-05,78.0076314956
8.333984375e-05,78.5767232068
8.3359375e-05,79.1409221483
8.337890625e-05,79.7001404345
8.33984375e-05,80.2542925037
8.341796875e-05,80.8032950917
8.34375e-05,81.3470672053
8.345703125e-05,81.8855300941
8.34765625e-05,82.4186072218
8.349609375e-05,82.9462242373
8.3515625e-05,83.4683089442
8.353515625e-05,83.9847912704
8.35546875e-05,84.4956032363
8.357421875e-05,85.0006789232
8.359375e-05,85.4999544407
8.361328125e-05,85.9933678935
8.36328125e-05,86.4808593481
8.365234375e-05,86.9623707987
8.3671875e-05,87.4378461329
8.369140625e-05,87.9072310972
8.37109375e-05,88.3704732616
8.373046875e-05,88.8275219845
8.375e-05,89.2783283772
8.376953125e-05,89.7228452678
8.37890625e-05,90.1610271657
8.380859375e-05,90.5928302251
8.3828125e-05,91.018212209
8.384765625e-05,91.4371324528
8.38671875e-05,91.8495518281
8.388671875e-05,92.2554327061
8.390625e-05,92.6547389213
8.392578125e-05,93.0474357357
8.39453125e-05,93.4334898019
8.396484375e-05,93.8128691274
8.3984375e-05,94.1855430387
8.400390625e-05,94.5514821453
8.40234375e-05,94.9106583042
8.404296875e-05,95.2630445849
8.40625e-05,95.6086152336
8.408203125e-05,95.947345639
8.41015625e-05,96.2792122977
8.412109375e-05,96.6041927798
8.4140625e-05,96.9222656951
8.416015625e-05,97.23341066
8.41796875e-05,97.537608264
8.419921875e-05,97.8348400378
8.421875e-05,98.1250884202
8.423828125e-05,98.4083367272
8.42578125e-05,98.6845691207
8.427734375e-05,98.9537705775
8.4296875e-05,99.2159268594
8.431640625e-05,99.4710244837
8.43359375e-05,99.719050694
8.435546875e-05,99.9599934319
8.4375e-05,100.193841309
8.439453125e-05,100.420583581
8.44140625e-05,100.640210118
8.443359375e-05,100.852711383
8.4453125e-05,101.058078402
8.447265625e-05,101.256302745
8.44921875e-05,101.447376495
8.451171875e-05,101.631292233
8.453125e-05,101.808043008
8.455078125e-05,101.977622323
8.45703125e-05,102.140024106
8.458984375e-05,102.295242697
8.4609375e-05,102.443272823
8.462890625e-05,102.584109585
8.46484375e-05,102.717748435
8.466796875e-05,102.844185163
8.46875e-05,102.963415878
8.470703125e-05,103.075436996
8.47265625e-05,103.18024522
8.474609375e-05,103.277837534
8.4765625e-05,103.368211184
8.478515625e-05,103.451363667
8.48046875e-05,103.527292723
8.482421875e-05,103.595996324
8.484375e-05,103.657472659
8.486328125e-05,103.711720136
8.48828125e-05,103.758737364
8.490234375e-05,103.798523152
8.4921875e-05,103.831076504
8.494140625e-05,103.856396609
8.49609375e-05,103.874482842
8.498046875e-05,103.88533476
8.5e-05,103.888952095
8.501953125e-05,103.88533476
8.50390625e-05,103.874482842
8.505859375e-05,103.856396609
8.5078125e-05,103.831076504
8.509765625e-05,103.798523152
8.51171875e-05,103.758737364
8.513671875e-05,103.711720136
8.515625e-05,103.657472659
8.517578125e-05,103.595996324
8.51953125e-05,103.527292723
8.521484375e-05,103.451363667
8.5234375e-05,103.368211184
8.525390625e-05,103.277837534
8.52734375e-05,103.18024522
8.529296875e-05,103.075436996
8.53125e-05,102.963415878
8.533203125e-05,102.844185163
8.53515625e-05,102.717748435
8.537109375e-05,102.584109585
8.5390625e-05,102.443272823
8.541015625e-05,102.295242697
8.54296875e-05,102.140024106
8.544921875e-05,101.977622323
8.546875e-05,101.808043008
8.548828125e-05,101.631292233
8.55078125e-05,101.447376495
8.552734375e-05,101.256302745
8.5546875e-05,101.058078402
8.556640625e-05,100.852711383
8.55859375e-05,100.640210118
8.560546875e-05,100.420583581
8.5625e-05,100.193841309
8.564453125e-05,99.9599934319
8.56640625e-05,99.719050694
8.568359375e-05,99.4710244837
8.5703125e-05,99.2159268594
8.572265625e-05,98.9537705775
8.57421875e-05,98.6845691207
8.576171875e-05,98.4083367272
8.578125e-05,98.1250884202
8.580078125e-05,97.8348400378
8.58203125e-05,97.537608264
8.583984375e-05,97.23341066
8.5859375e-05,96.9222656951
8.587890625e-05,96.6041927798
8.58984375e-05,96.2792122977
8.591796875e-05,95.947345639
8.59375e-05,95.6086152336
8.595703125e-05,95.2630445849
8.59765625e-05,94.9106583042
8.599609375e-05,94.5514821453
8.6015625e-05,94.1855430387
8.603515625e-05,93.8128691274
8.60546875e-05,93.4334898019
8.607421875e-05,93.0474357357
8.609375e-05,92.6547389213
8.611328125e-05,92.2554327061
8.61328125e-05,91.8495518281
8.615234375e-05,91.4371324528
8.6171875e-05,91.018212209
8.619140625e-05,90.5928302251
8.62109375e-05,90.1610271657
8.623046875e-05,89.7228452678
8.625e-05,89.2783283772
8.626953125e-05,88.8275219845
8.62890625e-05,88.3704732616
8.630859375e-05,87.9072310972
8.6328125e-05,87.4378461329
8.634765625e-05,86.9623707987
8.63671875e-05,86.4808593481
8.638671875e-05,85.9933678935
8.640625e-05,85.4999544407
8.642578125e-05,85.0006789232
8.64453125e-05,84.4956032363
8.646484375e-05,83.9847912704
8.6484375e-05,83.4683089442
8.650390625e-05,82.9462242373
8.65234375e-05,82.4186072218
8.654296875e-05,81.8855300941
8.65625e-05,81.3470672053
8.658203125e-05,80.8032950917
8.66015625e-05,80.2542925037
8.662109375e-05,79.7001404345
8.6640625e-05,79.1409221483
8.666015625e-05,78.5767232068
8.66796875e-05,78.0076314956
8.669921875e-05,77.4337372493
8.671875e-05,76.8551330757
8.673828125e-05,76.2719139791
8.67578125e-05,75.6841773824
8.677734375e-05,75.0920231485
8.6796875e-05,74.4955536
8.681640625e-05,73.8948735378
8.68359375e-05,73.2900902597
8.685546875e-05,72.6813135755
8.6875e-05,72.0686558233
8.689453125e-05,71.4522318823
8.69140625e-05,70.8321591858
8.693359375e-05,70.2085577323
8.6953125e-05,69.5815500944
8.697265625e-05,68.9512614276
8.69921875e-05,68.3178194765
8.701171875e-05,67.68135458
8.703125e-05,67.0419996745
8.705078125e-05,66.3998902957
8.70703125e-05,65.7551645792
8.708984375e-05,65.1079632581
8.7109375e-05,64.4584296604
8.712890625e-05,63.8067097036
8.71484375e-05,63.1529518878
8.716796875e-05,62.4973072871
8.71875e-05,61.8399295389
8.720703125e-05,61.1809748314
8.72265625e-05,60.5206018895
8.724609375e-05,59.858971958
8.7265625e-05,59.1962487835
8.728515625e-05,58.5325985942
8.73046875e-05,57.8681900773
8.732421875e-05,57.2031943546
8.734375e-05,56.5377849565
8.736328125e-05,55.8721377926
8.73828125e-05,55.2064311219
8.740234375e-05,54.5408455192
8.7421875e-05,53.875563841
8.744140625e-05,53.2107711878
8.74609375e-05,52.5466548648
8.748046875e-05,51.8834043412
8.75e-05,51.2212112057
8.751953125e-05,50.5602691213
8.75390625e-05,49.900773777
8.755859375e-05,49.2429228378
8.7578125e-05,48.5869158922
8.759765625e-05,47.9329543975
8.76171875e-05,47.2812416233
8.763671875e-05,46.6319825922
8.765625e-05,45.9853840188
8.767578125e-05,45.3416542464
8.76953125e-05,44.7010031813
8.771484375e-05,44.0636422254
8.7734375e-05,43.429784206
8.775390625e-05,42.7996433043
8.77734375e-05,42.1734349812
8.779296875e-05,41.551375901
8.78125e-05,40.9336838537
8.783203125e-05,40.3205776743
8.78515625e-05,39.7122771609
8.787109375e-05,39.1090029906
8.7890625e-05,38.5109766332
8.791015625e-05,37.9184202634
8.79296875e-05,37.3315566707
8.794921875e-05,36.750609168
8.796875e-05,36.1758014979
8.798828125e-05,35.6073577376
8.80078125e-05,35.045502202
8.802734375e-05,34.4904593453
8.8046875e-05,33.9424536605
8.806640625e-05,33.4017095782
8.80859375e-05,32.8684513632
8.810546875e-05,32.3429030098
8.8125e-05,31.8252881362
8.814453125e-05,31.3158298772
8.81640625e-05,30.8147507754
8.818359375e-05,30.3222726721
8.8203125e-05,29.8386165961
8.822265625e-05,29.3640026521
8.82421875e-05,28.8986499081
8.826171875e-05,28.4427762816
8.828125e-05,27.9965984251
8.830078125e-05,27.5603316112
8.83203125e-05,27.1341896167
8.833984375e-05,26.7183846061
8.8359375e-05,26.3131270149
8.837890625e-05,25.9186254321
8.83984375e-05,25.5350864827
8.841796875e-05,25.1627147101
8.84375e-05,24.8017124578
8.845703125e-05,24.4522797515
8.84765625e-05,24.1146141812
8.849609375e-05,23.7889107831
8.8515625e-05,23.4753619223
8.853515625e-05,23.1741571753
8.85546875e-05,22.8854832128
8.857421875e-05,22.6095236838
8.859375e-05,22.3464590996
8.861328125e-05,22.0964667186
8.86328125e-05,21.859720432
8.865234375e-05,21.6363906505
8.8671875e-05,21.4266441918
8.869140625e-05,21.2306441692
8.87109375e-05,21.0485498815
8.873046875e-05,20.8805167041
8.875e-05,20.7266959818
8.876953125e-05,20.5872349221
8.87890625e-05,20.4622764916
8.880859375e-05,20.3519593126
8.8828125e-05,20.2564175624
8.884765625e-05,20.1757808741
8.88671875e-05,20.1101742394
8.888671875e-05,20.0597179136
8.890625e-05,20.0245273224
8.892578125e-05,20.0047129714
8.89453125e-05,20.0003803576
8.896484375e-05,20.0116298832
8.8984375e-05,20.0385567725
8.900390625e-05,20.0812509905
8.90234375e-05,20.1397971652
8.904296875e-05,20.2142745115
8.90625e-05,20.3047567593
8.908203125e-05,20.4113120829
8.91015625e-05,20.5340030349
8.912109375e-05,20.6728864823
8.9140625e-05,20.8280135459
8.916015625e-05,20.999429543
8.91796875e-05,21.1871739332
8.919921875e-05,21.391280268
8.921875e-05,21.611776143
8.923828125e-05,21.8486831543
8.92578125e-05,22.1020168582
8.927734375e-05,22.371786734
8.9296875e-05,22.6579961513
8.931640625e-05,22.96064234
8.93359375e-05,23.279716365
8.935546875e-05,23.6152031038
8.9375e-05,23.9670812279
8.939453125e-05,24.3353231893
8.94140625e-05,24.7198952089
8.943359375e-05,25.1207572703
8.9453125e-05,25.537863117
8.947265625e-05,25.9711602532
8.94921875e-05,26.4205899491
8.951171875e-05,26.8860872499
8.953125e-05,27.3675809887
8.955078125e-05,27.8649938035
8.95703125e-05,28.3782421579
8.958984375e-05,28.9072363665
8.9609375e-05,29.4518806233
8.962890625e-05,30.0120730347
8.96484375e-05,30.5877056564
8.966796875e-05,31.1786645339
8.96875e-05,31.7848297474
8.970703125e-05,32.4060754599
8.97265625e-05,33.0422699702
8.974609375e-05,33.6932757686
8.9765625e-05,34.3589495972
8.978515625e-05,35.0391425136
8.98046875e-05,35.7336999584
8.982421875e-05,36.4424618264
8.984375e-05,37.1652625416
8.986328125e-05,37.9019311352
8.98828125e-05,38.652291328
8.990234375e-05,39.4161616154
8.9921875e-05,40.1933553562
8.994140625e-05,40.9836808651
8.99609375e-05,41.7869415075
8.998046875e-05,42.6029357986
9e-05,43.431457505
9.001953125e-05,44.272295749
9.00390625e-05,45.125235117
9.005859375e-05,45.9900557695
9.0078125e-05,46.8665335549
9.009765625e-05,47.7544401254
9.01171875e-05,48.6535430558
9.013671875e-05,49.5636059647
9.015625e-05,50.484388638
9.017578125e-05,51.4156471554
9.01953125e-05,52.357134018
9.021484375e-05,53.3085982792
9.0234375e-05,54.2697856769
9.025390625e-05,55.2404387675
9.02734375e-05,56.2202970627
9.029296875e-05,57.2090971667
9.03125e-05,58.206572916
9.033203125e-05,59.2124555202
9.03515625e-05,60.2264737045
9.037109375e-05,61.2483538527
9.0390625e-05,62.2778201527
9.041015625e-05,63.3145947416
9.04296875e-05,64.3583978526
9.044921875e-05,65.4089479627
9.046875e-05,66.4659619403
9.048828125e-05,67.5291551943
9.05078125e-05,68.5982418234
9.052734375e-05,69.6729347651
9.0546875e-05,70.752945946
9.056640625e-05,71.8379864312
9.05859375e-05,72.9277665742
9.060546875e-05,74.0219961669
9.0625e-05,75.1203845886
9.064453125e-05,76.2226409554
9.06640625e-05,77.3284742686
9.068359375e-05,78.4375935629
9.0703125e-05,79.5497080539
9.072265625e-05,80.6645272841
9.07421875e-05,81.781761269
9.076171875e-05,82.9011206417
9.078125e-05,84.022316796
9.080078125e-05,85.1450620291
9.08203125e-05,86.2690696823
9.083984375e-05,87.3940542804
9.0859375e-05,88.5197316699
9.087890625e-05,89.6458191551
9.08984375e-05,90.772035633
9.091796875e-05,91.8981017258
9.09375e-05,93.0237399119
9.095703125e-05,94.1486746548
9.09765625e-05,95.2726325301
9.099609375e-05,96.3953423499
9.1015625e-05,97.5165352853
9.103515625e-05,98.6359449867
9.10546875e-05,99.7533077011
9.107421875e-05,100.868362388
9.109375e-05,101.980850831
9.111328125e-05,103.09051775
9.11328125e-05,104.197110907
9.115234375e-05,105.300381209
9.1171875e-05,106.400082815
9.119140625e-05,107.495973231
9.12109375e-05,108.587813408
9.123046875e-05,109.675367833
9.125e-05,110.758404624
9.126953125e-05,111.836695612
9.12890625e-05,112.910016429
9.130859375e-05,113.978146587
9.1328125e-05,115.040869558
9.134765625e-05,116.097972846
9.13671875e-05,117.149248061
9.138671875e-05,118.194490987
9.140625e-05,119.233501648
9.142578125e-05,120.266084367
9.14453125e-05,121.292047827
9.146484375e-05,122.311205128
9.1484375e-05,123.323373836
9.150390625e-05,124.328376033
9.15234375e-05,125.326038363
9.154296875e-05,126.316192074
9.15625e-05,127.298673058
9.158203125e-05,128.273321886
9.16015625e-05,129.239983838
9.162109375e-05,130.198508939
9.1640625e-05,131.148751977
9.166015625e-05,132.09057253
9.16796875e-05,133.023834986
9.169921875e-05,133.94840856
9.171875e-05,134.864167302
9.173828125e-05,135.770990114
9.17578125e-05,136.668760753
9.177734375e-05,137.557367835
9.1796875e-05,138.436704839
9.181640625e-05,139.306670101
9.18359375e-05,140.167166813
9.185546875e-05,141.01810301
9.1875e-05,141.859391566
9.189453125e-05,142.690950175
9.19140625e-05,143.512701337
9.193359375e-05,144.324572338
9.1953125e-05,145.126495229
9.197265625e-05,145.918406802
9.19921875e-05,146.700248563
9.201171875e-05,147.471966701
9.203125e-05,148.233512059
9.205078125e-05,148.984840098
9.20703125e-05,149.725910858
9.208984375e-05,150.456688927
9.2109375e-05,151.177143389
9.212890625e-05,151.88724779
9.21484375e-05,152.586980089
9.216796875e-05,153.27632261
9.21875e-05,153.955261995
9.220703125e-05,154.623789149
9.22265625e-05,155.281899191
9.224609375e-05,155.929591398
9.2265625e-05,156.566869147
9.228515625e-05,157.193739858
9.23046875e-05,157.810214935
9.232421875e-05,158.416309705
9.234375e-05,159.012043351
9.236328125e-05,159.597438854
9.23828125e-05,160.172522926
9.240234375e-05,160.737325939
9.2421875e-05,161.291881865
9.244140625e-05,161.8362282
9.24609375e-05,162.370405898
9.248046875e-05,162.8944593
9.25e-05,163.408436062
9.251953125e-05,163.91238708
9.25390625e-05,164.406366421
9.255859375e-05,164.890431245
9.2578125e-05,165.364641734
9.259765625e-05,165.829061013
9.26171875e-05,166.283755078
9.263671875e-05,166.728792714
9.265625e-05,167.164245425
9.267578125e-05,167.590187354
9.26953125e-05,168.006695205
9.271484375e-05,168.413848164
9.2734375e-05,168.811727828
9.275390625e-05,169.200418118
9.27734375e-05,169.580005209
9.279296875e-05,169.950577446
9.28125e-05,170.31222527
9.283203125e-05,170.66504114
9.28515625e-05,171.009119453
9.287109375e-05,171.344556467
9.2890625e-05,171.671450228
9.291015625e-05,171.989900486
9.29296875e-05,172.300008624
9.294921875e-05,172.601877578
9.296875e-05,172.895611765
9.298828125e-05,173.181317003
9.30078125e-05,173.459100439
9.302734375e-05,173.729070475
9.3046875e-05,173.991336691
9.306640625e-05,174.246009776
9.30859375e-05,174.49320145
9.310546875e-05,174.733024397
9.3125e-05,174.965592191
9.314453125e-05,175.191019225
9.31640625e-05,175.409420643
9.318359375e-05,175.620912269
9.3203125e-05,175.825610541
9.322265625e-05,176.023632439
9.32421875e-05,176.215095424
9.326171875e-05,176.400117368
9.328125e-05,176.57881649
9.330078125e-05,176.751311295
9.33203125e-05,176.917720504
9.333984375e-05,177.078163
9.3359375e-05,177.23275776
9.337890625e-05,177.381623798
9.33984375e-05,177.524880106
9.341796875e-05,177.662645594
9.34375e-05,177.795039033
9.345703125e-05,177.922179
9.34765625e-05,178.044183819
9.349609375e-05,178.161171513
9.3515625e-05,178.273259743
9.353515625e-05,178.380565763
9.35546875e-05,178.483206363
9.357421875e-05,178.581297821
9.359375e-05,178.674955855
9.361328125e-05,178.764295573
9.36328125e-05,178.849431425
9.365234375e-05,178.930477161
9.3671875e-05,179.00754578
9.369140625e-05,179.080749492
9.37109375e-05,179.15019967
9.373046875e-05,179.216006811
9.375e-05,179.278280491
9.376953125e-05,179.337129332
9.37890625e-05,179.392660955
9.380859375e-05,179.444981949
9.3828125e-05,179.494197827
9.384765625e-05,179.540412995
9.38671875e-05,179.583730716
9.388671875e-05,179.624253073
9.390625e-05,179.66208094
9.392578125e-05,179.697313946
9.39453125e-05,179.730050444
9.396484375e-05,179.760387484
9.3984375e-05,179.788420778
9.400390625e-05,179.814244676
9.40234375e-05,179.837952135
9.404296875e-05,179.859634694
9.40625e-05,179.879382445
9.408203125e-05,179.897284013
9.41015625e-05,179.913426525
9.412109375e-05,179.927895589
9.4140625e-05,179.940775275
9.416015625e-05,179.952148085
9.41796875e-05,179.962094939
9.419921875e-05,179.970695147
9.421875e-05,179.978026398
9.423828125e-05,179.984164733
9.42578125e-05,179.989184529
9.427734375e-05,179.993158483
9.4296875e-05,179.996157591
9.431640625e-05,179.998251137
9.43359375e-05,179.99950667
9.435546875e-05,179.999989997
9.4375e-05,179.999765159
9.439453125e-05,179.998894427
9.44140625e-05,179.997438278
9.443359375e-05,179.995455392
9.4453125e-05,179.993002632
9.447265625e-05,179.990135038
9.44921875e-05,179.986905812
9.451171875e-05,179.983366306
9.453125e-05,179.979566018
9.455078125e-05,179.975552577
9.45703125e-05,179.971371733
9.458984375e-05,179.967067353
9.4609375e-05,179.962681408
9.462890625e-05,179.958253968
9.46484375e-05,179.953823195
9.466796875e-05,179.949425331
9.46875e-05,179.945094698
9.470703125e-05,179.940863689
9.47265625e-05,179.936762759
9.474609375e-05,179.932820425
9.4765625e-05,179.929063259
9.478515625e-05,179.925515881
9.48046875e-05,179.922200959
9.482421875e-05,179.9191392
9.484375e-05,179.916349352
9.486328125e-05,179.913848197
9.48828125e-05,179.911650549
9.490234375e-05,179.909769252
9.4921875e-05,179.908215177
9.494140625e-05,179.906997223
9.49609375e-05,179.906122311
9.498046875e-05,179.905595385
9.5e-05,179.905419413
9.501953125e-05,179.905595385
9.50390625e-05,179.906122311
9.505859375e-05,179.906997223
9.5078125e-05,179.908215177
9.509765625e-05,179.909769252
9.51171875e-05,179.911650549
9.513671875e-05,179.913848197
9.515625e-05,179.916349352
9.517578125e-05,179.9191392
9.51953125e-05,179.922200959
9.521484375e-05,179.925515881
9.5234375e-05,179.929063259
9.525390625e-05,179.932820425
9.52734375e-05,179.936762759
9.529296875e-05,179.940863689
9.53125e-05,179.945094698
9.533203125e-05,179.949425331
9.53515625e-05,179.953823195
9.537109375e-05,179.958253968
9.5390625e-05,179.962681408
9.541015625e-05,179.967067353
9.54296875e-05,179.971371733
9.544921875e-05,179.975552577
9.546875e-05,179.979566018
9.548828125e-05,179.983366306
9.55078125e-05,179.986905812
9.552734375e-05,179.990135038
9.5546875e-05,179.993002632
9.556640625e-05,179.995455392
9.55859375e-05,179.997438278
9.560546875e-05,179.998894427
9.5625e-05,179.999765159
9.564453125e-05,179.999989997
9.56640625e-05,179.99950667
9.568359375e-05,179.998251137
9.5703125e-05,179.996157591
9.572265625e-05,179.993158483
9.57421875e-05,179.989184529
9.576171875e-05,179.984164733
9.578125e-05,179.978026398
9.580078125e-05,179.970695147
9.58203125e-05,179.962094939
9.583984375e-05,179.952148085
9.5859375e-05,179.940775275
9.587890625e-05,179.927895589
9.58984375e-05,179.913426525
9.591796875e-05,179.897284013
9.59375e-05,179.879382445
9.595703125e-05,179.859634694
9.59765625e-05,179.837952135
9.599609375e-05,179.814244676
9.6015625e-05,179.788420778
9.603515625e-05,179.760387484
9.60546875e-05,179.730050444
9.607421875e-05,179.697313946
9.609375e-05,179.66208094
9.611328125e-05,179.624253073
9.61328125e-05,179.583730716
9.615234375e-05,179.540412995
9.6171875e-05,179.494197827
9.619140625e-05,179.444981949
9.62109375e-05,179.392660955
9.623046875e-05,179.337129332
9.625e-05,179.278280491
9.626953125e-05,179.216006811
9.62890625e-05,179.15019967
9.630859375e-05,179.080749492
9.6328125e-05,179.00754578
9.634765625e-05,178.930477161
9.63671875e-05,178.849431425
9.638671875e-05,178.764295573
9.640625e-05,178.674955855
9.642578125e-05,178.581297821
9.64453125e-05,178.483206363
9.646484375e-05,178.380565763
9.6484375e-05,178.273259743
9.650390625e-05,178.161171513
9.65234375e-05,178.044183819
9.654296875e-05,177.922179
9.65625e-05,177.795039033
9.658203125e-05,177.662645594
9.66015625e-05,177.524880106
9.662109375e-05,177.381623798
9.6640625e-05,177.23275776
9.666015625e-05,177.078163
9.66796875e-05,176.917720504
9.669921875e-05,176.751311295
9.671875e-05,176.57881649
9.673828125e-05,176.400117368
9.67578125e-05,176.215095424
9.677734375e-05,176.023632439
9.6796875e-05,175.825610541
9.681640625e-05,175.620912269
9.68359375e-05,175.409420643
9.685546875e-05,175.191019225
9.6875e-05,174.965592191
9.689453125e-05,174.733024397
9.69140625e-05,174.49320145
9.693359375e-05,174.246009776
9.6953125e-05,173.991336691
9.697265625e-05,173.729070475
9.69921875e-05,173.459100439
9.701171875e-05,173.181317003
9.703125e-05,172.895611765
9.705078125e-05,172.601877578
9.70703125e-05,172.300008624
9.708984375e-05,171.989900486
9.7109375e-05,171.671450228
9.712890625e-05,171.344556467
9.71484375e-05,171.009119453
9.716796875e-05,170.66504114
9.71875e-05,170.31222527
9.720703125e-05,169.950577446
9.72265625e-05,169.580005209
9.724609375e-05,169.200418118
9.7265625e-05,168.811727828
9.728515625e-05,168.413848164
9.73046875e-05,168.006695205
9.732421875e-05,167.590187354
9.734375e-05,167.164245425
9.736328125e-05,166.728792714
9.73828125e-05,166.283755078
9.740234375e-05,165.829061013
9.7421875e-05,165.364641734
9.744140625e-05,164.890431245
9.74609375e-05,164.406366421
9.748046875e-05,163.91238708
9.75e-05,163.408436062
9.751953125e-05,162.8944593
9.75390625e-05,162.370405898
9.755859375e-05,161.8362282
9.7578125e-05,161.291881865
9.759765625e-05,160.737325939
9.76171875e-05,160.172522926
9.763671875e-05,159.597438854
9.765625e-05,159.012043351
9.767578125e-05,158.416309705
9.76953125e-05,157.810214935
9.771484375e-05,157.193739858
9.7734375e-05,156.566869147
9.775390625e-05,155.929591398
9.77734375e-05,155.281899191
9.779296875e-05,154.623789149
9.78125e-05,153.955261995
9.783203125e-05,153.27632261
9.78515625e-05,152.586980089
9.787109375e-05,151.88724779
9.7890625e-05,151.177143389
9.791015625e-05,150.456688927
9.79296875e-05,149.725910858
9.794921875e-05,148.984840098
9.796875e-05,148.233512059
9.798828125e-05,147.471966701
9.80078125e-05,146.700248563
9.802734375e-05,145.918406802
9.8046875e-05,145.126495229
9.806640625e-05,144.324572338
9.80859375e-05,143.512701337
9.810546875e-05,142.690950175
9.8125e-05,141.859391566
9.814453125e-05,141.01810301
9.81640625e-05,140.167166813
9.818359375e-05,139.306670101
9.8203125e-05,138.436704839
9.822265625e-05,137.557367835
9.82421875e-05,136.668760753
9.826171875e-05,135.770990114
9.828125e-05,134.864167302
9.830078125e-05,133.94840856
9.83203125e-05,133.023834986
9.833984375e-05,132.09057253
9.8359375e-05,131.148751977
9.837890625e-05,130.198508939
9.83984375e-05,129.239983838
9.841796875e-05,128.273321886
9.84375e-05,127.298673058
9.845703125e-05,126.316192074
9.84765625e-05,125.326038363
9.849609375e-05,124.328376033
9.8515625e-05,123.323373836
9.853515625e-05,122.311205128
9.85546875e-05,121.292047827
9.857421875e-05,120.266084367
9.859375e-05,119.233501648
9.861328125e-05,118.194490987
9.86328125e-05,117.149248061
9.865234375e-05,116.097972846
9.8671875e-05,115.040869558
9.869140625e-05,113.978146587
9.87109375e-05,112.910016429
9.873046875e-05,111.836695612
9.875e-05,110.758404624
9.876953125e-05,109.675367833
9.87890625e-05,108.587813408
9.880859375e-05,107.495973231
9.8828125e-05,106.400082815
9.884765625e-05,105.300381209
9.88671875e-05,104.197110907
9.888671875e-05,103.09051775
9.890625e-05,101.980850831
9.892578125e-05,100.868362388
9.89453125e-05,99.7533077011
9.896484375e-05,98.6359449867
9.8984375e-05,97.5165352853
9.900390625e-05,96.3953423499
9.90234375e-05,95.2726325301
9.904296875e-05,94.1486746548
9.90625e-05,93.0237399119
9.908203125e-05,91.8981017258
9.91015625e-05,90.772035633
9.912109375e-05,89.6458191551
9.9140625e-05,88.5197316699
9.916015625e-05,87.3940542804
9.91796875e-05,86.2690696823
9.919921875e-05,85.1450620291
9.921875e-05,84.022316796
9.923828125e-05,82.9011206417
9.92578125e-05,81.781761269
9.927734375e-05,80.6645272841
9.9296875e-05,79.5497080539
9.931640625e-05,78.4375935629
9.93359375e-05,77.3284742686
9.935546875e-05,76.2226409554
9.9375e-05,75.1203845886
9.939453125e-05,74.0219961669
9.94140625e-05,72.9277665742
9.943359375e-05,71.8379864312
9.9453125e-05,70.752945946
9.947265625e-05,69.6729347651
9.94921875e-05,68.5982418234
9.951171875e-05,67.5291551943
9.953125e-05,66.4659619403
9.955078125e-05,65.4089479627
9.95703125e-05,64.3583978526
9.958984375e-05,63.3145947416
9.9609375e-05,62.2778201527
9.962890625e-05,61.2483538527
9.96484375e-05,60.2264737045
9.966796875e-05,59.2124555202
9.96875e-05,58.206572916
9.970703125e-05,57.2090971667
9.97265625e-05,56.2202970627
9.974609375e-05,55.2404387675
9.9765625e-05,54.2697856769
9.978515625e-05,53.3085982792
9.98046875e-05,52.357134018
9.982421875e-05,51.4156471554
9.984375e-05,50.484388638
9.986328125e-05,49.5636059647
9.98828125e-05,48.6535430558
9.990234375e-05,47.7544401254
9.9921875e-05,46.8665335549
9.994140625e-05,45.9900557695
9.99609375e-05,45.125235117
9.998046875e-05,44.272295749
