frequency_hz,peak_amplitude_mv
0,100
250,1.26440130445e-14
500,1.44331901358e-14
750,1.67067770742e-14
1000,1.15271246787e-14
1250,1.05591972105e-14
1500,1.47682800661e-14
1750,1.35430636798e-14
2000,1.24556784288e-14
2250,1.26612824183e-14
2500,9.46560370052e-15
2750,1.16711629527e-14
3000,1.6104584061e-14
3250,1.61703397166e-14
3500,1.37869889183e-14
3750,1.03793778341e-14
4000,1.35216401002e-14
4250,1.58113361402e-14
4500,1.03452933357e-14
4750,1.09139734508e-14
5000,7.16359119801e-15
5250,1.45182182162e-14
5500,1.19277352622e-14
5750,1.29154463682e-14
6000,1.50400025569e-14
6250,1.62988118711e-14
6500,1.55418845201e-14
6750,1.08449080442e-14
7000,1.35818285664e-14
7250,1.2267863837e-14
7500,1.73795872639e-14
7750,1.31923746784e-14
8000,1.23661437275e-14
8250,1.18852538275e-14
8500,1.16753564019e-14
8750,1.28480062757e-14
9000,1.26482824007e-14
9250,9.96997211976e-15
9500,1.19848097163e-14
9750,1.05022336707e-14
10000,1.39327127512e-14
10250,1.09845029593e-14
10500,1.21978730224e-14
10750,9.79203734103e-15
11000,1.14044086332e-14
11250,1.57034242532e-14
11500,1.54987193013e-14
11750,1.53577535136e-14
12000,1.53386272801e-14
12250,1.65663696407e-14
12500,1.38453643403e-14
12750,1.13563724613e-14
13000,1.34118782729e-14
13250,1.38666191627e-14
13500,1.46782918845e-14
13750,1.38830728838e-14
14000,1.34039119911e-14
14250,1.57718902183e-14
14500,9.69170315934e-15
14750,2.04203767628e-14
15000,1.79056944248e-14
15250,1.58766710955e-14
15500,1.66404654712e-14
15750,1.38199388501e-14
16000,1.42866561009e-14
16250,1.50653559174e-14
16500,1.52741976005e-14
16750,1.46213480083e-14
17000,1.67028534098e-14
17250,1.52867764404e-14
17500,1.36289950207e-14
17750,1.58599837946e-14
18000,1.18051911375e-14
18250,1.53677229276e-14
18500,1.15642753909e-14
18750,1.75556988582e-14
19000,2.06702696868e-14
19250,6.6241087288e-15
19500,8.0407704256e-15
19750,1.0214393705e-14
20000,1.66813286513e-14
20250,1.51684745175e-14
20500,1.57335449827e-14
20750,1.09830688952e-14
21000,1.22054639346e-14
21250,1.30455835151e-14
21500,1.4805323989e-14
21750,1.48991523331e-14
22000,1.4519105407e-14
22250,1.24157647706e-14
22500,1.51702853566e-14
22750,1.5692960657e-14
23000,1.71997497655e-14
23250,1.39932552051e-14
23500,1.79154160913e-14
23750,1.30174495356e-14
24000,1.53734282664e-14
24250,1.8799802936e-14
24500,1.91168536384e-14
24750,1.58986143367e-14
25000,1.93739175672e-14
25250,2.00993582794e-14
25500,1.92352060307e-14
25750,1.7351688719e-14
26000,1.76626603262e-14
26250,1.56963404841e-14
26500,1.9541921074e-14
26750,1.71482933871e-14
27000,1.81681817984e-14
27250,1.71360949725e-14
27500,1.81074982045e-14
27750,1.99215928929e-14
28000,1.69165639027e-14
28250,1.83194142041e-14
28500,1.73725205197e-14
28750,1.71079765116e-14
29000,1.83570121434e-14
29250,1.91171429494e-14
29500,1.99887350489e-14
29750,1.97826787433e-14
30000,2.16501166985e-14
30250,1.60419480284e-14
30500,1.80627852091e-14
30750,9.85966619606e-15
31000,3.02554831108e-14
31250,3.23614172475e-14
31500,1.64728566048e-14
31750,2.17581649396e-14
32000,1.75992233523e-14
32250,1.84239835243e-14
32500,1.77502359416e-14
32750,1.84712907389e-14
33000,1.91220843947e-14
33250,1.86113276044e-14
33500,1.85457092101e-14
33750,1.81265856674e-14
34000,1.96418159567e-14
34250,1.95164688187e-14
34500,1.97663769382e-14
34750,2.1277666901e-14
35000,1.79534675284e-14
35250,2.19150176093e-14
35500,2.90867980611e-14
35750,2.56901076126e-14
36000,2.64712572452e-14
36250,2.69683292051e-14
36500,2.60998101651e-14
36750,2.58676120852e-14
37000,2.75044976212e-14
37250,2.8106270092e-14
37500,2.99967132166e-14
37750,2.44049179526e-14
38000,3.01473620162e-14
38250,3.01706084848e-14
38500,2.65616538618e-14
38750,2.82479714844e-14
39000,3.2210995298e-14
39250,3.30931486873e-14
39500,3.47452109821e-14
39750,3.14928886685e-14
40000,3.44729824533e-14
40250,3.60860891695e-14
40500,3.58297422702e-14
40750,3.5994891827e-14
41000,3.65897470467e-14
41250,3.78818433401e-14
41500,4.04194126159e-14
41750,4.04089801253e-14
42000,4.19077649158e-14
42250,4.20213964037e-14
42500,4.36990247185e-14
42750,4.2710607784e-14
43000,4.58404909194e-14
43250,4.74729249494e-14
43500,5.3001269956e-14
43750,5.46787587448e-14
44000,5.61771730648e-14
44250,5.67795392376e-14
44500,5.8352390927e-14
44750,6.21713820444e-14
45000,6.31510087245e-14
45250,6.79956425981e-14
45500,6.81278090975e-14
45750,7.44426280691e-14
46000,7.94114656968e-14
46250,8.55224607419e-14
46500,8.99411851436e-14
46750,9.83930307688e-14
47000,1.06161587845e-13
47250,1.1374341409e-13
47500,1.23407769179e-13
47750,1.41261179803e-13
48000,1.5545172739e-13
48250,1.81992211612e-13
48500,2.08065394357e-13
48750,2.53330618801e-13
49000,3.15792504699e-13
49250,4.20052139593e-13
49500,6.3258966711e-13
49750,1.27006228059e-12
50000,58.7348345231
50250,1.2723998429e-12
50500,6.40671727667e-13
50750,4.23545284977e-13
51000,3.22296339582e-13
51250,2.54413644632e-13
51500,2.08214818299e-13
51750,1.84758374836e-13
52000,1.61942748136e-13
52250,1.44801679521e-13
52500,1.26548347156e-13
52750,1.16647518553e-13
53000,1.09577602295e-13
53250,9.95133547849e-14
53500,8.93572139605e-14
53750,8.39760398676e-14
54000,8.02144149051e-14
54250,8.2953096389e-14
54500,6.992312388e-14
54750,7.03685767373e-14
55000,5.78110568935e-14
55250,6.90114760733e-14
55500,6.071171919e-14
55750,5.787177567e-14
56000,6.33717427883e-14
56250,6.20488959622e-14
56500,6.07349503287e-14
56750,4.4868272128e-14
57000,4.95622310502e-14
57250,4.26597311632e-14
57500,5.39509870549e-14
57750,4.6881932507e-14
58000,4.24579580839e-14
58250,4.15634840392e-14
58500,4.54975701983e-14
58750,4.35399986699e-14
59000,3.88192425651e-14
59250,3.81258287423e-14
59500,3.9632159091e-14
59750,4.26364086671e-14
60000,4.09743261887e-14
60250,3.57943322304e-14
60500,3.57725982264e-14
60750,3.76805522172e-14
61000,3.68149819739e-14
61250,3.68866183848e-14
61500,3.59934611705e-14
61750,3.6728059058e-14
62000,3.33144561929e-14
62250,3.1340785839e-14
62500,3.57946649632e-14
62750,3.14030647299e-14
63000,3.21645945121e-14
63250,3.22178130696e-14
63500,3.24832603197e-14
63750,3.4588152092e-14
64000,3.14254064543e-14
64250,2.98652029991e-14
64500,2.88380766965e-14
64750,3.18870704087e-14
65000,2.79789613281e-14
65250,2.7177467117e-14
65500,2.94088898822e-14
65750,2.61949943152e-14
66000,2.64511899798e-14
66250,2.79307695086e-14
66500,2.87932788069e-14
66750,2.85538165254e-14
67000,2.76802561326e-14
67250,2.80489459324e-14
67500,2.42031649732e-14
67750,2.72137881835e-14
68000,2.78817744283e-14
68250,2.90898843922e-14
68500,2.47034703661e-14
68750,2.66850424024e-14
69000,2.22671923848e-14
69250,1.70847747014e-14
69500,2.46164068e-14
69750,2.70963194769e-14
70000,3.2784623142e-14
70250,3.11978274695e-14
70500,2.89710803482e-14
70750,2.67475968114e-14
71000,2.84748454174e-14
71250,2.66440839494e-14
71500,2.70237492018e-14
71750,2.73881855014e-14
72000,2.73395485238e-14
72250,2.93094443143e-14
72500,2.88600877053e-14
72750,2.70744300218e-14
73000,2.79920081695e-14
73250,2.72365307893e-14
73500,3.02457240332e-14
73750,2.69268794802e-14
74000,2.94087859139e-14
74250,2.73089517573e-14
74500,2.90278015757e-14
74750,3.0887323523e-14
75000,2.86781289917e-14
75250,2.73803327698e-14
75500,2.85151103186e-14
75750,2.87857158404e-14
76000,2.93628116544e-14
76250,2.83125471137e-14
76500,2.87564646611e-14
76750,2.6498317373e-14
77000,3.0570969968e-14
77250,3.30078917478e-14
77500,3.13339840756e-14
77750,2.87576586374e-14
78000,3.12044362692e-14
78250,3.00828803703e-14
78500,3.08295714089e-14
78750,2.91696568739e-14
79000,2.95105556538e-14
79250,2.84784956571e-14
79500,3.04664867642e-14
79750,3.25566706582e-14
80000,3.27530403845e-14
80250,2.7308988103e-14
80500,2.90127459198e-14
80750,2.63660542149e-14
81000,3.92034316095e-14
81250,3.60490543402e-14
81500,3.25765761483e-14
81750,3.78518834603e-14
82000,3.48889757502e-14
82250,3.72829568439e-14
82500,3.34216154037e-14
82750,3.63538972687e-14
83000,3.82451177535e-14
83250,3.6943609946e-14
83500,3.8536891333e-14
83750,3.66589421111e-14
84000,3.96835086509e-14
84250,4.0603542526e-14
84500,4.69797444993e-14
84750,4.40893459243e-14
85000,4.70045173141e-14
85250,4.43368552568e-14
85500,2.70490120837e-14
85750,3.98889935959e-14
86000,3.86149002571e-14
86250,4.38787638388e-14
86500,4.45876956657e-14
86750,4.60279785599e-14
87000,4.35522914532e-14
87250,4.63718817457e-14
87500,4.59897728421e-14
87750,5.27621361796e-14
88000,4.82504338618e-14
88250,5.45159884358e-14
88500,5.39855865175e-14
88750,5.43510304777e-14
89000,5.1650531751e-14
89250,5.5719404182e-14
89500,5.89778452146e-14
89750,5.65273357911e-14
90000,5.81671039434e-14
90250,5.84141953126e-14
90500,6.14531001229e-14
90750,6.27568264204e-14
91000,6.41890782434e-14
91250,6.48198765833e-14
91500,6.81515010576e-14
91750,7.152809132e-14
92000,7.09080274947e-14
92250,7.41566928577e-14
92500,7.70105871413e-14
92750,7.81417671761e-14
93000,8.1819106201e-14
93250,8.39887367085e-14
93500,8.74752112615e-14
93750,8.88183488151e-14
94000,9.14754392141e-14
94250,9.51610553707e-14
94500,1.0070805373e-13
94750,1.07064061558e-13
95000,1.09247841038e-13
95250,1.14150977063e-13
95500,1.2120431578e-13
95750,1.31488062058e-13
96000,1.38317336595e-13
96250,1.45756871378e-13
96500,1.56236676356e-13
96750,1.68108021411e-13
97000,1.83898549609e-13
97250,1.95588006202e-13
97500,2.15405776097e-13
97750,2.39687754911e-13
98000,2.71098859325e-13
98250,3.06290354554e-13
98500,3.5679550445e-13
98750,4.27562623898e-13
99000,5.33022348207e-13
99250,7.12217725617e-13
99500,1.06318097606e-12
99750,2.11751991328e-12
100000,48.8474802967
100250,2.10895089336e-12
100500,1.04917535141e-12
100750,6.945959121e-13
101000,5.22604830391e-13
101250,4.18202847208e-13
101500,3.45355097766e-13
101750,2.94051144009e-13
102000,2.56737724407e-13
102250,2.29967771565e-13
102500,2.10488700062e-13
102750,1.86575672286e-13
103000,1.65106543777e-13
103250,1.55967389582e-13
103500,1.48491192422e-13
103750,1.42303395978e-13
104000,1.25786621798e-13
104250,1.12198658079e-13
104500,1.18588509253e-13
104750,1.10171457934e-13
105000,1.16589875072e-13
105250,9.02159681231e-14
105500,9.84815888478e-14
105750,1.06065578171e-13
106000,7.23537901605e-14
106250,6.64802479697e-14
106500,7.17273732213e-14
106750,8.01835575318e-14
107000,7.00253309182e-14
107250,7.08004649758e-14
107500,5.54818206366e-14
107750,6.62001741845e-14
108000,6.32125096557e-14
108250,6.36478627952e-14
108500,5.69917796904e-14
108750,5.41502653125e-14
109000,5.58714468093e-14
109250,5.50698430681e-14
109500,4.85839218228e-14
109750,4.835459162e-14
110000,4.54499756421e-14
110250,4.8107901503e-14
110500,4.58961164666e-14
110750,4.46339393254e-14
111000,4.2973211058e-14
111250,3.92537417736e-14
111500,4.08799330155e-14
111750,3.92532118713e-14
112000,3.85655890721e-14
112250,3.05191649185e-14
112500,3.2349192103e-14
112750,3.55000591729e-14
113000,3.56458014758e-14
113250,3.45966375966e-14
113500,2.99287748083e-14
113750,3.01165502668e-14
114000,3.17146596203e-14
114250,2.95537752443e-14
114500,3.00677801292e-14
114750,2.60570864718e-14
115000,2.71137573177e-14
115250,2.83741672923e-14
115500,2.86621305549e-14
115750,2.53365316535e-14
116000,2.77958931481e-14
116250,2.44455758561e-14
116500,2.37821260307e-14
116750,2.43243205265e-14
117000,2.22046142755e-14
117250,2.30999004795e-14
117500,2.51613119516e-14
117750,2.17926552538e-14
118000,2.30261686535e-14
118250,2.17718663856e-14
118500,2.2186119219e-14
118750,2.30550505493e-14
119000,2.41754137409e-14
119250,2.62999914233e-14
119500,2.68262922625e-14
119750,2.44633544768e-14
120000,2.32257357293e-14
120250,2.31346225914e-14
120500,1.87296670187e-14
120750,2.07771675745e-14
121000,2.22650123908e-14
121250,2.14978467671e-14
121500,2.09756714835e-14
121750,1.96275389827e-14
122000,2.02723032215e-14
122250,2.14121179748e-14
122500,2.29311615256e-14
122750,1.93197863949e-14
123000,2.03302450894e-14
123250,1.95182938164e-14
123500,1.79885875719e-14
123750,1.78590853853e-14
124000,1.60980675483e-14
124250,1.26510906086e-14
124500,2.34530254883e-14
124750,1.83427073167e-14
125000,1.79698501785e-14
125250,1.65106486872e-14
125500,1.60005139391e-14
125750,1.61466877669e-14
126000,1.53930419997e-14
126250,1.79001293809e-14
126500,1.73837785263e-14
126750,1.93407120747e-14
127000,1.7403518099e-14
127250,1.63090678151e-14
127500,2.03323682813e-14
127750,1.71568813077e-14
128000,1.75318248647e-14
128250,1.52723395198e-14
128500,1.79017655181e-14
128750,2.03745264011e-14
129000,1.88606928781e-14
129250,1.84073513881e-14
129500,1.65111138412e-14
129750,1.95349065347e-14
130000,1.71288183341e-14
130250,2.21592308828e-14
130500,2.2121342321e-14
130750,2.17251018395e-14
131000,1.78650282799e-14
131250,1.47357621735e-14
131500,1.08332062272e-14
131750,1.42498218628e-14
132000,1.57814967276e-14
132250,1.73814615721e-14
132500,1.48543403022e-14
132750,1.59232059041e-14
133000,1.14675846839e-14
133250,1.59666458738e-14
133500,1.91058779755e-14
133750,1.93315222109e-14
134000,1.70440331023e-14
134250,8.09167666039e-15
134500,1.37517358083e-14
134750,2.10230872061e-14
135000,2.62162756682e-14
135250,3.62348435896e-14
135500,3.4748279554e-14
135750,2.60676188781e-14
136000,2.30975866145e-14
136250,2.41710632302e-14
136500,2.25507874498e-14
136750,2.49179406984e-14
137000,2.3925364612e-14
137250,2.40724081842e-14
137500,2.32189585363e-14
137750,2.24442366495e-14
138000,2.66277663964e-14
138250,2.61459946684e-14
138500,2.76500943467e-14
138750,2.61372773455e-14
139000,3.04171370162e-14
139250,3.09484899417e-14
139500,3.31368835293e-14
139750,2.79526869528e-14
140000,3.06179952014e-14
140250,3.14750724351e-14
140500,3.26541999589e-14
140750,3.11480713767e-14
141000,3.50681228927e-14
141250,3.64874565274e-14
141500,3.66054008542e-14
141750,3.96819252517e-14
142000,3.89860824592e-14
142250,4.1456346889e-14
142500,4.18003321094e-14
142750,4.4846787642e-14
143000,4.611085109e-14
143250,4.97386413096e-14
143500,5.16773827963e-14
143750,5.32107004623e-14
144000,5.5360289474e-14
144250,5.77333770028e-14
144500,5.96786566269e-14
144750,6.37828976287e-14
145000,6.7189484215e-14
145250,7.13363292081e-14
145500,7.31523045739e-14
145750,7.96866733214e-14
146000,8.72700052983e-14
146250,9.19664112263e-14
146500,9.86921751611e-14
146750,1.05079892485e-13
147000,1.15246993285e-13
147250,1.26886644068e-13
147500,1.39368246425e-13
147750,1.53816672953e-13
148000,1.75624546345e-13
148250,2.00736473929e-13
148500,2.35512513585e-13
148750,2.85571620791e-13
149000,3.58687364023e-13
149250,4.77145570005e-13
149500,7.21286026885e-13
149750,1.45278223862e-12
150000,22.5142692055
150250,1.46829948386e-12
150500,7.39827732275e-13
150750,4.95100861305e-13
151000,3.73005607658e-13
151250,2.98958920955e-13
151500,2.50020295093e-13
151750,2.14677935043e-13
152000,1.92785425236e-13
152250,1.69957483507e-13
152500,1.51905371096e-13
152750,1.40942853099e-13
153000,1.31715526251e-13
153250,1.19001193889e-13
153500,1.09930039197e-13
153750,1.0093453912e-13
154000,9.82541932907e-14
154250,9.60600043241e-14
154500,8.30191201213e-14
154750,7.95978186438e-14
155000,6.85345298967e-14
155250,7.71298655307e-14
155500,6.64162894143e-14
155750,6.17452880153e-14
156000,7.45327099353e-14
156250,7.30435168014e-14
156500,6.67001867437e-14
156750,5.46038493009e-14
157000,5.75805249942e-14
157250,5.33286817088e-14
157500,6.33266989884e-14
157750,5.09705406055e-14
158000,5.00295336027e-14
158250,4.76367531012e-14
158500,5.08670424966e-14
158750,4.81412140107e-14
159000,4.38325693918e-14
159250,4.03376659959e-14
159500,4.47012796499e-14
159750,4.31691042547e-14
160000,4.52222793985e-14
160250,3.86777129437e-14
160500,4.16032036234e-14
160750,4.03135503951e-14
161000,3.73071977315e-14
161250,3.96307327682e-14
161500,4.16791877727e-14
161750,4.43779785948e-14
162000,3.51523814935e-14
162250,3.78658966413e-14
162500,3.45255346886e-14
162750,2.95082149177e-14
163000,3.39177223824e-14
163250,3.28906179642e-14
163500,3.60616533206e-14
163750,3.1911629645e-14
164000,3.2973201611e-14
164250,3.20424085127e-14
164500,2.95722218783e-14
164750,3.54886458069e-14
165000,3.09487750237e-14
165250,3.07100821119e-14
165500,3.12064996364e-14
165750,2.90707864242e-14
166000,2.98964264467e-14
166250,2.80653447008e-14
166500,2.83839026075e-14
166750,2.89659684084e-14
167000,2.90405887162e-14
167250,3.10092207528e-14
167500,2.7320733799e-14
167750,2.93003237769e-14
168000,2.52644749587e-14
168250,2.88959015223e-14
168500,2.70423734888e-14
168750,2.72577257154e-14
169000,2.4425811065e-14
169250,2.24886066549e-14
169500,2.06930600103e-14
169750,2.25462683853e-14
170000,2.38007044947e-14
170250,2.58899275817e-14
170500,2.30839616133e-14
170750,2.16118624518e-14
171000,2.29824777068e-14
171250,2.15439647899e-14
171500,2.05988389575e-14
171750,2.12157698521e-14
172000,2.18203316922e-14
172250,2.24559651888e-14
172500,2.02612234322e-14
172750,2.11470596139e-14
173000,2.01658818959e-14
173250,2.10283327937e-14
173500,2.30277705762e-14
173750,1.64638983691e-14
174000,1.86732143516e-14
174250,1.21291056373e-14
174500,2.77584007038e-14
174750,2.36838990443e-14
175000,1.81749233057e-14
175250,1.77188104583e-14
175500,1.71790838977e-14
175750,1.79072222186e-14
176000,1.76504197757e-14
176250,2.00557606426e-14
176500,1.94930442614e-14
176750,1.99816283078e-14
177000,1.92645658443e-14
177250,1.69923372427e-14
177500,1.96382158602e-14
177750,1.81124690738e-14
178000,1.94994164922e-14
178250,1.70631850285e-14
178500,1.95062860166e-14
178750,1.73341905356e-14
179000,1.67628012053e-14
179250,1.77829520952e-14
179500,1.88469881553e-14
179750,1.76798524772e-14
180000,1.88973536784e-14
180250,1.77700938279e-14
180500,1.83854319068e-14
180750,1.11427260789e-14
181000,1.39362889986e-14
181250,1.99617096041e-14
181500,1.19257807522e-14
181750,1.88153846926e-14
182000,1.85156657832e-14
182250,1.56489826578e-14
182500,1.34823707811e-14
182750,8.16080367622e-15
183000,1.3919998223e-14
183250,1.31045047374e-14
183500,1.29042096778e-14
183750,9.01203937815e-15
184000,1.04555907239e-14
184250,1.63147933703e-14
184500,2.80436571977e-14
184750,2.84886531534e-14
185000,3.07854323001e-14
185250,2.54599140821e-14
185500,2.03781230583e-14
185750,8.08034052502e-15
186000,2.42057063224e-15
186250,1.57421041361e-14
186500,1.27474817057e-14
186750,1.73724590521e-14
187000,1.17818579823e-14
187250,1.24546982986e-14
187500,1.20021880068e-14
187750,1.58333434062e-14
188000,1.60099900607e-14
188250,1.6200118447e-14
188500,1.66475565731e-14
188750,1.60452759718e-14
189000,1.77698231969e-14
189250,2.23237077461e-14
189500,2.29420201825e-14
189750,2.1630378823e-14
190000,1.77418140517e-14
190250,1.9931449624e-14
190500,2.15805225815e-14
190750,2.37477223322e-14
191000,1.98287407561e-14
191250,1.81143145249e-14
191500,2.38407405073e-14
191750,2.24728601409e-14
192000,2.27103672549e-14
192250,2.1508893145e-14
192500,2.10443843278e-14
192750,2.09417287685e-14
193000,2.50824070672e-14
193250,2.45656925372e-14
193500,2.56816095356e-14
193750,2.65460010039e-14
194000,2.61633765857e-14
194250,2.47771028816e-14
194500,2.98020776881e-14
194750,3.0882370022e-14
195000,3.19368479351e-14
195250,3.12994910765e-14
195500,3.16959900782e-14
195750,3.54026319356e-14
196000,3.85189295931e-14
196250,4.20777833448e-14
196500,4.33697616888e-14
196750,4.67846724896e-14
197000,5.27154099704e-14
197250,5.52734690661e-14
197500,6.05284080076e-14
197750,6.82122899331e-14
198000,7.78121811151e-14
198250,8.86614381019e-14
198500,1.0162013672e-13
198750,1.26132335489e-13
199000,1.5661730389e-13
199250,2.10859299473e-13
199500,3.14305566998e-13
199750,6.31155914152e-13
200000,7.32524907268
200250,6.35305289054e-13
200500,3.2101181101e-13
200750,2.11022328735e-13
201000,1.63901672516e-13
201250,1.24852247864e-13
201500,1.03630328101e-13
201750,9.37046553568e-14
202000,7.83016951036e-14
202250,7.14656558957e-14
202500,6.59120901456e-14
202750,5.94346251371e-14
203000,5.3168085418e-14
203250,5.19698923212e-14
203500,4.73683077949e-14
203750,4.62017702858e-14
204000,4.16188510861e-14
204250,3.95721777257e-14
204500,4.1012074434e-14
204750,4.30320555963e-14
205000,4.36412991618e-14
205250,4.0038197785e-14
205500,3.58930121276e-14
205750,3.08692418226e-14
206000,2.7026561784e-14
206250,2.63721221307e-14
206500,2.88992511785e-14
206750,2.93829453866e-14
207000,2.63944461665e-14
207250,2.4400134413e-14
207500,2.35802157487e-14
207750,2.77005294527e-14
208000,2.42321551321e-14
208250,2.50210976578e-14
208500,2.39355704043e-14
208750,2.18299963953e-14
209000,2.18570538101e-14
209250,2.0986395314e-14
209500,2.02532472269e-14
209750,2.1582419317e-14
210000,2.24331740807e-14
210250,1.94299051304e-14
210500,2.03302028492e-14
210750,1.98119635786e-14
211000,1.93266818601e-14
211250,1.77099090206e-14
211500,1.72430902e-14
211750,2.4693588939e-14
212000,1.8716830499e-14
212250,1.12827446285e-14
212500,2.10218877167e-14
212750,1.57690938554e-14
213000,2.00352629277e-14
213250,1.89205384017e-14
213500,1.47053117898e-14
213750,1.40047655766e-14
214000,1.66751722888e-14
214250,1.53264046315e-14
214500,1.05335442725e-14
214750,2.02154060878e-14
215000,1.39393377417e-14
215250,1.73244510537e-14
215500,1.54207296327e-14
215750,1.17694754556e-14
216000,1.38682724615e-14
216250,1.16373671815e-14
216500,1.45055224978e-14
216750,1.3675878537e-14
217000,1.41979928685e-14
217250,1.37010650844e-14
217500,1.42684511714e-14
217750,1.16846097314e-14
218000,1.21561974477e-14
218250,1.33440238301e-14
218500,1.26159477703e-14
218750,1.33545004107e-14
219000,1.21941875254e-14
219250,1.01203375427e-14
219500,1.12130130465e-14
219750,1.2201665838e-14
220000,1.51028010309e-14
220250,1.37309571812e-14
220500,1.29704485654e-14
220750,1.34975742923e-14
221000,1.29480770517e-14
221250,1.30236141429e-14
221500,1.1849875298e-14
221750,1.21275822527e-14
222000,1.18415070994e-14
222250,1.34170288378e-14
222500,1.03423401927e-14
222750,1.0025655085e-14
223000,1.14204054762e-14
223250,1.03445019682e-14
223500,1.47832178058e-14
223750,8.4854155489e-15
224000,1.39658771256e-14
224250,8.08482485225e-15
224500,1.27087831067e-14
224750,1.56692268528e-14
225000,1.59664849413e-14
225250,1.49648675279e-14
225500,7.83816102099e-15
225750,1.53492289424e-14
226000,1.05090645333e-14
226250,1.30402102238e-14
226500,1.18063860975e-14
226750,1.251988342e-14
227000,1.22936901746e-14
227250,1.15778527976e-14
227500,1.19256962049e-14
227750,8.22990087791e-15
228000,1.12654461462e-14
228250,9.69323752361e-15
228500,1.27146000636e-14
228750,1.09135018659e-14
229000,9.21858150209e-15
229250,7.63590333978e-15
229500,6.55602293203e-15
229750,4.30892869303e-15
230000,7.52114900849e-15
230250,4.84935183844e-15
230500,7.83381324595e-15
230750,2.22576600447e-15
231000,1.78228414314e-14
231250,1.66456219012e-14
231500,2.85596886253e-15
231750,9.82932204276e-15
232000,3.90173054769e-15
232250,7.92429872281e-15
232500,4.76052689395e-15
232750,7.3745003164e-15
233000,9.32096886427e-15
233250,9.91485130186e-15
233500,6.94585495318e-15
233750,4.71402482579e-15
234000,4.90743012665e-15
234250,1.29816226058e-14
234500,1.72404053673e-14
234750,2.02931403271e-14
235000,1.50914229036e-14
235250,2.16118213143e-14
235500,8.71520386812e-15
235750,2.04205455015e-15
236000,6.81433141525e-15
236250,1.95598563796e-15
236500,1.19443679862e-14
236750,6.59668276602e-15
237000,5.80054898276e-15
237250,7.47395742283e-16
237500,4.60375026967e-15
237750,4.88879928546e-15
238000,6.94660632609e-15
238250,6.03795323792e-15
238500,5.22876086354e-15
238750,6.07098556902e-15
239000,6.67139672398e-15
239250,4.22939695338e-15
239500,4.84046639545e-15
239750,3.2941795013e-15
240000,2.78607363276e-15
240250,3.21192042766e-15
240500,4.83806990403e-15
240750,7.21713582464e-15
241000,4.43546639995e-15
241250,3.58932140048e-15
241500,7.68511888371e-15
241750,4.72530228343e-15
242000,5.33110627502e-15
242250,2.64643031457e-15
242500,5.03455190236e-15
242750,4.47789629779e-15
243000,9.83630136086e-15
243250,7.38861255803e-15
243500,1.58649961099e-15
243750,2.53693022911e-15
244000,3.27778977545e-16
244250,4.28452501983e-15
244500,4.05531734035e-15
244750,3.74230060529e-15
245000,6.29537321177e-15
245250,6.7275815278e-15
245500,5.64329886425e-15
245750,4.29787340046e-15
246000,4.50696975013e-15
246250,6.84180269435e-15
246500,8.12802906909e-15
246750,7.2388211443e-15
247000,6.81721906387e-15
247250,1.2797700664e-14
247500,1.54955334824e-14
247750,1.14098315243e-14
248000,1.65104226733e-14
248250,2.0350995473e-14
248500,2.72729827057e-14
248750,3.02061891542e-14
249000,4.27790667692e-14
249250,5.73202182629e-14
249500,9.10812483657e-14
249750,1.90667322462e-13
250000,1.8542312014
250250,2.07634100741e-13
250500,1.08678360483e-13
250750,7.97496270588e-14
251000,5.85567080342e-14
251250,5.00814360679e-14
251500,4.65758811305e-14
251750,3.87512866571e-14
252000,3.70108469891e-14
252250,2.9584703792e-14
252500,2.65069029681e-14
252750,2.93276107514e-14
253000,2.99970985074e-14
253250,2.68052138418e-14
253500,2.18357110101e-14
253750,2.10434077193e-14
254000,2.48406576224e-14
254250,2.37838996095e-14
254500,1.41489574398e-14
254750,1.35208810393e-14
255000,1.20264351067e-14
255250,1.72115490842e-14
255500,1.12849824885e-14
255750,1.54561428955e-14
256000,2.42950268448e-14
256250,2.74288475816e-14
256500,2.17741102585e-14
256750,1.37355527178e-14
257000,1.40070233193e-14
257250,1.29532499764e-14
257500,1.84113216227e-14
257750,1.056689545e-14
258000,1.18152565958e-14
258250,1.51169459166e-14
258500,1.18770210871e-14
258750,1.26362847534e-14
259000,1.03380843592e-14
259250,9.81016569869e-15
259500,1.4437909788e-14
259750,1.31234656175e-14
260000,1.50623463838e-14
260250,1.00804080279e-14
260500,1.63045832299e-14
260750,1.49432721749e-14
261000,1.12782756295e-14
261250,1.39046784975e-14
261500,1.24148288849e-14
261750,1.46416325347e-14
262000,1.59828492811e-14
262250,1.43142059728e-14
262500,1.87623921972e-14
262750,9.74839065975e-15
263000,1.63068119856e-14
263250,1.23128151397e-14
263500,2.17693284466e-14
263750,5.39104370943e-15
264000,1.13714811802e-14
264250,1.27581278032e-14
264500,4.93537725643e-15
264750,1.69100012633e-14
265000,1.25882576789e-14
265250,1.58497924351e-14
265500,9.67074384349e-15
265750,1.26872651398e-14
266000,1.31097719077e-14
266250,1.39466793732e-14
266500,1.29693697109e-14
266750,1.00535959396e-14
267000,1.06485730529e-14
267250,1.24648543873e-14
267500,1.20430753154e-14
267750,1.40867547771e-14
268000,1.05913369261e-14
268250,1.2342750539e-14
268500,1.00694736572e-14
268750,1.1991099009e-14
269000,1.18542246107e-14
269250,1.04492818172e-14
269500,9.42725225397e-15
269750,7.48376287452e-15
270000,9.08853002344e-15
270250,1.02615044849e-14
270500,1.38527701119e-14
270750,5.8098254454e-15
271000,1.16126655251e-14
271250,8.63292862297e-15
271500,8.23815984055e-15
271750,9.77012850268e-15
272000,1.18176269581e-14
272250,1.08807592553e-14
272500,8.51835314031e-15
272750,8.9289513649e-15
273000,9.60879204054e-15
273250,1.16206833083e-14
273500,1.25267929815e-14
273750,7.09925790378e-15
274000,6.46288009534e-15
274250,1.10448405555e-14
274500,1.24987571788e-14
274750,1.27254388994e-14
275000,1.41538394434e-14
275250,1.89067561169e-15
275500,1.39559076952e-14
275750,1.16741621704e-14
276000,4.91364322883e-15
276250,9.48073150918e-15
276500,1.0639394648e-14
276750,1.3866790123e-14
277000,1.29384841828e-14
277250,8.11770052473e-15
277500,8.57425823232e-15
277750,1.01776946406e-14
278000,8.95858865096e-15
278250,9.10708516534e-15
278500,7.64333740718e-15
278750,6.67935304612e-15
279000,7.51307462753e-15
279250,8.82357269424e-15
279500,1.00033468088e-14
279750,8.26073144023e-15
280000,9.64021554526e-15
280250,5.93949309469e-15
280500,8.78420542757e-15
280750,4.7610400713e-15
281000,1.04129270843e-14
281250,1.8211079579e-14
281500,1.04118014566e-14
281750,1.07348722725e-14
282000,9.65881708191e-15
282250,9.40499670587e-15
282500,1.06347701005e-14
282750,6.73595945378e-15
283000,8.43060007288e-15
283250,7.07481677708e-15
283500,6.66049111728e-15
283750,7.7381903726e-15
284000,9.80231978195e-15
284250,7.1071174616e-15
284500,8.70706899352e-15
284750,6.65216852824e-15
285000,8.51680671075e-15
285250,4.32170930652e-15
285500,1.18283244162e-14
285750,1.05094859282e-14
286000,3.93858023624e-15
286250,1.11262548561e-14
286500,9.40995388315e-15
286750,1.09284666233e-14
287000,1.02373637978e-14
287250,1.0533906598e-14
287500,5.4147124757e-15
287750,7.32757908444e-15
288000,5.81742046284e-15
288250,7.89099390837e-15
288500,6.51689557747e-15
288750,9.53878455634e-15
289000,4.81700297205e-15
289250,8.59750674794e-15
289500,9.32417769801e-15
289750,1.3860906457e-14
290000,9.23535627811e-15
290250,9.05076544671e-15
290500,8.2862663126e-15
290750,9.84935884888e-15
291000,1.27759801242e-14
291250,3.41198522022e-15
291500,9.35716133397e-15
291750,5.64058193076e-15
292000,8.50541013481e-15
292250,8.27805961297e-15
292500,7.64510378885e-15
292750,4.40617089664e-15
293000,1.00901846488e-14
293250,1.17164233038e-14
293500,5.6256129586e-15
293750,5.80782520095e-15
294000,5.54940113325e-15
294250,4.14164722196e-15
294500,7.62361143139e-15
294750,9.01027905129e-15
295000,8.90928927281e-15
295250,8.97707484338e-15
295500,7.97593968398e-15
295750,6.97965590574e-15
296000,7.86154365326e-15
296250,7.24805501869e-15
296500,8.04609704588e-15
296750,7.9445134293e-15
297000,1.01356021233e-14
297250,1.0040218391e-14
297500,7.69362132473e-15
297750,8.72635812621e-15
298000,6.36006222567e-15
298250,1.13009300315e-14
298500,8.65742250844e-15
298750,1.08734085533e-14
299000,8.70047514895e-15
299250,1.40727314876e-14
299500,2.12470996304e-14
299750,4.85171200534e-14
300000,0.385211236849
300250,5.32596843406e-14
300500,3.26153936179e-14
300750,1.94873028841e-14
301000,1.92591990218e-14
301250,1.07739523041e-14
301500,7.3304600163e-15
301750,1.38058967604e-14
302000,1.19698505748e-14
302250,1.1714916732e-14
302500,5.58658906839e-15
302750,7.25455888143e-15
303000,1.07989048333e-14
303250,1.04942274135e-14
303500,6.07909729028e-15
303750,5.27478783159e-15
304000,5.11224248302e-15
304250,1.53519571511e-14
304500,9.24241696869e-15
304750,9.64697120036e-15
305000,5.54771731243e-15
305250,1.31610142041e-14
305500,1.81745871292e-14
305750,3.46843481904e-14
306000,1.52959914511e-14
306250,1.83875660485e-14
306500,2.04515802966e-14
306750,1.22104759351e-15
307000,4.88606019657e-15
307250,2.92641169449e-15
307500,1.55606570454e-14
307750,1.54213977361e-14
308000,7.02541227079e-15
308250,5.94996480501e-15
308500,6.14517199909e-15
308750,1.1872209066e-14
309000,1.22024298916e-14
309250,5.94905771633e-15
309500,5.51491729119e-15
309750,1.18980831294e-14
310000,1.68060293258e-14
310250,1.25218156196e-14
310500,6.91204631114e-15
310750,7.07118633786e-15
311000,9.57258645874e-15
311250,9.94888433317e-15
311500,7.82808390737e-15
311750,2.15355037962e-14
312000,7.16835730463e-15
312250,4.87379361157e-15
312500,1.35205117098e-14
312750,4.56540652707e-15
313000,6.26446526135e-15
313250,1.08838456145e-14
313500,9.20938882563e-15
313750,1.16291374896e-14
314000,6.91917395899e-15
314250,7.41136289365e-15
314500,4.04905527634e-15
314750,1.16690048057e-14
315000,7.40945080399e-15
315250,4.79662463223e-15
315500,5.34027506412e-15
315750,4.94192690218e-15
316000,6.19047696622e-15
316250,7.59225762692e-15
316500,8.08661121927e-15
316750,1.0456259415e-14
317000,5.81249199207e-15
317250,7.0609801196e-15
317500,2.41207308773e-15
317750,2.68828115757e-15
318000,5.73696013107e-15
318250,8.5953815684e-15
318500,8.82251907907e-15
318750,7.01580558945e-15
319000,4.72284641049e-15
319250,3.22952205726e-15
319500,6.26964139361e-15
319750,5.72225899488e-15
320000,7.80916470355e-15
320250,5.74613338601e-15
320500,5.14530979998e-15
320750,5.13676006895e-15
321000,7.88860774548e-15
321250,7.27493806801e-15
321500,4.90509135285e-15
321750,3.524145956e-15
322000,5.23530844996e-15
322250,8.04433094688e-15
322500,5.99004205113e-15
322750,4.91840139727e-15
323000,4.42773152685e-15
323250,4.77748566283e-15
323500,1.0369489995e-14
323750,5.8110070306e-15
324000,9.33865393808e-15
324250,4.30614610085e-15
324500,4.44870571014e-15
324750,1.11060538015e-14
325000,1.87803326146e-14
325250,1.73173319316e-14
325500,5.94506906758e-15
325750,1.86193665891e-14
326000,9.78105861137e-15
326250,5.43690489096e-15
326500,1.42075430862e-15
326750,6.0403909887e-15
327000,7.01706818941e-15
327250,8.52463242783e-15
327500,4.62925995643e-15
327750,3.12464693295e-15
328000,5.28186204519e-15
328250,6.94565954144e-15
328500,7.94163784257e-15
328750,6.17408282577e-15
329000,3.24514110469e-15
329250,1.23949426586e-15
329500,6.05486151378e-15
329750,4.35111910741e-15
330000,3.7747292412e-15
330250,3.24959673448e-15
330500,4.07850138157e-15
330750,3.00972093377e-15
331000,8.92572677041e-15
331250,7.02522049602e-15
331500,3.24957576224e-15
331750,6.10229236598e-15
332000,5.51667803292e-15
332250,4.916738048e-15
332500,1.81373179103e-15
332750,4.10324953428e-15
333000,5.35484397569e-15
333250,3.18288556511e-15
333500,6.69040731683e-15
333750,6.12227694949e-15
334000,9.27756588448e-15
334250,1.01099868465e-14
334500,1.66803828296e-14
334750,1.43076328295e-14
335000,1.4605910139e-14
335250,1.84589396879e-14
335500,1.20062538514e-14
335750,4.09223480885e-15
336000,4.57753241728e-15
336250,7.09752074128e-15
336500,6.67742118434e-15
336750,5.32934074795e-15
337000,3.10670724401e-15
337250,1.0712637641e-15
337500,8.04364443273e-15
337750,8.34296391667e-15
338000,6.25871131858e-15
338250,7.91104048539e-15
338500,2.83237177302e-15
338750,7.65990945628e-15
339000,6.15508224428e-15
339250,6.21239537252e-15
339500,1.08162566617e-14
339750,5.09770426728e-15
340000,4.38043630093e-15
340250,4.33209701449e-15
340500,7.97884061898e-15
340750,4.1084007893e-15
341000,1.76468509805e-15
341250,8.43364148407e-15
341500,9.52158069874e-15
341750,7.06726349525e-15
342000,6.67841335149e-15
342250,4.85057309657e-15
342500,5.76922300251e-15
342750,6.40446957709e-15
343000,9.34329549636e-15
343250,5.86903407412e-15
343500,5.75462977386e-15
343750,4.82267243127e-15
344000,4.41843853517e-15
344250,5.53586877998e-15
344500,7.5484543841e-15
344750,7.01652567966e-15
345000,5.49808174359e-15
345250,4.17296945453e-15
345500,4.10627390778e-15
345750,6.69667044627e-15
346000,8.12041830726e-15
346250,3.98274140521e-15
346500,5.51138992306e-15
346750,4.24889047061e-15
347000,7.55126158256e-15
347250,3.99173970716e-15
347500,3.49476249388e-15
347750,5.07535876106e-15
348000,7.89275820891e-15
348250,3.62441608561e-15
348500,3.16180121235e-15
348750,6.67537867152e-15
349000,5.55454370351e-15
349250,3.90957947699e-15
349500,2.33724092317e-15
349750,5.4587257395e-15
350000,0.0679601306872
350250,1.48521526949e-14
350500,1.33207806053e-14
350750,1.06730032552e-14
351000,9.44730139742e-15
351250,1.03126462572e-14
351500,1.11954977777e-14
351750,9.52694889985e-15
352000,1.08624855042e-14
352250,7.41832852089e-15
352500,5.93408537518e-15
352750,1.11393336217e-14
353000,1.16772668677e-14
353250,7.20067771516e-15
353500,6.46257238471e-15
353750,3.61763866681e-15
354000,1.24104964254e-14
354250,1.00620111115e-14
354500,4.71643610332e-15
354750,4.58451525769e-15
355000,1.41320074679e-14
355250,6.25057567178e-15
355500,1.04294706557e-14
355750,2.34565020479e-14
356000,1.68757887049e-14
356250,2.35949496533e-14
356500,1.48800224439e-14
356750,1.01256849869e-14
357000,6.52188156531e-15
357250,7.52190701544e-15
357500,7.77944836616e-15
357750,2.30696124268e-15
358000,4.43736538587e-15
358250,4.9634294202e-15
358500,4.73873204339e-15
358750,6.263490479e-15
359000,3.23305459787e-15
359250,2.75950591727e-15
359500,6.66540960648e-15
359750,6.59793841595e-15
360000,7.56065697024e-15
360250,5.29526286325e-15
360500,7.07862969823e-15
360750,8.30767742612e-15
361000,6.23119351674e-15
361250,5.49195473795e-15
361500,7.56033875104e-15
361750,7.93833522202e-15
362000,1.21200866872e-14
362250,1.11550297157e-14
362500,1.38305839885e-14
362750,8.9055913372e-15
363000,6.36162982646e-15
363250,5.63432411297e-15
363500,9.82896464584e-15
363750,8.77281878131e-15
364000,5.06190737653e-15
364250,5.09917222992e-15
364500,5.43670856485e-15
364750,1.05435825812e-14
365000,8.87591783857e-15
365250,5.60704867737e-15
365500,3.83839343709e-15
365750,7.29958543867e-15
366000,8.4303726827e-15
366250,8.88062142191e-15
366500,8.25415425621e-15
366750,3.69586832271e-15
367000,3.45850268075e-15
367250,7.6274263097e-15
367500,8.21663325558e-15
367750,1.20032188844e-14
368000,7.32012072957e-15
368250,9.21390092233e-15
368500,5.28348066217e-15
368750,5.4661133308e-15
369000,4.13813895127e-15
369250,4.71517103149e-15
369500,2.85795857439e-15
369750,3.36706450753e-15
370000,3.52176856208e-15
370250,7.09573330624e-15
370500,7.81262719861e-15
370750,6.33092474367e-15
371000,6.61003770834e-15
371250,3.90940059968e-15
371500,5.11909869991e-15
371750,5.58559566865e-15
372000,5.23748516954e-15
372250,1.04749439119e-14
372500,4.12634867722e-15
372750,6.50168794179e-15
373000,6.36855464886e-15
373250,7.79192224676e-15
373500,6.7535489498e-15
373750,5.14629504628e-15
374000,6.52104276508e-15
374250,1.72262044939e-14
374500,5.07897392373e-15
374750,9.48031592153e-15
375000,1.1810007965e-14
375250,1.49245376068e-15
375500,1.11971264644e-14
375750,9.08435502784e-15
376000,3.41723498039e-15
376250,4.08553795079e-15
376500,3.64664861825e-15
376750,6.27865662323e-15
377000,6.29817784544e-15
377250,5.87571155744e-15
377500,3.86787630207e-15
377750,4.61809482079e-15
378000,4.0084494118e-15
378250,7.21057427079e-15
378500,3.79261415007e-15
378750,6.13835191928e-16
379000,4.02271305046e-15
379250,4.68158296282e-15
379500,6.58334492405e-15
379750,3.02767605674e-15
380000,5.30293177149e-15
380250,2.69097448022e-15
380500,4.62681024058e-15
380750,4.35879268332e-15
381000,7.65626416608e-15
381250,8.34146908507e-15
381500,7.76727014504e-15
381750,5.72521478496e-15
382000,6.35943536925e-15
382250,7.50680037496e-15
382500,1.01732834621e-14
382750,7.25079652659e-15
383000,9.41866096505e-15
383250,5.05724313719e-15
383500,5.47796776809e-15
383750,1.077613994e-14
384000,1.59141440988e-14
384250,1.82677225772e-14
384500,1.77664695471e-14
384750,1.5515443306e-14
385000,1.16267173013e-14
385250,1.41404525843e-14
385500,1.43145341417e-14
385750,1.45989403274e-14
386000,9.3887885447e-15
386250,1.14853060742e-14
386500,7.8428857926e-15
386750,7.25590166296e-15
387000,8.40965218891e-15
387250,1.11283817457e-14
387500,6.18887247794e-15
387750,8.95200773959e-15
388000,4.72489414705e-15
388250,6.34140236219e-15
388500,6.04615643752e-15
388750,1.11242922839e-14
389000,5.48531590861e-15
389250,8.16081922059e-15
389500,5.85542784422e-15
389750,1.09226416359e-14
390000,6.10418803286e-15
390250,9.7233865064e-15
390500,5.17350687643e-15
390750,4.20037739845e-15
391000,6.90192692293e-15
391250,4.23020285252e-15
391500,7.21615762174e-15
391750,6.00264225853e-15
392000,4.53403437173e-15
392250,5.54561872415e-15
392500,5.7995126339e-15
392750,4.44725070562e-15
393000,5.64015007021e-15
393250,4.78060659525e-15
393500,5.66700845551e-15
393750,4.23248429917e-15
394000,5.75687240715e-15
394250,5.01070429078e-15
394500,5.42047461681e-15
394750,8.08092027106e-15
395000,2.9626380157e-15
395250,6.44761923554e-15
395500,6.39711015358e-15
395750,3.2580054935e-15
396000,4.37382805329e-15
396250,4.23268452204e-15
396500,5.21002063387e-15
396750,4.81568958389e-15
397000,7.06375759802e-15
397250,1.06445517765e-14
397500,6.38073346981e-15
397750,8.11399703582e-15
398000,5.02846347045e-15
398250,7.93033478906e-15
398500,6.94497581873e-15
398750,6.02110953394e-15
399000,4.95148609599e-15
399250,6.91262128987e-15
399500,6.43211725775e-15
399750,7.83568569163e-15
400000,0.0104273684438
400250,8.57146148609e-15
400500,5.88181748972e-15
400750,6.59171441236e-15
401000,5.55726248639e-15
401250,9.2490565605e-15
401500,6.87884048927e-15
401750,5.35054808645e-15
402000,7.30090967269e-15
402250,6.05362729363e-15
402500,4.13968234141e-15
402750,5.86751862454e-15
403000,5.36509740288e-15
403250,3.42025448479e-15
403500,2.15369947103e-15
403750,7.84234476665e-16
404000,2.66854396087e-15
404250,3.90350921669e-15
404500,3.50238903176e-16
404750,2.39325730677e-15
405000,7.36544413579e-15
405250,5.39811122009e-15
405500,1.40318185598e-14
405750,1.78976575612e-14
406000,1.40337028115e-14
406250,1.29350090844e-14
406500,8.94038759396e-15
406750,3.96199649611e-15
407000,1.95377530382e-15
407250,4.15082947466e-15
407500,8.12421242484e-15
407750,6.25107172722e-15
408000,4.56396341365e-15
408250,1.54937581139e-15
408500,2.75308727576e-15
408750,6.52032972655e-15
409000,5.90129867402e-15
409250,4.11509854896e-15
409500,4.41373048416e-15
409750,3.53660568285e-15
410000,7.23222067694e-15
410250,5.87740229884e-15
410500,5.65728613483e-15
410750,6.11068727522e-15
411000,6.75212237871e-15
411250,8.63053374617e-15
411500,5.49969768472e-15
411750,8.68539057951e-15
412000,4.49123821753e-15
412250,2.35038836122e-15
412500,8.48342273815e-15
412750,4.47378982462e-15
413000,4.99810936368e-15
413250,6.55626600346e-15
413500,3.66187771262e-15
413750,7.07614733217e-15
414000,4.22701413446e-15
414250,3.98075482977e-15
414500,2.93874037385e-15
414750,5.78623771401e-15
415000,7.14995448794e-15
415250,5.5774423577e-15
415500,4.43577072404e-15
415750,4.88029360992e-15
416000,5.82268636569e-15
416250,2.43418448092e-15
416500,5.17695256893e-15
416750,5.641422203e-15
417000,2.76789170081e-15
417250,3.64695051729e-15
417500,4.57123445206e-15
417750,3.84762731327e-15
418000,1.26199696613e-14
418250,8.83903851872e-15
418500,1.31570502896e-14
418750,7.40356557573e-15
419000,7.36755533458e-15
419250,1.98972847206e-15
419500,8.48088936352e-15
419750,5.10400010297e-15
420000,5.46197235925e-15
420250,7.12784621115e-15
420500,8.91233663416e-15
420750,4.37199058662e-15
421000,4.73756547959e-15
421250,6.72532657472e-15
421500,2.31104141818e-15
421750,3.2090126445e-15
422000,3.17461848552e-15
422250,2.86133805534e-15
422500,3.51261306984e-15
422750,3.52386837719e-15
423000,2.56488487409e-15
423250,2.60691758857e-15
423500,3.83773223567e-15
423750,3.02164044073e-15
424000,4.23163705646e-15
424250,1.18116322775e-14
424500,7.56440238552e-15
424750,8.96646742902e-15
425000,5.77878252834e-15
425250,5.10950754211e-15
425500,3.53381112807e-15
425750,3.50709700755e-15
426000,3.98125538613e-15
426250,3.01586161428e-15
426500,5.62339396496e-15
426750,4.055143252e-15
427000,3.80615879636e-15
427250,5.77497774695e-15
427500,4.00478884284e-15
427750,2.7582435596e-15
428000,4.10696267192e-15
428250,3.90883751033e-15
428500,8.72116082695e-15
428750,5.20902449092e-15
429000,4.36951827637e-15
429250,1.55566695001e-15
429500,5.0895265455e-15
429750,3.84436113207e-15
430000,4.09623103294e-15
430250,5.33578443691e-15
430500,4.03351207383e-15
430750,3.24825168329e-15
431000,4.11890633114e-15
431250,2.27801326749e-15
431500,5.49055270473e-15
431750,3.80188788904e-15
432000,5.68998275878e-15
432250,1.93870709816e-15
432500,3.10173952863e-15
432750,1.95900856336e-15
433000,3.53573708025e-15
433250,2.53822656406e-15
433500,3.21387652817e-15
433750,2.90444243226e-15
434000,8.8965647604e-15
434250,8.00317120055e-15
434500,1.58945538789e-14
434750,1.16549178467e-14
435000,1.5816270416e-14
435250,1.18763324146e-14
435500,1.30080221412e-14
435750,7.10830609e-15
436000,8.20776602214e-15
436250,1.18532728352e-14
436500,1.40532075305e-15
436750,6.54112044242e-15
437000,1.88867269232e-15
437250,9.79717078979e-16
437500,6.91440483104e-15
437750,6.15011689971e-15
438000,5.37679493394e-15
438250,2.79658606322e-15
438500,4.41449922542e-15
438750,4.29432236605e-15
439000,6.04691847894e-15
439250,6.37251135374e-15
439500,6.32090497861e-15
439750,4.2184546982e-15
440000,4.71827309845e-15
440250,5.40866759508e-15
440500,7.62612413582e-15
440750,2.13524367267e-15
441000,2.22124402774e-16
441250,7.98500211432e-15
441500,8.52557723339e-15
441750,5.81907325654e-15
442000,6.12764144519e-15
442250,4.01362487968e-15
442500,5.63110152622e-15
442750,4.59113869032e-15
443000,6.38894914701e-15
443250,4.62140316707e-15
443500,3.87300571211e-15
443750,4.01108342366e-15
444000,2.32307865293e-15
444250,2.49381814378e-15
444500,5.96726615372e-15
444750,5.01923774949e-15
445000,4.28113190608e-15
445250,2.85266206442e-15
445500,2.36648462153e-15
445750,2.47218028798e-15
446000,4.19708056741e-15
446250,1.88950074171e-15
446500,2.71780028337e-15
446750,4.70346780526e-15
447000,1.28846829724e-14
447250,5.53876368366e-15
447500,3.41008628888e-15
447750,3.3434983074e-15
448000,6.85203564716e-15
448250,2.76985350023e-15
448500,2.31273988761e-15
448750,6.56955246344e-15
449000,6.97054289664e-15
449250,5.85562934665e-15
449500,5.50672031683e-15
449750,2.35800424018e-15
450000,0.0014161675505
450250,4.13131349692e-15
450500,4.87528823361e-15
450750,2.93724003481e-15
451000,3.65639035748e-15
451250,6.77019115277e-15
451500,6.22560951259e-15
451750,3.65020500814e-15
452000,7.15170508474e-15
452250,5.91429909881e-15
452500,5.86013348041e-15
452750,5.57461344262e-15
453000,8.17461117725e-15
453250,4.73493023865e-15
453500,5.87575583381e-15
453750,2.35768063146e-15
454000,7.59843458892e-15
454250,5.69404491602e-15
454500,5.87445447505e-15
454750,4.63734945214e-15
455000,5.18173794297e-15
455250,1.43414877347e-15
455500,3.09779015922e-15
455750,6.88452585144e-15
456000,8.81071812832e-15
456250,1.08852345913e-14
456500,5.99142627936e-15
456750,5.69003922103e-15
457000,2.59202724084e-15
457250,2.92088019306e-15
457500,5.83684671376e-15
457750,3.99145124888e-15
458000,6.2006574069e-15
458250,2.83330417154e-15
458500,4.94251305412e-15
458750,4.05110175742e-15
459000,4.72653379084e-15
459250,4.17702077297e-15
459500,1.6883454917e-15
459750,6.57799875745e-15
460000,4.35340586313e-15
460250,1.04095454073e-14
460500,4.51574697889e-15
460750,4.26871660496e-15
461000,4.69809293238e-15
461250,4.35318417162e-15
461500,4.35341017377e-15
461750,5.50936057883e-15
462000,3.06168633776e-15
462250,4.93065032851e-15
462500,4.42393509581e-15
462750,6.58932487683e-15
463000,2.69352221332e-15
463250,1.13936036401e-15
463500,8.27860556155e-15
463750,1.14619971313e-14
464000,2.32878277659e-15
464250,2.20315281666e-15
464500,8.87132926489e-15
464750,5.81223722012e-15
465000,8.69127109498e-15
465250,1.59744361854e-15
465500,2.41622726092e-15
465750,5.21966887611e-15
466000,4.58778095576e-15
466250,7.29678179024e-15
466500,4.46854564706e-15
466750,1.49912737981e-15
467000,1.82646979135e-15
467250,6.706327968e-15
467500,6.13584088129e-15
467750,9.88048571289e-15
468000,3.49338213111e-15
468250,7.61964912085e-15
468500,2.10510566532e-15
468750,7.21564467116e-15
469000,1.44598029721e-15
469250,7.1362048947e-15
469500,6.81778400529e-15
469750,3.21098215614e-15
470000,4.68603723462e-15
470250,9.38620010554e-15
470500,9.70223491765e-15
470750,8.48421317358e-15
471000,7.2883309853e-15
471250,1.48933640173e-15
471500,8.65390234313e-15
471750,6.80267644061e-15
472000,4.1290198166e-15
472250,9.3999589373e-15
472500,2.40593555507e-16
472750,4.53694456764e-15
473000,3.44183068362e-15
473250,5.36290417699e-15
473500,3.64093379851e-15
473750,3.86033491812e-15
474000,3.49496246494e-15
474250,9.43899835023e-15
474500,1.9489150101e-15
474750,7.35834381422e-15
475000,8.58274612339e-15
475250,3.69761149669e-15
475500,8.77986932744e-15
475750,8.25362398668e-15
476000,2.80750840524e-15
476250,1.70245870129e-15
476500,1.31325435456e-15
476750,2.38508300904e-15
477000,1.61115093894e-15
477250,4.76992911997e-15
477500,2.7211123646e-15
477750,3.51543109496e-15
478000,3.15960036611e-15
478250,3.87317791279e-15
478500,1.53173160825e-15
478750,7.44148880127e-16
479000,4.38815941352e-15
479250,2.84005881384e-15
479500,5.65056228602e-15
479750,3.67909631535e-15
480000,4.44678686474e-15
480250,3.75917159978e-15
480500,4.72896687403e-15
480750,3.41987684028e-15
481000,4.75797956051e-15
481250,4.6626750353e-15
481500,7.63865983899e-15
481750,5.41355911199e-15
482000,7.518289365e-15
482250,6.09165868316e-15
482500,7.36305925305e-15
482750,4.68831945979e-15
483000,5.9145578548e-15
483250,5.22804263495e-15
483500,4.71603561251e-15
483750,5.07398397798e-15
484000,7.50996077301e-15
484250,9.88758848204e-15
484500,8.21526539468e-15
484750,2.96812474621e-15
485000,2.59913299762e-15
485250,2.33961376487e-15
485500,6.23917843325e-15
485750,6.52480580697e-15
486000,6.3135588608e-15
486250,6.16174977252e-15
486500,8.38678671064e-15
486750,2.83124485012e-15
487000,3.24857639578e-15
487250,7.13822145903e-15
487500,6.19358642788e-15
487750,8.72448835764e-15
488000,4.68732436368e-15
488250,2.46754546701e-15
488500,2.03354645719e-15
488750,5.8045683197e-15
489000,5.38164720405e-15
489250,4.89821241731e-15
489500,3.78720839737e-15
489750,4.00663375257e-15
490000,2.86937086061e-15
490250,5.96897207304e-15
490500,2.52534686371e-15
490750,3.72902797128e-15
491000,8.8502074213e-15
491250,1.66976312032e-14
491500,1.03078377162e-14
491750,7.5178639193e-15
492000,6.88104426175e-15
492250,3.53835816666e-15
492500,5.32976340747e-15
492750,3.77866541268e-15
493000,5.07485754136e-15
493250,3.50696643624e-15
493500,5.51915446726e-15
493750,4.73558934733e-15
494000,6.77306482698e-15
494250,7.88518074021e-15
494500,6.94810087011e-15
494750,6.41375875206e-15
495000,4.00431600517e-15
495250,2.061620455e-15
495500,4.77657545794e-15
495750,3.89051031985e-15
496000,5.33889581299e-15
496250,2.5427095265e-15
496500,2.02575215896e-15
496750,4.19017384286e-15
497000,1.30499196255e-14
497250,1.48232142021e-14
497500,5.04467379736e-15
497750,7.31148684491e-15
498000,7.19568689645e-15
498250,6.45362580274e-15
498500,5.16552496993e-15
498750,1.01434546708e-14
499000,7.02506676305e-15
499250,3.36487086706e-15
499500,1.60207693975e-15
499750,6.03633905945e-15
500000,0.000172575417976
500250,8.24145218893e-15
500500,4.51941948521e-15
500750,3.77727765238e-15
501000,3.24977270663e-15
501250,5.14283460575e-15
501500,3.92611180958e-15
501750,3.29726659217e-15
502000,3.62351046204e-15
502250,4.63848847175e-15
502500,2.46753936041e-15
502750,3.72589607399e-15
503000,1.93220436582e-15
503250,2.60555554418e-15
503500,1.89419627634e-15
503750,2.56848357107e-15
504000,2.732276703e-15
504250,3.01244301977e-15
504500,2.22646112851e-15
504750,1.13069464677e-15
505000,3.11830488675e-15
505250,5.71641723303e-15
505500,6.90663512046e-15
505750,4.79475750501e-15
506000,8.12257769514e-15
506250,7.12252766234e-15
506500,4.69909750318e-15
506750,3.67406637199e-15
507000,3.42428676692e-15
507250,3.54807598904e-15
507500,4.35194995779e-15
507750,3.24382312444e-15
508000,1.42172577933e-15
508250,2.0164284646e-15
508500,3.44475042124e-15
508750,4.59905081745e-15
509000,6.01515658909e-15
509250,3.75979893824e-15
509500,1.32748761867e-14
509750,3.02997439203e-15
510000,2.31443454952e-15
510250,5.73718134787e-15
510500,1.02293838839e-14
510750,7.04445943465e-15
511000,8.48059535623e-15
511250,1.13969420933e-14
511500,8.79678764179e-15
511750,7.23482893969e-15
512000,6.42229379895e-15
512250,2.22624009907e-15
512500,3.80182067655e-15
512750,7.41149467263e-15
513000,6.59424937674e-15
513250,4.62767319133e-15
513500,5.07701431339e-15
513750,6.36342460939e-15
514000,2.57961217584e-15
514250,2.43465810599e-15
514500,5.42151634559e-15
514750,5.81199025212e-15
515000,6.3316438269e-15
515250,6.96722643696e-15
515500,8.31706611071e-15
515750,6.09774591435e-15
516000,7.53254935376e-15
516250,2.80379628225e-15
516500,2.36171259104e-15
516750,1.77672063057e-15
517000,3.69042943737e-15
517250,4.72871595724e-15
517500,4.80471827547e-15
517750,6.08539875333e-15
518000,5.90102814699e-15
518250,4.71881407821e-15
518500,6.12586865564e-15
518750,3.2386578036e-15
519000,7.02503075362e-15
519250,3.3890881074e-15
519500,6.86256166827e-15
519750,3.44347739768e-15
520000,5.34049719465e-15
520250,8.7661476288e-15
520500,8.52461586829e-15
520750,5.65097465696e-15
521000,5.30901340453e-15
521250,5.28436520318e-15
521500,1.03348890695e-14
521750,3.57135638228e-15
522000,5.44172035149e-15
522250,5.97297796399e-15
522500,3.80068198716e-15
522750,2.38284929483e-15
523000,3.65183467476e-15
523250,4.71743932415e-15
523500,1.51305113996e-15
523750,1.72826151656e-15
524000,3.52496471479e-15
524250,6.87029819879e-15
524500,6.46893301062e-15
524750,5.34292848874e-15
525000,7.6915655432e-15
525250,1.19062075276e-14
525500,9.53059353344e-15
525750,1.02695254346e-14
526000,1.11543825192e-14
526250,1.15043810571e-15
526500,1.01991768473e-14
526750,7.81727034767e-16
527000,3.16174732121e-15
527250,4.77906042203e-15
527500,7.11357170996e-15
527750,3.63174842618e-15
528000,3.42379233445e-15
528250,2.26181352171e-15
528500,5.80098049138e-15
528750,5.45280970828e-15
529000,6.36113101413e-15
529250,3.20259481433e-15
529500,6.7363272329e-15
529750,3.05010238214e-15
530000,5.49561435513e-15
530250,5.23828288861e-15
530500,7.36628736352e-15
530750,5.58041759586e-15
531000,5.13419110943e-15
531250,2.15613107793e-15
531500,2.30559046359e-15
531750,1.94707406049e-15
532000,3.01218376614e-15
532250,3.21368016529e-15
532500,3.8305871087e-15
532750,2.32215532751e-15
533000,3.55399247476e-15
533250,2.3498082907e-15
533500,3.66088636527e-15
533750,3.17471402085e-15
534000,3.6837555446e-15
534250,1.94751519611e-15
534500,4.84725435281e-15
534750,2.93773297915e-15
535000,4.19059508048e-15
535250,2.32337788985e-15
535500,1.82778312917e-15
535750,1.655193631e-15
536000,1.60549924122e-15
536250,5.27229051937e-15
536500,2.68774484298e-15
536750,3.82390907329e-15
537000,2.93510190714e-16
537250,6.02892125199e-16
537500,3.19887510675e-15
537750,5.02866356768e-15
538000,3.79955395784e-15
538250,1.08695369447e-15
538500,4.439795326e-15
538750,3.00395345081e-15
539000,5.70693473258e-15
539250,5.82086362183e-15
539500,2.77955395072e-15
539750,3.91739275884e-15
540000,3.13348880381e-15
540250,3.27900604074e-15
540500,1.65124694845e-15
540750,5.20115651163e-15
541000,2.95908508273e-15
541250,9.00837076376e-15
541500,6.28318973553e-15
541750,6.25747856092e-15
542000,7.22674396995e-15
542250,5.32957605539e-15
542500,5.14804676182e-15
542750,2.30461515415e-15
543000,6.07444566219e-15
543250,3.44934320827e-15
543500,2.21465611826e-15
543750,2.89973115959e-15
544000,2.86931129206e-15
544250,2.65106764734e-15
544500,6.41615932155e-15
544750,4.42096552798e-15
545000,3.60457145364e-15
545250,5.84830969806e-15
545500,1.79067909565e-15
545750,2.68431095584e-15
546000,1.38468529088e-15
546250,3.79400379818e-15
546500,4.48040154242e-15
546750,7.51198471479e-15
547000,1.35337838947e-14
547250,8.21213762373e-15
547500,1.85671387321e-15
547750,3.7820197367e-15
548000,4.91166455737e-15
548250,1.83069359337e-15
548500,4.93754140612e-15
548750,6.60964881324e-15
549000,6.45400635556e-15
549250,4.46129123414e-15
549500,5.90519559791e-15
549750,5.56492661378e-15
550000,1.90751632466e-05
550250,5.12494963963e-15
550500,1.80941187527e-15
550750,1.17729431934e-15
551000,1.81290875136e-15
551250,3.59167370003e-15
551500,4.95262044531e-15
551750,2.64468057185e-15
552000,3.99111133796e-15
552250,2.99350441832e-15
552500,6.36721322607e-15
552750,5.45949493999e-15
553000,3.54231173582e-15
553250,2.69110509862e-15
553500,2.12573539895e-15
553750,4.20390926463e-15
554000,5.57431804406e-15
554250,6.52971335479e-15
554500,3.38186467178e-15
554750,2.87082475592e-15
555000,2.6908231614e-15
555250,3.12150525438e-15
555500,7.51443915715e-15
555750,7.29311398932e-15
556000,6.00189131915e-15
556250,8.4604198788e-16
556500,2.09547588036e-15
556750,5.71313503469e-15
557000,5.46594103932e-15
557250,8.9503396792e-15
557500,4.64244691838e-15
557750,5.74454728779e-15
558000,4.65269746239e-15
558250,5.38894146796e-15
558500,5.47418649372e-15
558750,3.8468806571e-15
559000,4.90870117656e-15
559250,4.21522487846e-15
559500,3.59451123656e-15
559750,7.40078043359e-15
560000,5.06158440524e-15
560250,1.03392822327e-14
560500,6.50950070288e-15
560750,4.37235199226e-15
561000,2.66177604018e-15
561250,6.86148489158e-15
561500,9.1060648535e-15
561750,1.66277898343e-14
562000,1.33363735562e-14
562250,1.60884344719e-15
562500,5.53541075302e-15
562750,3.24411626514e-15
563000,1.9783166446e-15
563250,2.17698727761e-15
563500,2.19234440265e-15
563750,3.68558770573e-15
564000,1.70584459056e-15
564250,1.74809248222e-15
564500,3.75572318036e-15
564750,3.39886362554e-15
565000,5.81585000831e-15
565250,2.4298889929e-15
565500,3.48635272037e-15
565750,1.79647098526e-15
566000,2.60164763722e-15
566250,6.12483354634e-15
566500,3.78833552247e-15
566750,3.42697619627e-15
567000,2.07985441706e-15
567250,4.14649833209e-15
567500,7.97813695919e-15
567750,8.69879005994e-15
568000,9.1863145336e-15
568250,8.10930396499e-15
568500,6.92498280308e-15
568750,2.01406615925e-15
569000,1.20742090667e-15
569250,1.52792062078e-15
569500,3.74485391634e-15
569750,4.10809734195e-15
570000,4.6177034946e-15
570250,2.03678873136e-15
570500,3.13593881577e-15
570750,3.02874088868e-15
571000,5.65274817686e-15
571250,2.63845260902e-15
571500,1.71237103389e-14
571750,7.93243341742e-15
572000,1.20104722084e-14
572250,8.77045154004e-15
572500,3.74298178498e-15
572750,5.02850941503e-15
573000,9.58370881592e-16
573250,4.35512788609e-15
573500,1.05861978405e-15
573750,1.52449801183e-15
574000,1.58294601681e-15
574250,7.65158475026e-15
574500,2.87662323013e-15
574750,5.42763111339e-15
575000,8.65357695581e-15
575250,6.42672368014e-15
575500,9.79108903549e-15
575750,6.64468757479e-15
576000,1.84897746823e-15
576250,3.36132523241e-15
576500,2.51483568394e-15
576750,1.6834476516e-15
577000,2.22821006946e-15
577250,4.25327227755e-15
577500,4.36568585359e-15
577750,1.78250979737e-15
578000,3.04963734747e-15
578250,3.57703108646e-15
578500,1.58748704337e-15
578750,2.06928690914e-15
579000,2.41123523897e-15
579250,2.03366724945e-15
579500,5.48474282886e-15
579750,5.35923441287e-15
580000,4.57112736807e-15
580250,3.92165685926e-15
580500,2.62454358119e-15
580750,3.7324937371e-15
581000,2.0191237319e-15
581250,3.50459915455e-15
581500,5.55354136395e-15
581750,4.71172453067e-15
582000,5.29046198832e-15
582250,3.79662771995e-15
582500,1.21229609588e-15
582750,1.3596469249e-15
583000,4.59636972075e-15
583250,4.08659745814e-15
583500,4.80905051274e-15
583750,2.88703004953e-15
584000,4.11763163702e-15
584250,2.96950642263e-15
584500,4.27337271445e-15
584750,3.2746165659e-15
585000,3.53843280844e-15
585250,9.27830714056e-16
585500,2.98960546212e-15
585750,3.58888122046e-15
586000,4.98678049609e-15
586250,3.08156762038e-15
586500,3.89507003572e-15
586750,2.63802056812e-15
587000,1.14114084952e-15
587250,7.14096412957e-15
587500,8.39976641074e-15
587750,6.38024361603e-15
588000,5.21504439012e-15
588250,3.16454717713e-15
588500,1.56633616345e-15
588750,2.64143131094e-15
589000,2.55084670024e-15
589250,2.44492495879e-15
589500,2.41072762064e-15
589750,3.15441171414e-15
590000,2.44435226672e-15
590250,3.06653876332e-15
590500,2.98734746768e-15
590750,4.38561312532e-15
591000,3.43135207695e-15
591250,9.32780077553e-15
591500,6.52876221482e-15
591750,3.81922033952e-15
592000,4.29610587909e-15
592250,1.48857293694e-15
592500,3.4925804277e-15
592750,1.32671902624e-15
593000,2.42903567766e-15
593250,2.43099715921e-15
593500,2.0801539901e-15
593750,3.23151498492e-15
594000,3.27934021869e-15
594250,5.33295918559e-15
594500,4.85682551305e-15
594750,3.53987506173e-15
595000,3.30048885178e-15
595250,2.75136547555e-15
595500,5.53076204121e-15
595750,7.06284807429e-15
596000,5.52393484019e-15
596250,4.17356136115e-15
596500,3.04507738167e-15
596750,3.75918401738e-15
597000,4.9362777221e-15
597250,7.39676520111e-15
597500,6.34896491024e-15
597750,5.64488487414e-15
598000,5.39174762827e-15
598250,5.40471679008e-15
598500,4.83237455374e-15
598750,8.12163487312e-15
599000,6.58845273692e-15
599250,4.65050835182e-15
599500,4.17019457798e-15
599750,6.35288483582e-15
600000,1.92937718752e-06
600250,9.52471393631e-15
600500,7.19490559555e-15
600750,2.84770996369e-15
601000,3.7594019335e-15
601250,7.92586707438e-16
601500,1.71911763031e-15
601750,3.80506353948e-15
602000,1.19898811222e-15
602250,2.60836213916e-15
602500,7.35145340939e-15
602750,1.67494654332e-14
603000,1.54732220137e-14
603250,3.53188953536e-15
603500,5.0024632209e-15
603750,2.18874060596e-15
604000,7.85486173253e-16
604250,2.65584860203e-15
604500,1.97362700481e-15
604750,1.47430070649e-15
605000,2.42196884963e-15
605250,3.98711481758e-15
605500,4.12546159481e-15
605750,4.23367273921e-15
606000,4.76962018499e-15
606250,4.56936452386e-15
606500,1.72716585511e-15
606750,2.12017606604e-15
607000,4.54969409344e-15
607250,4.41899025181e-15
607500,5.22800132212e-15
607750,4.08279797732e-15
608000,1.85094627843e-15
608250,4.75916328099e-15
608500,3.4544646075e-15
608750,6.34941717622e-15
609000,4.23075206609e-15
609250,3.82175072133e-15
609500,7.23158276827e-15
609750,3.82410551294e-15
610000,5.57585360875e-15
610250,3.3383267459e-15
610500,6.47763679821e-15
610750,5.92440990586e-15
611000,7.11976823785e-15
611250,5.70621902516e-15
611500,1.77479166337e-14
611750,3.25359575927e-14
612000,2.89426824229e-14
612250,9.23000746644e-15
612500,4.81957495721e-15
612750,6.10555155477e-15
613000,1.58642714662e-15
613250,4.08752215117e-15
613500,1.41572144949e-15
613750,2.89452435939e-15
614000,2.15352266652e-15
614250,3.80534457511e-15
614500,3.03166800664e-15
614750,4.09393252815e-15
615000,1.4846936108e-15
615250,2.94792164792e-15
615500,4.49437582815e-15
615750,5.06952250505e-15
616000,4.09932490353e-15
616250,1.75796395365e-15
616500,2.25065395378e-15
616750,3.74310798069e-15
617000,6.77881632618e-15
617250,7.47725584688e-15
617500,7.03609053904e-15
617750,9.5541747757e-15
618000,1.80854264007e-15
618250,7.6127658706e-15
618500,4.12892195553e-15
618750,5.50891857856e-15
619000,7.28504790066e-15
619250,4.63174185386e-15
619500,7.09482404998e-15
619750,2.17182571202e-15
620000,5.12689058893e-15
620250,9.53700418348e-15
620500,4.99959253668e-15
620750,4.47707011519e-15
621000,2.90958992031e-15
621250,4.42564572241e-15
621500,8.39261300873e-15
621750,1.43748961014e-15
622000,9.18654167712e-15
622250,9.87136175379e-15
622500,5.47954326532e-15
622750,1.90035124916e-15
623000,2.73978462757e-15
623250,3.44377767322e-15
623500,5.71514857834e-15
623750,3.29637558594e-15
624000,7.01016330013e-15
624250,4.83532217969e-15
624500,3.23494098469e-15
624750,1.4105777794e-15
625000,2.02972458618e-15
625250,6.27615840323e-15
625500,3.92664616007e-15
625750,4.02938026826e-15
626000,5.19741731683e-15
626250,1.83537854314e-15
626500,3.15602145359e-15
626750,2.5091496799e-15
627000,4.24296645181e-15
627250,5.16964506752e-15
627500,5.314850678e-15
627750,1.3750522453e-15
628000,4.22050166131e-15
628250,3.47881220891e-15
628500,5.39970045029e-15
628750,5.59947862157e-15
629000,3.9633120015e-15
629250,3.44380416777e-15
629500,6.00393066424e-15
629750,6.36180763573e-15
630000,8.86549796049e-15
630250,9.35085338223e-15
630500,1.30474195525e-14
630750,1.00392037446e-14
631000,1.00680380159e-14
631250,7.93024611433e-15
631500,5.10788149396e-15
631750,3.82200193437e-15
632000,4.60525225245e-15
632250,5.41978013337e-15
632500,2.08154442219e-15
632750,2.08037058843e-15
633000,3.63820954071e-15
633250,2.00904743226e-15
633500,2.21191569591e-15
633750,4.03561807823e-15
634000,3.15987803734e-15
634250,3.32132668565e-15
634500,7.10802959127e-16
634750,1.67353315319e-15
635000,3.15084106301e-15
635250,2.04272530571e-15
635500,1.87553166863e-15
635750,1.58245004642e-15
636000,1.93955129376e-15
636250,7.57311158002e-16
636500,2.10795132686e-15
636750,2.74244951736e-15
637000,1.04448814308e-15
637250,5.35579900451e-16
637500,3.45300203611e-15
637750,4.90789231936e-15
638000,1.48114879544e-15
638250,1.42434659171e-15
638500,2.85266576159e-15
638750,2.51292448286e-15
639000,3.54243666455e-15
639250,2.92186611331e-15
639500,1.91083046485e-15
639750,2.92059966843e-15
640000,4.06441953816e-15
640250,2.85074628213e-15
640500,6.71786513159e-15
640750,1.1688172573e-14
641000,4.01149801909e-15
641250,7.26668665825e-15
641500,1.90741659286e-15
641750,4.55811389411e-15
642000,2.42330346146e-15
642250,3.11619773075e-15
642500,1.80223210172e-15
642750,4.09102263126e-15
643000,6.09800027275e-15
643250,6.18509957808e-15
643500,5.25304523662e-15
643750,5.63465872346e-15
644000,5.01502029886e-15
644250,4.88063371774e-15
644500,4.16565609675e-15
644750,5.33286537041e-15
645000,3.96808768452e-15
645250,5.55183180018e-15
645500,4.0361943994e-15
645750,4.2492681951e-15
646000,1.78340581614e-15
646250,4.47472282726e-15
646500,4.45841857831e-15
646750,7.14260079466e-15
647000,1.03826159733e-14
647250,9.73142472489e-15
647500,2.8258491076e-15
647750,4.60087329629e-15
648000,1.21745831208e-15
648250,6.73813273292e-16
648500,3.39511120864e-15
648750,9.41337449401e-16
649000,6.04190565009e-15
649250,2.31213469321e-15
649500,4.4932721487e-15
649750,3.71973403451e-15
650000,1.79893480724e-07
650250,3.99345380897e-15
650500,1.61851284985e-15
650750,1.34309615153e-15
651000,7.85581080878e-15
651250,4.85805137618e-15
651500,8.30764509532e-15
651750,3.71197734097e-15
652000,9.19091406528e-15
652250,4.6553773493e-15
652500,2.3383344437e-14
652750,4.03547821835e-14
653000,3.0606730695e-14
653250,8.69087066353e-15
653500,7.97358411742e-15
653750,7.50439728117e-15
654000,2.14531402318e-15
654250,7.21148995487e-15
654500,7.48202474603e-16
654750,6.42426104141e-15
655000,2.16141006994e-15
655250,7.86291788563e-15
655500,2.83188522469e-15
655750,7.10543578817e-15
656000,2.95212772658e-15
656250,4.14863413381e-15
656500,2.46471601523e-15
656750,7.49991335301e-15
657000,6.7177230502e-15
657250,9.91539863637e-15
657500,1.32513276606e-15
657750,7.96564906342e-15
658000,2.9321382435e-15
658250,6.54638373433e-15
658500,3.14306036278e-15
658750,5.9386101797e-15
659000,3.61520536866e-15
659250,6.45473342931e-15
659500,2.23200561579e-15
659750,6.71875529619e-15
660000,1.84421528965e-15
660250,1.12449934772e-14
660500,2.78225817392e-15
660750,9.16176072037e-15
661000,5.48989246096e-15
661250,1.33422772191e-14
661500,1.87277172596e-14
661750,4.85541759293e-14
662000,4.22364952892e-14
662250,9.84204121364e-15
662500,1.0987856584e-14
662750,5.39443467348e-15
663000,4.13682858169e-15
663250,2.73041408179e-15
663500,2.61970646984e-15
663750,1.14004075004e-15
664000,2.6230417848e-15
664250,1.14178806078e-15
664500,3.6877231885e-16
664750,1.26444905236e-15
665000,4.27145875281e-15
665250,1.07269551621e-15
665500,3.10770329398e-15
665750,3.12126761121e-15
666000,1.6538288237e-15
666250,3.26375748243e-15
666500,2.99930043358e-15
666750,1.01219530048e-15
667000,5.36338078783e-16
667250,4.58691763835e-15
667500,6.6139941609e-15
667750,5.26510090452e-15
668000,9.13903929528e-15
668250,2.46649187983e-15
668500,8.07350885665e-15
668750,5.08734924336e-15
669000,2.35406502543e-15
669250,4.461933394e-15
669500,8.048174465e-15
669750,1.23265235856e-15
670000,1.37377999422e-15
670250,7.64836747194e-15
670500,6.05671871482e-15
670750,3.03627489285e-15
671000,6.04687666496e-15
671250,3.43425345536e-15
671500,6.5180205971e-15
671750,5.00827475898e-17
672000,2.77412721322e-15
672250,2.05615721681e-15
672500,3.6487831854e-15
672750,2.95008837987e-15
673000,5.17717499393e-15
673250,3.55687067633e-15
673500,4.95316192817e-15
673750,1.31321635059e-15
674000,6.22155827773e-15
674250,7.42252625831e-15
674500,1.98115778373e-15
674750,2.72513331133e-15
675000,4.12969349205e-15
675250,5.85904380833e-15
675500,8.47414455689e-15
675750,3.07392712542e-15
676000,7.26765712124e-15
676250,2.4285611741e-15
676500,5.59946596189e-15
676750,8.31836911703e-16
677000,2.88298235792e-15
677250,4.52152114896e-15
677500,1.37867530192e-15
677750,1.63031645715e-15
678000,2.00451880017e-15
678250,1.55681821868e-15
678500,3.82038694573e-15
678750,3.60300276289e-15
679000,1.7153327567e-15
679250,1.03678212785e-15
679500,3.59147765339e-15
679750,6.09507179512e-15
680000,6.48568564624e-15
680250,3.54340781987e-15
680500,2.92926447708e-15
680750,1.58138110918e-15
681000,1.61992794986e-15
681250,2.65979532321e-15
681500,4.81674534331e-15
681750,4.46458040524e-15
682000,6.25705295916e-15
682250,4.7137953876e-15
682500,7.46669818353e-15
682750,3.994278781e-15
683000,5.13428042273e-15
683250,3.27233549961e-15
683500,1.48451329198e-15
683750,7.74325905242e-16
684000,3.40714348773e-15
684250,2.4884987513e-15
684500,5.15520236872e-15
684750,5.3470313554e-15
685000,2.25215949743e-15
685250,5.26090895669e-16
685500,1.31738202287e-15
685750,2.41881357166e-15
686000,4.73261099122e-15
686250,3.16704624388e-15
686500,2.67387464908e-15
686750,4.24786543013e-15
687000,1.27264857716e-15
687250,4.07562970999e-15
687500,3.02759024754e-15
687750,4.23630774892e-15
688000,1.7125795524e-15
688250,5.94192071089e-16
688500,5.41594505563e-16
688750,6.15960657795e-16
689000,2.1697509408e-15
689250,1.1096161325e-15
689500,1.26701972178e-15
689750,2.1618499244e-15
690000,1.40581984812e-15
690250,1.4621921063e-15
690500,2.52176637989e-15
690750,4.51261742258e-15
691000,2.48280407959e-15
691250,2.99853443267e-15
691500,4.47928827247e-15
691750,2.6416686322e-15
692000,2.3843306079e-15
692250,1.22961069928e-15
692500,2.71091500399e-15
692750,3.33803585755e-15
693000,4.31663902329e-15
693250,5.62230477671e-15
693500,5.13896553908e-15
693750,4.75348046266e-15
694000,4.85088284096e-15
694250,4.50460435686e-15
694500,4.23932554731e-15
694750,4.29772019138e-15
695000,4.42411533893e-15
695250,5.8378332106e-15
695500,5.61001310238e-15
695750,5.77398419638e-15
696000,4.65498704142e-16
696250,4.70197489039e-15
696500,4.0017124498e-15
696750,9.79387459644e-15
697000,1.70053384054e-14
697250,2.93643618289e-15
697500,5.29686420831e-15
697750,2.13369225893e-15
698000,5.91897278802e-15
698250,3.6767239877e-15
698500,4.90439182685e-15
698750,5.77832895463e-15
699000,7.57546347918e-15
699250,5.05724098098e-15
699500,5.46376859542e-15
699750,2.3443079215e-15
700000,1.55582135816e-08
700250,2.81435605677e-15
700500,7.31284406941e-15
700750,8.68725191243e-16
701000,5.03669464452e-15
701250,1.90583048733e-15
701500,8.54047985926e-15
701750,3.35336212912e-15
702000,1.44253643049e-14
702250,4.34309187919e-15
702500,2.97618261464e-14
702750,5.95344448405e-14
703000,4.85749553906e-14
703250,1.18265336014e-14
703500,1.12114568724e-14
703750,6.08864328209e-15
704000,6.41303882211e-15
704250,4.60728605416e-15
704500,3.12724850076e-15
704750,4.77862628354e-15
705000,2.52015330968e-15
705250,6.34105294547e-15
705500,1.34989987179e-15
705750,4.16852812087e-15
706000,2.20769228411e-15
706250,2.97960532727e-15
706500,1.72090548246e-15
706750,3.94155463635e-15
707000,3.71529042493e-15
707250,6.41421311807e-15
707500,1.51077580519e-15
707750,3.88151566987e-15
708000,2.54710370441e-15
708250,6.26501279753e-15
708500,2.5267762159e-15
708750,7.04219707234e-15
709000,2.60226299725e-15
709250,5.72375060337e-15
709500,1.6261412766e-15
709750,7.02092574129e-15
710000,2.22562118229e-15
710250,8.17950089947e-15
710500,2.6309017076e-15
710750,3.08063518139e-15
711000,4.09104980284e-15
711250,4.60248308194e-15
711500,1.40905623545e-14
711750,2.58686462407e-14
712000,2.40630525587e-14
712250,9.18814570201e-15
712500,6.73311806917e-15
712750,5.08790554287e-15
713000,4.76807896572e-15
713250,4.9579364043e-15
713500,2.43686752247e-15
713750,2.91174608447e-15
714000,2.57691780787e-15
714250,4.26451892695e-15
714500,3.68560327646e-15
714750,2.31837202439e-15
715000,3.30338927885e-15
715250,2.15170694732e-15
715500,5.31630100233e-15
715750,1.45657016273e-15
716000,6.34792527312e-15
716250,2.16271631084e-15
716500,7.30026439815e-15
716750,5.98858092249e-15
717000,6.82565620378e-15
717250,7.33298654403e-15
717500,5.15067704688e-15
717750,3.06664681154e-15
718000,4.0866263702e-15
718250,8.24921321766e-16
718500,3.87440215251e-15
718750,2.29904990482e-15
719000,7.4935336812e-15
719250,3.30152157387e-15
719500,9.27669887072e-15
719750,3.29846131062e-15
720000,6.41767762972e-15
720250,8.18120915524e-15
720500,4.5929243831e-15
720750,5.76370410222e-15
721000,3.25186358249e-15
721250,6.44553913604e-15
721500,6.34442561645e-15
721750,2.56030249267e-15
722000,9.56057043083e-15
722250,5.45135642917e-15
722500,7.88926313285e-15
722750,2.814163691e-15
723000,2.24698747911e-15
723250,1.09080628427e-15
723500,1.22432807374e-14
723750,3.7067151246e-15
724000,9.84002988573e-15
724250,7.17375329171e-15
724500,2.22747151826e-15
724750,2.95135751057e-15
725000,4.96960143865e-15
725250,6.85543052443e-15
725500,3.79858275143e-15
725750,5.45523736067e-15
726000,1.29034131426e-15
726250,1.58606710885e-15
726500,4.42952603369e-15
726750,7.01868618775e-15
727000,7.61771100435e-15
727250,5.12394187136e-15
727500,6.865014403e-15
727750,6.50032806113e-15
728000,7.23875695713e-15
728250,6.64300569048e-15
728500,7.98782631258e-15
728750,5.0447178654e-15
729000,6.7834743104e-15
729250,8.39296870191e-15
729500,9.0215363785e-15
729750,8.05922747934e-15
730000,7.60452263145e-15
730250,3.74505145625e-15
730500,6.78578286403e-15
730750,1.01630182432e-14
731000,1.31128498745e-14
731250,1.45145950974e-14
731500,1.39132647457e-14
731750,1.37657940856e-14
732000,1.63592349388e-14
732250,1.54186521507e-14
732500,1.62860016309e-14
732750,1.62697626094e-14
733000,1.43247519344e-14
733250,5.77488538382e-15
733500,4.56892610754e-15
733750,1.24071439639e-14
734000,8.36977509625e-15
734250,9.43435746259e-15
734500,3.57009700899e-15
734750,4.49745712586e-15
735000,2.59477733679e-15
735250,4.04450906485e-15
735500,4.24825466999e-15
735750,6.0178785006e-15
736000,7.0163772521e-15
736250,3.18570589914e-15
736500,2.02752056121e-15
736750,2.82204395547e-15
737000,3.701252314e-15
737250,3.68089051794e-15
737500,2.30699906998e-15
737750,2.61777524672e-15
738000,3.84907027752e-15
738250,1.23593807716e-15
738500,1.67207358858e-15
738750,1.57085832584e-15
739000,1.9135113222e-15
739250,4.40978044911e-16
739500,9.05284171936e-16
739750,1.65989682544e-15
740000,1.50317537968e-15
740250,1.30819056156e-15
740500,4.11798758931e-15
740750,6.2417489178e-15
741000,2.58590010016e-15
741250,3.46602278711e-15
741500,2.67168797267e-15
741750,1.25054387593e-15
742000,1.16788508514e-15
742250,2.69708035969e-15
742500,2.50330496861e-15
742750,4.85651407709e-15
743000,4.47828918575e-15
743250,4.86638805152e-15
743500,3.63400196842e-15
743750,4.17296075111e-15
744000,3.32971816048e-15
744250,4.85033001178e-15
744500,1.62091828521e-15
744750,3.87271655309e-15
745000,4.40776435816e-15
745250,2.70468902042e-15
745500,5.69006247536e-15
745750,2.82187469319e-15
746000,3.5715850982e-15
746250,2.45770513816e-15
746500,1.4136073704e-15
746750,5.2583465598e-15
747000,9.99936925224e-15
747250,9.60991782226e-15
747500,2.32157006065e-15
747750,4.87803529649e-15
748000,1.00147241453e-15
748250,4.66838054251e-15
748500,3.10339359582e-15
748750,4.78974891411e-15
749000,9.96271915466e-15
749250,5.42106873572e-15
749500,7.83987348729e-15
749750,2.96510239543e-15
750000,1.25476425962e-09
750250,3.45131865341e-15
750500,3.85002406323e-15
750750,9.81444203486e-16
751000,9.21860498133e-15
751250,4.04950060153e-15
751500,6.70719956838e-15
751750,3.56642028498e-15
752000,5.39256106709e-15
752250,3.62315099766e-15
752500,1.99938612462e-14
752750,3.60918428474e-14
753000,2.86092725998e-14
753250,5.46441521138e-15
753500,7.95707101564e-15
753750,6.34190394477e-15
754000,2.31299255944e-15
754250,4.40558217574e-15
754500,2.15073723331e-15
754750,5.19653728794e-15
755000,3.72081804728e-15
755250,6.40863555375e-15
755500,1.41859156501e-15
755750,4.11374583318e-15
756000,8.93442300903e-16
756250,3.17136283864e-15
756500,2.64905811735e-15
756750,4.68658889136e-15
757000,4.61075476175e-15
757250,4.16610379089e-15
757500,1.54777868746e-15
757750,4.35298209616e-15
758000,2.76960718773e-15
758250,4.99197212531e-15
758500,2.56751109167e-15
758750,2.81917617504e-15
759000,1.9597478913e-15
759250,4.9277557995e-15
759500,3.16399415234e-15
759750,3.88570898777e-15
760000,2.7153974922e-15
760250,5.9313231366e-15
760500,4.03976799654e-15
760750,4.22722987576e-15
761000,5.74227394689e-15
761250,9.12514841455e-15
761500,1.62193312039e-15
761750,4.60305808928e-15
762000,3.59008588699e-15
762250,2.58594949648e-15
762500,4.71887789825e-15
762750,4.59752038243e-15
763000,8.13302875518e-16
763250,2.83891528951e-16
763500,2.72161475192e-15
763750,3.78772011558e-15
764000,3.60684580753e-15
764250,3.30861072776e-15
764500,3.53767424641e-15
764750,1.24455318748e-15
765000,1.31505193322e-15
765250,2.56027791367e-15
765500,4.88773362425e-15
765750,5.22391086897e-15
766000,1.60364369565e-15
766250,8.88221172565e-16
766500,8.78914079303e-16
766750,3.99666200337e-15
767000,2.54287142815e-15
767250,5.06753614433e-15
767500,3.38593813917e-15
767750,3.58374539502e-15
768000,1.33971871387e-15
768250,5.18574293508e-15
768500,1.66102210978e-15
768750,6.59333473506e-15
769000,3.41363210749e-15
769250,2.26881701162e-15
769500,2.30100990923e-15
769750,3.19032086178e-15
770000,1.5043989652e-15
770250,2.72746767022e-15
770500,2.85944277801e-15
770750,1.48015994474e-15
771000,4.05028850127e-15
771250,6.50254900033e-15
771500,1.25938023181e-14
771750,1.00078982376e-14
772000,1.41376142257e-14
772250,5.64912138254e-15
772500,4.84869200576e-15
772750,8.71698193242e-15
773000,6.70336217938e-15
773250,1.43426077162e-15
773500,5.37846927728e-15
773750,4.75264790814e-15
774000,5.35574457721e-15
774250,8.853364846e-16
774500,2.0306309027e-15
774750,2.49569836328e-15
775000,1.61927329474e-15
775250,4.30175251963e-15
775500,2.26426927188e-15
775750,4.55537529285e-15
776000,3.07861214001e-15
776250,9.7555278241e-15
776500,4.54833209291e-15
776750,9.82132164289e-15
777000,1.9359195069e-15
777250,4.63114840032e-15
777500,5.16407774675e-15
777750,1.11522488398e-14
778000,9.20715462371e-15
778250,1.08205367448e-14
778500,7.84240007891e-15
778750,3.88503945182e-15
779000,4.23181019432e-15
779250,9.01207679084e-15
779500,1.20323204418e-14
779750,1.40596209122e-14
780000,1.163748077e-14
780250,2.46841521448e-15
780500,2.65059347728e-15
780750,8.6763203687e-15
781000,1.62768704739e-14
781250,1.97164944385e-14
781500,2.06291574863e-14
781750,2.17774767472e-14
782000,2.1167838705e-14
782250,2.31373181159e-14
782500,2.43592754435e-14
782750,1.62635170681e-14
783000,1.65510856064e-14
783250,1.71030242284e-14
783500,4.7900057567e-15
783750,1.15297896511e-14
784000,2.4204444153e-14
784250,1.06078857588e-14
784500,1.54724218113e-14
784750,1.44641616589e-14
785000,2.86087937928e-15
785250,3.67450841426e-15
785500,6.60763908591e-15
785750,8.97659394854e-15
786000,1.06683759386e-14
786250,4.2303634956e-15
786500,6.03520672834e-15
786750,6.06812988577e-15
787000,6.64375950302e-15
787250,6.739144684e-15
787500,5.08461737986e-15
787750,7.32295363429e-15
788000,9.08267593772e-16
788250,3.89084962792e-15
788500,4.88169206659e-15
788750,2.49801813866e-15
789000,3.35324415442e-15
789250,6.15674871676e-16
789500,3.95823009555e-15
789750,2.07459248431e-15
790000,1.96286224388e-15
790250,1.32358380118e-15
790500,1.57738739841e-15
790750,1.58537521365e-15
791000,2.57991382188e-15
791250,1.8404522537e-15
791500,2.38307304548e-15
791750,1.93009665704e-15
792000,1.52294783861e-15
792250,1.78313811135e-15
792500,1.79325716346e-15
792750,2.73851505417e-15
793000,2.55203114918e-15
793250,2.6998862254e-15
793500,2.40882965157e-15
793750,1.08576811248e-15
794000,1.32347577821e-15
794250,2.04006166757e-15
794500,2.38455557793e-15
794750,3.68898207908e-15
795000,2.18630191386e-15
795250,8.20744423797e-16
795500,2.15540683192e-15
795750,5.1940928075e-15
796000,5.20531528782e-15
796250,6.55453903669e-15
796500,1.16166103708e-14
796750,8.86313191088e-15
797000,9.41528779918e-15
797250,2.15076121031e-15
797500,3.09603373265e-15
797750,1.67149034038e-15
798000,7.71814057906e-15
798250,2.95231694621e-15
798500,7.46566101255e-15
798750,3.0263958565e-15
799000,4.45702066768e-15
799250,9.95103621817e-16
799500,6.43604851097e-15
799750,5.72934037985e-15
800000,9.4803978405e-11
800250,2.17804054389e-15
800500,5.00088732033e-15
800750,2.39488679232e-15
801000,6.55833786514e-15
801250,5.06673318741e-15
801500,2.98347221415e-15
801750,1.82793739921e-15
802000,3.6657961415e-15
802250,4.43047229944e-15
802500,2.24275953888e-15
802750,4.01513144133e-15
803000,2.38781240669e-15
803250,3.04176500167e-15
803500,2.82542855286e-15
803750,3.99968426618e-15
804000,3.80139593999e-15
804250,3.67336482248e-15
804500,1.6831959933e-15
804750,3.6661692488e-15
805000,3.74704739949e-15
805250,5.94623059815e-15
805500,4.22297704367e-15
805750,3.06166111013e-15
806000,2.49694402241e-15
806250,2.09804990109e-15
806500,2.69032043038e-15
806750,4.00950094028e-15
807000,2.40016398074e-15
807250,5.18527102925e-15
807500,2.58955932764e-15
807750,3.54332920627e-15
808000,3.15505109845e-15
808250,4.19396633297e-15
808500,2.56050702112e-15
808750,4.06131446071e-15
809000,3.60617273435e-15
809250,4.49038370829e-15
809500,1.10277208703e-15
809750,3.88312677913e-15
810000,7.03445541735e-16
810250,4.33594072925e-15
810500,2.19429680149e-15
810750,5.97986403487e-15
811000,2.60260520011e-16
811250,2.55765271284e-15
811500,1.10232767914e-14
811750,2.91300987761e-14
812000,2.70799883722e-14
812250,7.92236676386e-15
812500,8.24542905288e-15
812750,4.89908218975e-15
813000,5.07911970956e-15
813250,5.94256442504e-15
813500,2.12811819907e-15
813750,4.10036184595e-15
814000,1.27880901629e-15
814250,3.94701688423e-15
814500,2.10178543211e-15
814750,4.37546516192e-15
815000,4.86646675501e-16
815250,2.9186531912e-15
815500,2.41149966204e-15
815750,2.61726698862e-15
816000,3.05974973331e-15
816250,2.41139110048e-15
816500,3.77074167296e-15
816750,3.81745802121e-15
817000,1.27121201295e-15
817250,5.297035983e-15
817500,2.22107402343e-15
817750,3.0221852091e-15
818000,1.56139802329e-15
818250,8.05161578039e-16
818500,2.73428878479e-15
818750,3.02619766828e-15
819000,2.55048748293e-15
819250,4.56514883558e-15
819500,2.64388636969e-15
819750,2.81524013005e-15
820000,2.70710579244e-15
820250,4.20963832181e-15
820500,1.21988240578e-15
820750,5.56396992164e-15
821000,4.15406913129e-15
821250,5.7795106658e-15
821500,6.46744939977e-15
821750,5.73382462797e-15
822000,1.40078621258e-14
822250,4.32523015315e-15
822500,9.74688101763e-15
822750,6.0860971722e-15
823000,6.65444956118e-15
823250,5.97036773623e-15
823500,1.09099759253e-14
823750,8.92958621394e-15
824000,7.07114127248e-15
824250,5.955164345e-15
824500,6.79008554142e-15
824750,1.01984618752e-14
825000,1.0974415286e-14
825250,9.90278904021e-15
825500,8.9883961131e-15
825750,1.12469702404e-14
826000,3.18533873055e-15
826250,2.99047613196e-15
826500,6.63736476023e-15
826750,1.28598202221e-14
827000,1.23309442757e-14
827250,7.05847105011e-15
827500,9.40456535247e-15
827750,1.17825443869e-14
828000,7.94115210829e-15
828250,8.3798045923e-15
828500,1.02662967959e-14
828750,6.97264209917e-15
829000,9.43229170719e-15
829250,7.16380815197e-15
829500,1.21665963866e-14
829750,1.08771751306e-14
830000,8.71453200748e-15
830250,1.73132079751e-15
830500,3.24031505043e-15
830750,7.76024506928e-15
831000,9.1733470089e-15
831250,5.98975848996e-15
831500,8.10292076674e-15
831750,5.51544853033e-15
832000,1.16783160754e-14
832250,1.27828329895e-14
832500,1.44063365205e-14
832750,2.17297439791e-14
833000,1.90016338336e-14
833250,3.74118189143e-15
833500,9.22203253526e-15
833750,3.1989395292e-14
834000,2.65170803883e-14
834250,1.16773005067e-14
834500,2.04992861513e-15
834750,7.91298133113e-15
835000,8.70337407356e-15
835250,4.18283266005e-15
835500,4.13491420206e-15
835750,4.44198318262e-15
836000,7.80093744062e-15
836250,2.13716615331e-15
836500,5.11077580622e-16
836750,2.91545183946e-15
837000,3.8647448963e-15
837250,6.45744713452e-15
837500,4.14181130627e-15
837750,4.36812484136e-15
838000,4.13233991391e-15
838250,5.17840270168e-15
838500,3.46929284494e-15
838750,1.84336667665e-15
839000,2.41589400353e-15
839250,1.10288096498e-15
839500,9.67203454467e-16
839750,9.99794552951e-16
840000,6.95147246691e-16
840250,2.92640145292e-15
840500,3.14142447073e-15
840750,3.00222886666e-15
841000,1.25375680975e-15
841250,1.31632170092e-15
841500,3.82254687129e-15
841750,2.71230883541e-15
842000,9.57020289019e-16
842250,2.70604794378e-15
842500,1.4154694874e-15
842750,4.15325359102e-15
843000,4.02195258533e-15
843250,4.76171639435e-15
843500,3.85140595737e-15
843750,5.15766595387e-15
844000,4.12888593983e-15
844250,4.01783160083e-15
844500,1.13763050698e-15
844750,1.8717431214e-15
845000,4.77484469249e-15
845250,4.0116597093e-15
845500,3.86686294877e-15
845750,3.48818583667e-15
846000,2.97337688596e-15
846250,3.50179587805e-15
846500,4.19267490151e-15
846750,4.18636962866e-15
847000,4.12764257881e-15
847250,3.62929057096e-15
847500,2.00160075867e-15
847750,3.38956701874e-15
848000,4.19065973483e-15
848250,3.38445991976e-15
848500,4.14734416556e-15
848750,1.64415559441e-15
849000,3.6920181859e-15
849250,2.66829848615e-15
849500,3.75691462e-15
849750,3.38111705005e-15
850000,6.73790991641e-12
850250,4.23426604449e-15
850500,6.13183520034e-16
850750,1.05824727113e-15
851000,5.42623198041e-15
851250,2.60864101045e-15
851500,2.5815717273e-15
851750,1.40463578862e-15
852000,1.03080218502e-14
852250,2.85441836404e-15
852500,1.94580058143e-14
852750,3.49085211546e-14
853000,2.62806765383e-14
853250,5.5407066615e-15
853500,6.06713459996e-15
853750,5.38682991498e-15
854000,2.42787626931e-15
854250,5.37679945311e-15
854500,7.49989307309e-16
854750,4.19434714467e-15
855000,2.65427299185e-15
855250,4.8213542439e-15
855500,3.61917012271e-15
855750,5.78894468661e-15
856000,4.59137159828e-15
856250,2.81209273895e-15
856500,3.24392523531e-15
856750,2.72727512345e-15
857000,2.88978777778e-15
857250,2.54510707169e-15
857500,2.7314296653e-15
857750,3.50707117673e-15
858000,3.55830400301e-15
858250,5.79661953645e-15
858500,7.04813324001e-15
858750,2.16062988859e-15
859000,3.07826994498e-15
859250,1.01566084953e-15
859500,4.43197899723e-15
859750,2.27980935987e-15
860000,6.14119446486e-15
860250,4.33955260184e-15
860500,4.43293916235e-15
860750,2.2131895541e-15
861000,9.65528690112e-15
861250,9.14352450559e-15
861500,1.94242713685e-14
861750,4.87499949928e-14
862000,4.44550708288e-14
862250,1.17397976336e-14
862500,1.03688001201e-14
862750,6.81318573949e-15
863000,7.07644941074e-15
863250,6.65593100266e-15
863500,2.48911957693e-15
863750,3.70044903245e-15
864000,3.17402030322e-15
864250,1.63359834142e-15
864500,4.92034689836e-15
864750,1.7759515907e-15
865000,5.3438359085e-15
865250,2.73418461754e-15
865500,3.64396396021e-15
865750,2.49759359179e-16
866000,2.89274255212e-15
866250,3.14732820038e-15
866500,4.40200833956e-15
866750,2.26503492209e-15
867000,4.31956224285e-15
867250,3.21496857314e-15
867500,3.4992360117e-15
867750,1.92971183689e-15
868000,3.87015747697e-15
868250,2.68244959944e-15
868500,3.27190792021e-15
868750,2.2484198958e-15
869000,4.1833015148e-15
869250,4.05402448261e-15
869500,3.62082717206e-15
869750,5.16094325264e-15
870000,4.81924750742e-15
870250,3.25523529284e-15
870500,2.02904040995e-15
870750,3.77549325061e-15
871000,4.49228748e-15
871250,1.60324473841e-15
871500,7.12567173045e-15
871750,4.65193037072e-15
872000,2.80904097904e-16
872250,6.04050520887e-15
872500,4.67839874767e-15
872750,5.95688790511e-15
873000,4.83011293003e-15
873250,6.75993014509e-15
873500,5.17838576513e-15
873750,7.91415699101e-15
874000,1.79548877632e-15
874250,6.86296134416e-15
874500,5.39025461916e-15
874750,5.83308479288e-15
875000,8.21456838724e-15
875250,3.46618281564e-15
875500,1.1499203648e-14
875750,5.06830837829e-15
876000,1.06520155262e-14
876250,1.20056475507e-14
876500,1.03762736787e-14
876750,9.42570975058e-15
877000,6.56355351899e-15
877250,6.82015788034e-15
877500,8.82560093479e-15
877750,1.02988719323e-14
878000,1.01265189455e-14
878250,9.40179312983e-15
878500,8.00280645473e-15
878750,7.18507751949e-15
879000,6.31967181346e-15
879250,6.65589099657e-15
879500,8.95102699144e-15
879750,7.69344442996e-15
880000,6.96622533403e-15
880250,2.98819015835e-15
880500,2.48496596139e-15
880750,1.52188107996e-15
881000,5.32432925476e-15
881250,8.08423457274e-15
881500,8.19011280475e-15
881750,8.2658916669e-15
882000,9.01701589628e-15
882250,5.41015988571e-16
882500,6.85566002286e-15
882750,2.69929051055e-15
883000,9.03784221756e-15
883250,1.04779731449e-14
883500,3.24378477607e-15
883750,1.31881130389e-14
884000,1.61819430664e-14
884250,3.92232610011e-15
884500,7.89785044597e-15
884750,8.7143385258e-15
885000,5.09287800283e-15
885250,2.42058890923e-15
885500,5.76535151852e-15
885750,4.12945408864e-15
886000,6.65201772106e-15
886250,3.89924572375e-15
886500,4.73377953717e-15
886750,5.34342503599e-15
887000,5.57369170747e-15
887250,1.09674911209e-14
887500,5.97516286722e-15
887750,9.04061430707e-15
888000,3.78549162358e-15
888250,3.71343188288e-15
888500,2.13519092972e-15
888750,4.39780106154e-15
889000,5.48410439883e-15
889250,1.76340747639e-15
889500,4.29776999875e-15
889750,3.83825782806e-15
890000,4.95973085892e-15
890250,5.88298237212e-15
890500,6.73044868506e-15
890750,5.18710227987e-15
891000,2.97231417653e-15
891250,3.41822784017e-15
891500,3.40666963413e-15
891750,2.94367712216e-15
892000,3.38376644925e-15
892250,4.59460872186e-15
892500,7.29393656825e-15
892750,7.9260251299e-15
893000,7.90415170474e-15
893250,7.33634322466e-15
893500,4.50818474006e-15
893750,3.93660598983e-15
894000,1.80302626965e-15
894250,2.12037597774e-15
894500,2.91286824087e-15
894750,8.69940966749e-17
895000,2.5559062684e-15
895250,4.62465502258e-15
895500,4.13349737138e-15
895750,5.08900848368e-15
896000,2.98820214698e-15
896250,2.47766875323e-15
896500,5.95455915026e-15
896750,1.42935703402e-15
897000,3.59633988836e-15
897250,4.76009226742e-15
897500,3.04008577939e-15
897750,3.65204455591e-15
898000,9.84265963837e-15
898250,5.29609537412e-15
898500,5.48043077142e-15
898750,2.69614637793e-15
899000,7.99892986229e-15
899250,6.83168294503e-15
899500,7.34861368507e-15
899750,4.87549798647e-15
900000,4.50042035707e-13
900250,7.07977333888e-15
900500,5.59822160414e-15
900750,5.49836922895e-15
901000,1.6431281354e-14
901250,1.18472281539e-14
901500,1.78602257702e-14
901750,7.35866895096e-15
902000,1.09646253484e-14
902250,9.37583821422e-15
902500,3.27463908164e-14
902750,5.50596079667e-14
903000,4.93849159301e-14
903250,1.72461412177e-14
903500,1.3517598249e-14
903750,1.34110293167e-14
904000,8.28558299587e-15
904250,1.08001802351e-14
904500,6.4422291138e-15
904750,9.9870858593e-15
905000,7.07838719102e-15
905250,9.24885491314e-15
905500,5.22455481907e-15
905750,6.16541020558e-15
906000,4.45877976129e-15
906250,5.19246664875e-15
906500,4.10028987276e-15
906750,7.09209477364e-15
907000,3.02381933046e-15
907250,5.33384164895e-15
907500,3.49768941327e-15
907750,5.2385716075e-15
908000,5.29218878819e-15
908250,5.85943987075e-15
908500,6.86902160419e-15
908750,8.64769321289e-15
909000,1.50551574731e-15
909250,4.2199848852e-15
909500,1.07921049418e-15
909750,5.87084494339e-15
910000,3.6464543454e-15
910250,2.18638089833e-15
910500,5.78147584377e-15
910750,5.89099016403e-15
911000,3.66183878389e-15
911250,3.27512906371e-15
911500,1.32878806206e-14
911750,3.18301039158e-14
912000,3.12003239319e-14
912250,1.15039764441e-14
912500,8.58436427785e-15
912750,8.37558056092e-15
913000,6.33729658856e-15
913250,5.21642406434e-15
913500,6.53109865495e-15
913750,2.47840239957e-15
914000,4.37049255245e-15
914250,3.98140315279e-15
914500,4.72829282079e-15
914750,8.51114194968e-15
915000,4.6880056776e-15
915250,5.19509742133e-15
915500,4.19086931784e-15
915750,6.2710652366e-15
916000,4.95128181335e-15
916250,3.04732866521e-15
916500,2.31292945616e-15
916750,3.12661435332e-15
917000,1.13641119129e-15
917250,3.33885915303e-15
917500,2.22726215904e-15
917750,4.86559561166e-15
918000,2.92441236973e-15
918250,1.78758516491e-15
918500,2.87555593175e-15
918750,2.83653615076e-15
919000,1.79395873423e-15
919250,7.54626328457e-15
919500,2.7844259441e-15
919750,4.96741651028e-15
920000,3.31669433467e-15
920250,4.12021574521e-15
920500,2.42605015633e-15
920750,3.66355151291e-15
921000,4.28655176994e-15
921250,2.7719867271e-15
921500,4.08182959818e-15
921750,3.07666460641e-15
922000,5.37349487605e-15
922250,7.25040523658e-15
922500,5.92877444589e-15
922750,8.22702725402e-15
923000,6.42104258614e-15
923250,6.15206573494e-15
923500,7.93825519612e-15
923750,9.20709760118e-15
924000,2.3956694618e-15
924250,6.29896389414e-15
924500,9.05128331695e-15
924750,1.01384570721e-14
925000,9.65803059464e-15
925250,9.55568290543e-15
925500,8.11196444377e-15
925750,1.0535996375e-14
926000,6.68077718115e-15
926250,5.93010344854e-15
926500,5.99181410549e-15
926750,9.02849682836e-15
927000,7.0234383559e-15
927250,6.00960507875e-15
927500,7.27152630174e-15
927750,1.04157730962e-14
928000,8.38238171725e-15
928250,9.30267984597e-15
928500,8.18249840189e-15
928750,5.20845877485e-15
929000,6.4868860226e-15
929250,6.87717266072e-15
929500,1.09107897911e-14
929750,9.9321409979e-15
930000,8.21298471345e-15
930250,5.03534326737e-15
930500,7.620332436e-15
930750,6.7291107502e-15
931000,8.94737412991e-15
931250,7.13335736376e-15
931500,7.3258355839e-15
931750,1.05866867077e-14
932000,1.27531436873e-14
932250,1.33922810633e-14
932500,1.56351844194e-14
932750,1.44089233454e-14
933000,1.36710889857e-14
933250,8.35498431864e-15
933500,4.11942605096e-15
933750,4.80694451024e-15
934000,6.68122598716e-15
934250,9.35888736992e-15
934500,6.74411781398e-15
934750,7.44336321154e-15
935000,1.1374657376e-15
935250,2.35637352401e-15
935500,3.84655435937e-15
935750,7.05272873759e-15
936000,5.77315027409e-15
936250,1.4708286838e-15
936500,1.1154161414e-15
936750,7.60340702771e-15
937000,5.84849889601e-15
937250,1.9698909256e-14
937500,1.55068117367e-14
937750,1.13705811533e-14
938000,1.14046926962e-14
938250,1.27241839197e-14
938500,9.80717814881e-15
938750,6.91754188976e-15
939000,7.15157941044e-15
939250,1.49732689919e-15
939500,1.12036155288e-15
939750,5.94939009897e-15
940000,5.64022881259e-15
940250,7.59409839249e-15
940500,4.12737806017e-15
940750,3.52227681475e-15
941000,4.06242295131e-15
941250,4.42840644649e-15
941500,4.68992764793e-15
941750,4.73486424082e-15
942000,4.5580348044e-15
942250,2.76087519836e-15
942500,2.55704555905e-15
942750,5.1971824936e-15
943000,6.18049498325e-15
943250,6.08485591617e-15
943500,5.15666116256e-15
943750,4.68211714733e-15
944000,4.2519279301e-15
944250,5.32927206433e-15
944500,2.05356336751e-15
944750,2.83143536008e-15
945000,3.47923856322e-15
945250,3.86724101519e-15
945500,4.11696772383e-15
945750,3.19710426688e-15
946000,2.42992199035e-15
946250,1.97645045723e-15
946500,2.04630849122e-15
946750,2.35424040977e-15
947000,8.32849471135e-16
947250,3.94393351633e-15
947500,1.47485053634e-15
947750,1.2499951097e-15
948000,1.21849830634e-15
948250,1.09978768015e-15
948500,5.11648012814e-15
948750,2.98163898329e-15
949000,1.85907891009e-15
949250,2.11584168031e-15
949500,2.8266154783e-15
949750,3.7032326704e-15
950000,2.77408485478e-14
950250,5.14290646523e-15
950500,8.17635969725e-15
950750,3.41704670343e-15
951000,6.6841726291e-15
951250,5.76538118014e-15
951500,3.31239129058e-15
951750,2.17654028925e-15
952000,1.53222111592e-14
952250,2.83332091857e-15
952500,2.52962764849e-14
952750,4.02278184053e-14
953000,2.77085703349e-14
953250,8.67390269825e-15
953500,5.38746957298e-15
953750,5.84229160716e-15
954000,1.95047747829e-15
954250,5.46995851411e-15
954500,2.73975964802e-15
954750,5.83595816956e-15
955000,4.15915217948e-15
955250,6.10425811335e-15
955500,5.70242720809e-15
955750,5.42500910196e-15
956000,4.70600384174e-15
956250,6.18883843754e-15
956500,4.94192351484e-15
956750,5.63231445247e-15
957000,4.24952237872e-15
957250,5.66933862686e-15
957500,2.58965198817e-15
957750,3.26994820775e-15
958000,3.93126320381e-15
958250,5.59201695738e-15
958500,4.44101858895e-15
958750,1.41202952456e-15
959000,4.867332935e-15
959250,2.42223907954e-15
959500,1.76717377751e-15
959750,1.38804435043e-15
960000,1.01584319117e-15
960250,2.3272814877e-15
960500,9.97530485419e-16
960750,2.8744228333e-15
961000,1.72705157315e-15
961250,2.38052829275e-15
961500,5.67859007816e-15
961750,1.39131982174e-14
962000,1.4339191565e-14
962250,4.04676591436e-15
962500,5.99045962697e-15
962750,5.42470864045e-15
963000,8.55196878742e-15
963250,9.06409024369e-15
963500,4.25580065692e-15
963750,9.55501153759e-15
964000,4.59046211677e-15
964250,6.28963770465e-15
964500,6.07070204176e-15
964750,1.11978076029e-14
965000,1.50679590529e-14
965250,3.77176559732e-15
965500,6.52868856095e-15
965750,2.38085650714e-15
966000,7.02199510215e-15
966250,7.30309186502e-15
966500,1.15574673511e-14
966750,4.55251331834e-15
967000,9.42679077363e-15
967250,1.04208303687e-14
967500,4.05241921872e-15
967750,3.99910698976e-15
968000,3.4521569714e-15
968250,4.85235189065e-15
968500,7.2203195351e-15
968750,5.93908974218e-15
969000,5.19578421218e-15
969250,4.08354341494e-15
969500,4.94210595922e-15
969750,4.16437943496e-15
970000,5.3101393756e-15
970250,2.72080101042e-15
970500,2.7771110307e-15
970750,3.86041908557e-15
971000,2.95758500998e-15
971250,3.7998231276e-15
971500,2.40734884236e-15
971750,1.55163068205e-15
972000,2.56052911047e-15
972250,2.32692838204e-15
972500,4.12654984938e-15
972750,2.31130939541e-15
973000,1.00444084437e-15
973250,2.30321623577e-15
973500,6.31430531794e-15
973750,2.75962112136e-15
974000,6.66476838787e-15
974250,4.3543184427e-15
974500,1.76653408886e-15
974750,1.9110155503e-15
975000,2.82086227039e-15
975250,7.60675089183e-15
975500,7.98217586363e-15
975750,3.61796145532e-15
976000,3.94930248152e-15
976250,5.6046900636e-15
976500,3.98111624805e-15
976750,7.77560650022e-15
977000,5.43247542788e-15
977250,2.01985472359e-15
977500,5.19762535368e-15
977750,9.03698833031e-15
978000,7.15677542778e-15
978250,7.0448367279e-15
978500,6.43910683905e-15
978750,3.74844267144e-15
979000,6.23671638837e-15
979250,8.28989893847e-15
979500,7.5306671948e-15
979750,7.70762881253e-15
980000,5.09488144773e-15
980250,1.86356315891e-15
980500,5.39909773206e-15
980750,1.39289366765e-14
981000,1.65126277162e-14
981250,2.44573739106e-14
981500,2.85465851537e-14
981750,2.64447290844e-14
982000,3.0047767227e-14
982250,2.58664269965e-14
982500,2.24195308606e-14
982750,2.45567265592e-14
983000,1.41003509784e-14
983250,3.33303597275e-15
983500,3.60507190537e-15
983750,2.19045005386e-14
984000,1.58058499547e-14
984250,9.66384444117e-15
984500,3.90381055142e-15
984750,7.74151239833e-15
985000,7.43867577103e-15
985250,5.30234425922e-15
985500,1.78451457257e-15
985750,6.3817571613e-15
986000,6.57481101617e-15
986250,4.44805116091e-15
986500,6.35394967619e-15
986750,5.25136564692e-15
987000,1.56164413678e-14
987250,3.46718089378e-14
987500,2.37126567772e-14
987750,6.27212905425e-15
988000,1.30323200846e-14
988250,7.251506647e-15
988500,1.53824860619e-14
988750,5.54062871829e-15
989000,1.12706544734e-14
989250,4.05278959969e-15
989500,4.55623584847e-15
989750,4.21238143409e-15
990000,5.23906942935e-15
990250,8.15178053481e-15
990500,7.81478393877e-15
990750,5.005662971e-15
991000,1.25789722978e-15
991250,2.40352388137e-15
991500,3.65736162606e-15
991750,2.63940541644e-15
992000,3.90374372392e-15
992250,2.72708298561e-15
992500,4.15182915587e-15
992750,3.40936021181e-15
993000,5.00353343386e-15
993250,5.39852342195e-15
993500,3.77274883285e-15
993750,1.65125197098e-15
994000,9.90029906575e-16
994250,3.85705738771e-15
994500,4.46363610911e-15
994750,1.47505603888e-15
995000,3.16998782539e-15
995250,3.71619486625e-15
995500,1.32807356713e-15
995750,3.42411145763e-15
996000,7.26517086473e-16
996250,2.46287534142e-15
996500,1.0551460625e-15
996750,1.90904920176e-15
997000,2.96615746301e-15
997250,3.23720803577e-15
997500,1.80692722623e-15
997750,3.94626138164e-15
998000,6.36323562776e-15
998250,2.89107476746e-15
998500,3.68389313156e-15
998750,1.87586781225e-15
999000,3.6304465123e-15
999250,2.42860779147e-15
999500,4.28682800237e-15
999750,2.42878010658e-15
1000000,5.84503549774e-15
1000250,4.42271757963e-15
1000500,1.51189292864e-15
1000750,1.50994739987e-15
1001000,8.35820330998e-15
1001250,7.1173693316e-15
1001500,5.1328471176e-15
1001750,5.59942665728e-15
1002000,3.30772977255e-15
1002250,3.13010926653e-15
1002500,9.8972818084e-15
1002750,1.62622029611e-14
1003000,1.47046386315e-14
1003250,3.9663992205e-15
1003500,4.79879822255e-15
1003750,6.97026300505e-15
1004000,3.3711719908e-15
1004250,4.9354401932e-15
1004500,4.69560381637e-16
1004750,2.77596274714e-15
1005000,3.73750467722e-15
1005250,3.72284144948e-15
1005500,3.78003809188e-15
1005750,4.2356791073e-15
1006000,4.07115354789e-15
1006250,2.80153262823e-15
1006500,2.37810046119e-15
1006750,9.81494576117e-16
1007000,1.85532036428e-15
1007250,9.32666674143e-16
1007500,2.72430382212e-15
1007750,7.08035110357e-16
1008000,2.38889159335e-15
1008250,2.18432160928e-15
1008500,1.37660874184e-15
1008750,2.56847709867e-15
1009000,3.15558822636e-15
1009250,1.29219465636e-15
1009500,7.6239139137e-16
1009750,1.6137093945e-15
1010000,4.79376178913e-15
1010250,3.53384977532e-15
1010500,5.5744217739e-15
1010750,3.19575486145e-15
1011000,3.04573479769e-16
1011250,3.26639422802e-15
1011500,1.31155397264e-15
1011750,6.77551216249e-16
1012000,3.77013197211e-15
1012250,4.2236139239e-15
1012500,3.09324657243e-15
1012750,4.36592245558e-15
1013000,4.48923836754e-15
1013250,1.94134426946e-15
1013500,4.43918487645e-15
1013750,3.66594361916e-16
1014000,6.05506009381e-15
1014250,5.54528067331e-15
1014500,6.36575774209e-15
1014750,7.61984080142e-15
1015000,4.05407616628e-15
1015250,6.13227517248e-15
1015500,4.57952678102e-15
1015750,8.23379875178e-15
1016000,7.28949002151e-15
1016250,6.22298881769e-15
1016500,9.13090146293e-15
1016750,7.62963590106e-15
1017000,3.99556098763e-15
1017250,6.1788522924e-15
1017500,8.29850352074e-15
1017750,5.52342881921e-15
1018000,5.30839600713e-15
1018250,6.35873295006e-16
1018500,2.76349934194e-15
1018750,4.04209633286e-15
1019000,4.09182797711e-15
1019250,7.37920136124e-15
1019500,5.55254940206e-15
1019750,5.70871837877e-15
1020000,3.34398313101e-15
1020250,5.84625639951e-15
1020500,3.92660129887e-15
1020750,3.53930861962e-15
1021000,5.51196547392e-15
1021250,3.11760854759e-15
1021500,4.3571809648e-15
1021750,2.38072367479e-15
1022000,4.24728440166e-15
1022250,6.36357271537e-15
1022500,4.31517958534e-15
1022750,5.15462879395e-15
1023000,3.0442576799e-15
1023250,6.41544692835e-15
1023500,6.74764791643e-15
1023750,6.63360971902e-15
1024000,4.47619074403e-15
1024250,4.39270375601e-15
1024500,7.19069168382e-15
1024750,5.48153624545e-15
1025000,6.33171279143e-15
1025250,8.80852246747e-15
1025500,1.30814916489e-14
1025750,6.97922907513e-15
1026000,9.9461139218e-15
1026250,8.20252479161e-15
1026500,8.95485574166e-15
1026750,7.41488801231e-15
1027000,6.47452511991e-15
1027250,5.52692664354e-15
1027500,8.22655258756e-15
1027750,1.33747979476e-14
1028000,1.11112387879e-14
1028250,1.18964862674e-14
1028500,7.90476886972e-15
1028750,5.37727344381e-15
1029000,8.22957107782e-15
1029250,1.00684956637e-14
1029500,1.39556999025e-14
1029750,9.88551860125e-15
1030000,9.28505269988e-15
1030250,5.76452625493e-15
1030500,8.41704433288e-15
1030750,1.10534263511e-14
1031000,1.58298803976e-14
1031250,1.53878173902e-14
1031500,1.00167941894e-14
1031750,1.49506745701e-14
1032000,1.27585755995e-14
1032250,1.55433375221e-14
1032500,2.00284184932e-14
1032750,8.37368056619e-15
1033000,1.50173207239e-14
1033250,1.60833687905e-14
1033500,5.31160709434e-15
1033750,1.93643628484e-14
1034000,2.93162363953e-14
1034250,6.67929557494e-15
1034500,1.30330627906e-14
1034750,1.50645726709e-14
1035000,7.63812891255e-15
1035250,5.52457112698e-15
1035500,3.98974131841e-15
1035750,7.68350004545e-15
1036000,1.38430016744e-14
1036250,9.12856120453e-15
1036500,2.27780033809e-14
1036750,7.7461150882e-15
1037000,4.14875251433e-14
1037250,4.70915291153e-14
1037500,4.95363983238e-14
1037750,2.79851085976e-14
1038000,8.67463758993e-15
1038250,1.12001685518e-14
1038500,4.27392676643e-15
1038750,4.30107868688e-15
1039000,1.59666121677e-14
1039250,8.32141184686e-15
1039500,1.28037794764e-14
1039750,3.88815689013e-15
1040000,3.74833011543e-15
1040250,9.88769944269e-15
1040500,5.24627650594e-15
1040750,9.46961313842e-15
1041000,6.86141806305e-15
1041250,2.0332405922e-15
1041500,3.65401584493e-15
1041750,3.09627280688e-15
1042000,9.94486778455e-15
1042250,4.6338181415e-15
1042500,2.41777877118e-15
1042750,2.13646988134e-15
1043000,3.18536144628e-15
1043250,7.38784676753e-15
1043500,3.7939124702e-15
1043750,5.96949252565e-15
1044000,3.35843782897e-16
1044250,2.62788140564e-15
1044500,6.83458955145e-15
1044750,4.78031326414e-15
1045000,2.85684067431e-15
1045250,1.68171914007e-15
1045500,2.12831269165e-15
1045750,7.08939463786e-15
1046000,6.71289601629e-15
1046250,7.33918746751e-15
1046500,1.15262693181e-15
1046750,3.22904695993e-15
1047000,7.21001832417e-15
1047250,8.12155460976e-15
1047500,4.09268781212e-15
1047750,1.03256610074e-15
1048000,6.53374569658e-15
1048250,4.07964114271e-15
1048500,1.89475451666e-15
1048750,2.08787740561e-15
1049000,2.68611599764e-15
1049250,6.2079516208e-15
1049500,2.55438587176e-15
1049750,2.71635358623e-15
1050000,6.41398452634e-15
1050250,6.13057173699e-15
1050500,1.89085174253e-15
1050750,3.26717358867e-15
1051000,3.18155615505e-15
1051250,7.49818413247e-15
1051500,3.22441662681e-15
1051750,2.20959396409e-15
1052000,3.99803219061e-15
1052250,2.63719444602e-15
1052500,6.41033392823e-15
1052750,7.56338989052e-15
1053000,3.15194259258e-15
1053250,2.14262612236e-15
1053500,9.48885060878e-16
1053750,2.06952755473e-15
1054000,1.15487741675e-15
1054250,3.27350595139e-15
1054500,1.1686301821e-15
1054750,5.9369169394e-16
1055000,1.4198168794e-15
1055250,2.48952874865e-15
1055500,4.5221987598e-15
1055750,3.88594745414e-15
1056000,3.21859800727e-15
1056250,5.55133016633e-15
1056500,5.0420412007e-15
1056750,5.04371187835e-15
1057000,2.79553868573e-15
1057250,4.89256759735e-15
1057500,7.50862645617e-16
1057750,2.53058948445e-16
1058000,2.38457691724e-15
1058250,2.75376038823e-15
1058500,2.02222292563e-15
1058750,3.76315573918e-15
1059000,1.99617879321e-15
1059250,1.64539310522e-15
1059500,1.84360759629e-15
1059750,2.30553180613e-15
1060000,1.5303374509e-15
1060250,3.09051588213e-15
1060500,7.20974327554e-15
1060750,8.52711586792e-16
1061000,6.5573605702e-15
1061250,4.15552850189e-15
1061500,1.80299130759e-15
1061750,3.6886605271e-15
1062000,6.30285011173e-15
1062250,2.19155034969e-15
1062500,6.12493713625e-15
1062750,2.44669569707e-15
1063000,4.52613926017e-15
1063250,6.47260527088e-15
1063500,6.76894678905e-15
1063750,5.65285244369e-15
1064000,1.56110620982e-15
1064250,1.57109417288e-15
1064500,5.34295281463e-15
1064750,5.66782825267e-15
1065000,5.1344417578e-15
1065250,2.80465466562e-15
1065500,1.77428663111e-15
1065750,4.16291941761e-15
1066000,6.5075947654e-15
1066250,1.01055738195e-14
1066500,1.71390228923e-14
1066750,8.9155575709e-15
1067000,1.17819444668e-14
1067250,1.54838430232e-14
1067500,6.13982644294e-15
1067750,2.83225758237e-15
1068000,6.95527390274e-15
1068250,4.26094033741e-15
1068500,7.04861264578e-15
1068750,8.41193927758e-15
1069000,7.41404903183e-15
1069250,5.24371003608e-15
1069500,5.91508538138e-15
1069750,6.24962692019e-15
1070000,7.34669786481e-15
1070250,6.21774114158e-15
1070500,7.1389600851e-15
1070750,4.86776337354e-15
1071000,6.11917204504e-15
1071250,7.23601169099e-15
1071500,7.07683511434e-15
1071750,5.71042837295e-15
1072000,9.32834686275e-15
1072250,7.64399620938e-15
1072500,7.96637657415e-15
1072750,1.34117130503e-14
1073000,9.48846340595e-15
1073250,9.98073723917e-15
1073500,7.34320436054e-15
1073750,1.20081678211e-14
1074000,1.01036803918e-14
1074250,1.15037869014e-14
1074500,1.04053007598e-14
1074750,1.00190898675e-14
1075000,1.05942654433e-14
1075250,9.64926947504e-15
1075500,1.63121681831e-14
1075750,1.19945228816e-14
1076000,1.25330392355e-14
1076250,7.42267079896e-15
1076500,8.94846121219e-15
1076750,1.33540693494e-14
1077000,1.1310544264e-14
1077250,1.11024636002e-14
1077500,9.45626107802e-15
1077750,9.89299626629e-15
1078000,9.33996506697e-15
1078250,9.87788925119e-15
1078500,1.20629437979e-14
1078750,1.01257284926e-14
1079000,6.63703550311e-15
1079250,7.48147742081e-15
1079500,4.6032328916e-15
1079750,8.07161167834e-15
1080000,8.93257369471e-15
1080250,7.67541523647e-15
1080500,5.83945204927e-15
1080750,5.25023808984e-15
1081000,8.20047011301e-15
1081250,5.72630039824e-15
1081500,1.17205924019e-14
1081750,6.28197001812e-15
1082000,1.02581551956e-14
1082250,9.71297504828e-15
1082500,7.78125274491e-15
1082750,1.56508034087e-14
1083000,7.81308611393e-15
1083250,5.80215442639e-15
1083500,2.71946889354e-15
1083750,1.9344117426e-14
1084000,1.62440691801e-14
1084250,6.41206484934e-15
1084500,7.133086614e-15
1084750,1.03803832173e-14
1085000,1.05530960565e-14
1085250,1.3788682877e-14
1085500,8.21661176786e-15
1085750,1.2637661774e-14
1086000,1.18293356182e-14
1086250,1.24394191748e-14
1086500,3.85736137456e-14
1086750,2.42983107956e-14
1087000,7.28445353196e-14
1087250,5.61202457592e-14
1087500,6.86632256391e-14
1087750,5.81769337868e-14
1088000,2.51920983554e-14
1088250,3.83755317485e-14
1088500,4.05971287261e-15
1088750,1.44454115245e-14
1089000,9.65277911546e-15
1089250,6.85050450078e-15
1089500,1.39592546427e-14
1089750,5.24965681009e-15
1090000,9.4474581267e-15
1090250,2.98184586954e-15
1090500,5.08961458525e-16
1090750,7.59981014044e-15
1091000,2.67100041529e-15
1091250,1.0419153381e-14
1091500,3.2891896173e-15
1091750,4.49257439333e-15
1092000,2.65833480401e-15
1092250,1.52293351522e-15
1092500,4.39072599133e-15
1092750,1.14752824849e-15
1093000,2.63478025914e-15
1093250,4.35664338823e-15
1093500,1.35384518671e-15
1093750,5.8201743314e-15
1094000,1.87051007024e-15
1094250,8.2732253787e-15
1094500,6.16915774711e-15
1094750,3.79893948438e-15
1095000,1.59727651986e-15
1095250,2.39776110428e-15
1095500,6.3825810006e-15
1095750,8.51755054264e-15
1096000,2.68957946176e-15
1096250,9.46139760371e-15
1096500,2.49731922872e-15
1096750,3.90715802462e-15
1097000,2.15655029502e-15
1097250,2.17085707197e-15
1097500,5.49415178216e-15
1097750,2.12802070675e-15
1098000,3.13195703417e-15
1098250,8.30744301764e-16
1098500,6.38769997233e-15
1098750,2.06804592477e-15
1099000,1.48248285693e-15
1099250,9.01343075845e-15
1099500,5.11716610992e-15
1099750,5.29122584242e-15
1100000,5.20627290597e-16
1100250,1.42251812575e-15
1100500,2.93191265192e-15
1100750,2.37011123648e-15
1101000,5.25061147716e-15
1101250,2.03292431681e-15
1101500,8.09144815483e-15
1101750,4.33193946781e-15
1102000,4.17075203824e-15
1102250,3.76070568671e-15
1102500,3.30711288118e-15
1102750,1.10728433884e-15
1103000,2.35344460643e-15
1103250,1.1676520764e-15
1103500,8.36554750064e-16
1103750,2.04623191085e-15
1104000,1.5193299511e-15
1104250,1.3127107698e-15
1104500,8.34599922691e-16
1104750,6.04221692764e-16
1105000,1.53702779397e-15
1105250,1.63253543182e-15
1105500,2.30021130102e-15
1105750,2.93012569748e-15
1106000,3.86241538491e-15
1106250,3.66717094407e-15
1106500,4.44052948532e-15
1106750,2.93980804743e-15
1107000,2.89296518157e-15
1107250,1.46597940087e-15
1107500,2.47945117375e-15
1107750,1.01203407569e-15
1108000,1.9238982781e-15
1108250,2.35305938978e-15
1108500,5.23104324881e-15
1108750,4.60788265647e-15
1109000,1.41145658757e-15
1109250,2.54100429962e-15
1109500,1.98766656791e-15
1109750,2.91302494921e-15
1110000,2.00103129719e-15
1110250,2.32535967492e-15
1110500,2.76094704533e-15
1110750,2.10182241692e-15
1111000,1.76588996278e-15
1111250,1.2733718138e-15
1111500,1.30261573232e-15
1111750,1.54645346437e-15
1112000,8.64077056583e-16
1112250,3.31399683946e-15
1112500,5.89464388983e-15
1112750,1.8883953128e-15
1113000,6.33639098747e-16
1113250,2.24149231173e-15
1113500,1.80529720631e-15
1113750,2.02051722508e-15
1114000,2.4851646323e-15
1114250,2.15644499437e-15
1114500,5.25934358801e-15
1114750,7.52419030426e-15
1115000,6.04132757262e-15
1115250,5.05445000886e-15
1115500,8.22609971773e-16
1115750,5.67112536077e-15
1116000,3.51491208806e-15
1116250,6.14547048764e-15
1116500,7.7169402885e-15
1116750,4.65211824505e-15
1117000,3.06040921091e-15
1117250,6.92515377391e-15
1117500,5.28549016268e-15
1117750,1.16510663626e-15
1118000,3.48827339112e-15
1118250,7.84297673464e-15
1118500,7.82191612215e-15
1118750,7.78209885083e-15
1119000,6.46804010083e-15
1119250,7.69780756398e-15
1119500,5.43308665734e-15
1119750,3.37496988834e-15
1120000,2.000248619e-15
1120250,4.3718712555e-15
1120500,4.94812441896e-15
1120750,4.09145789754e-15
1121000,6.04771415225e-15
1121250,4.45349209413e-15
1121500,3.88354734104e-15
1121750,1.74336848087e-15
1122000,4.7606602241e-15
1122250,6.88140674115e-15
1122500,6.98314327093e-15
1122750,1.687726064e-15
1123000,8.58812088139e-15
1123250,7.79984100344e-15
1123500,5.9614920281e-15
1123750,5.79487608988e-15
1124000,6.16083835306e-15
1124250,6.05777494168e-15
1124500,6.58008585351e-15
1124750,6.98168053445e-15
1125000,8.41051606043e-15
1125250,5.61616695235e-15
1125500,6.46178656331e-15
1125750,8.78658047229e-15
1126000,7.22950609256e-15
1126250,8.62982976281e-15
1126500,6.61061598589e-15
1126750,4.91204125445e-15
1127000,6.97049729981e-15
1127250,8.17242892499e-15
1127500,9.30981529272e-15
1127750,9.1544998393e-15
1128000,9.81829854115e-15
1128250,8.93814494875e-15
1128500,7.32418667624e-15
1128750,7.17143340364e-15
1129000,7.03357627193e-15
1129250,7.12097501292e-15
1129500,9.21458988414e-15
1129750,5.30251289574e-15
1130000,7.0856877068e-15
1130250,4.84138440728e-15
1130500,7.07437963211e-15
1130750,6.57387666197e-15
1131000,5.13320980755e-15
1131250,6.07960379603e-15
1131500,5.19465921736e-15
1131750,4.23539690856e-15
1132000,5.0388739986e-15
1132250,3.00829148876e-15
1132500,5.95137012587e-15
1132750,4.75693445071e-16
1133000,8.50161234763e-15
1133250,5.79649513158e-15
1133500,4.68138476039e-15
1133750,4.9571625956e-15
1134000,7.63127893717e-15
1134250,2.28471128192e-15
1134500,5.68696047431e-15
1134750,6.01659583815e-15
1135000,7.63532339906e-15
1135250,3.53138514316e-15
1135500,5.61919704766e-15
1135750,7.86924874317e-15
1136000,1.3187046669e-14
1136250,5.97731175632e-15
1136500,2.01240842376e-14
1136750,4.83092380299e-15
1137000,3.61871202813e-14
1137250,4.4826509462e-14
1137500,4.32749945819e-14
1137750,2.26945178214e-14
1138000,8.19625087972e-15
1138250,8.48380619325e-15
1138500,7.85642686488e-15
1138750,3.2526350063e-15
1139000,1.5432826699e-14
1139250,8.03660079408e-15
1139500,1.14278040935e-14
1139750,3.42787422713e-15
1140000,4.64841748611e-15
1140250,6.37309960357e-15
1140500,6.29286667078e-15
1140750,8.58282102772e-15
1141000,4.2694271638e-15
1141250,2.13689428335e-15
1141500,1.43974929447e-15
1141750,6.03326130375e-15
1142000,7.71905914962e-15
1142250,5.72627705333e-15
1142500,5.38876296978e-15
1142750,4.94770705646e-15
1143000,2.05916524264e-15
1143250,5.98013822392e-15
1143500,4.02479501476e-15
1143750,7.29693115646e-15
1144000,1.03016278101e-15
1144250,5.93714554227e-15
1144500,6.32814892093e-15
1144750,3.66461063253e-15
1145000,2.80850458837e-15
1145250,1.85225011228e-15
1145500,1.04082198237e-15
1145750,5.08255998315e-15
1146000,5.78370992882e-15
1146250,5.55560550241e-15
1146500,1.54008633035e-15
1146750,3.29635174103e-15
1147000,3.27536422023e-15
1147250,4.6781458467e-15
1147500,3.98623427358e-15
1147750,1.66332594225e-15
1148000,3.70600627201e-15
1148250,3.51014493887e-15
1148500,2.35996082183e-15
1148750,2.444769133e-15
1149000,3.35493996783e-15
1149250,1.10726913777e-14
1149500,5.94541039293e-15
1149750,5.19123812331e-15
1150000,6.47189026997e-15
1150250,4.38008380145e-15
1150500,2.35563044666e-15
1150750,3.40461620314e-15
1151000,4.27216132889e-15
1151250,7.00056645215e-15
1151500,6.70757697007e-15
1151750,4.63208304435e-15
1152000,2.09932691223e-15
1152250,5.01722678621e-15
1152500,1.21302910266e-15
1152750,2.28841824458e-15
1153000,4.43403325918e-15
1153250,3.0391505851e-15
1153500,1.88582925625e-15
1153750,1.62447422889e-15
1154000,1.66226215606e-15
1154250,3.20954686485e-15
1154500,2.32290052885e-15
1154750,2.94211534337e-15
1155000,7.15053472344e-16
1155250,9.76916140523e-16
1155500,1.26732121917e-15
1155750,1.77413730413e-15
1156000,1.77638801621e-15
1156250,1.66579357205e-15
1156500,7.90199230029e-16
1156750,1.06944871613e-15
1157000,2.32344312299e-15
1157250,1.95364363163e-15
1157500,1.34235380793e-15
1157750,1.60750582434e-15
1158000,2.11311535913e-15
1158250,2.07579242916e-15
1158500,4.2221108264e-15
1158750,3.77421276827e-15
1159000,2.7488949603e-15
1159250,4.02443267522e-15
1159500,3.37053134987e-15
1159750,3.833333372e-15
1160000,2.80678294384e-15
1160250,1.44802393752e-15
1160500,3.51184896833e-15
1160750,2.13990502177e-15
1161000,6.30094524969e-15
1161250,4.74376182314e-15
1161500,2.36765751346e-15
1161750,9.547629961e-16
1162000,4.58447410324e-15
1162250,2.63812357228e-15
1162500,4.50792397633e-15
1162750,3.97711842124e-15
1163000,4.75668364736e-15
1163250,1.63390622242e-15
1163500,6.77497336471e-15
1163750,3.22893280639e-15
1164000,1.97504074815e-15
1164250,2.13550515176e-15
1164500,2.36175093888e-15
1164750,7.54922765924e-15
1165000,6.79652955967e-15
1165250,4.23051163952e-15
1165500,8.51745169363e-16
1165750,1.40412506729e-15
1166000,1.39479551955e-15
1166250,4.28412246441e-15
1166500,2.53930859408e-15
1166750,2.98042134787e-15
1167000,1.85845008466e-15
1167250,2.79558189015e-15
1167500,1.26196441721e-15
1167750,4.63052914085e-15
1168000,2.82334071428e-15
1168250,1.95796774889e-15
1168500,5.02048664244e-15
1168750,9.55612927623e-15
1169000,6.10637654387e-15
1169250,7.93662119043e-15
1169500,2.65336085182e-15
1169750,2.18295726463e-15
1170000,3.22196322437e-15
1170250,4.4079799802e-15
1170500,7.1747433735e-15
1170750,4.41694374638e-15
1171000,2.02038867696e-15
1171250,2.22701660027e-15
1171500,6.86017062653e-15
1171750,8.70829680244e-15
1172000,1.09393864909e-14
1172250,1.77561808024e-14
1172500,1.1726882039e-14
1172750,1.71320633224e-14
1173000,1.68290090007e-14
1173250,3.64035914621e-15
1173500,1.12608831568e-15
1173750,4.42634176312e-15
1174000,4.6868870608e-15
1174250,3.93675782712e-15
1174500,4.83799093976e-15
1174750,7.41287537584e-16
1175000,4.26845175529e-15
1175250,4.18233661941e-15
1175500,6.07777544262e-15
1175750,5.51840695875e-15
1176000,4.835815224e-15
1176250,2.62951096871e-15
1176500,3.39655941507e-15
1176750,3.86676853878e-15
1177000,2.80867764585e-15
1177250,2.56514409649e-15
1177500,4.09633141603e-15
1177750,1.7052279911e-15
1178000,3.56595394602e-15
1178250,1.80148737928e-15
1178500,3.02270535838e-15
1178750,3.83910411063e-15
1179000,3.21337481236e-15
1179250,3.17193122502e-15
1179500,2.48971347308e-15
1179750,1.10901879041e-15
1180000,1.00723138093e-15
1180250,2.4752894808e-15
1180500,3.68262285044e-15
1180750,1.9049526439e-15
1181000,5.95227869305e-15
1181250,3.16395246471e-15
1181500,1.93251524089e-15
1181750,4.82729877426e-15
1182000,2.94778051315e-15
1182250,4.33634531594e-15
1182500,3.98858762219e-15
1182750,2.46814267523e-15
1183000,1.30529805973e-15
1183250,1.73147240547e-15
1183500,3.43535794968e-15
1183750,1.53808499393e-15
1184000,3.7487727656e-15
1184250,3.79337493718e-15
1184500,1.72645859706e-15
1184750,2.99531791131e-15
1185000,3.60913593463e-15
1185250,4.35978625815e-15
1185500,5.84166542413e-15
1185750,3.72993421651e-15
1186000,1.72954716718e-15
1186250,1.53705889704e-15
1186500,7.03141992387e-15
1186750,9.62435640783e-15
1187000,1.45898740593e-14
1187250,1.87490352982e-14
1187500,2.16292162883e-14
1187750,2.27448412873e-14
1188000,2.24317699554e-14
1188250,2.48133923643e-14
1188500,1.60066853423e-14
1188750,1.18327760481e-14
1189000,6.46920638497e-15
1189250,5.55664375e-16
1189500,2.90631689199e-15
1189750,7.99143014047e-15
1190000,7.65521481132e-15
1190250,5.96944307775e-15
1190500,3.54802875955e-15
1190750,1.06511513917e-15
1191000,1.63747916952e-15
1191250,5.52601071883e-15
1191500,8.23918635079e-16
1191750,4.16830859888e-15
1192000,3.543824026e-15
1192250,3.11521946579e-15
1192500,2.15601747461e-15
1192750,1.36669043761e-15
1193000,3.02157935933e-15
1193250,4.77913634022e-15
1193500,4.70268118723e-15
1193750,3.71720113535e-15
1194000,3.09473993191e-15
1194250,3.43677307461e-15
1194500,4.23638913631e-15
1194750,3.96084705567e-15
1195000,2.60711525339e-15
1195250,1.50869347759e-15
1195500,4.94996028247e-15
1195750,2.06718545126e-15
1196000,1.60257953799e-15
1196250,3.66804521558e-15
1196500,3.89351214051e-15
1196750,2.56596517739e-15
1197000,1.09678917452e-15
1197250,1.39510260214e-15
1197500,4.94947847318e-15
1197750,3.09178578308e-15
1198000,1.50853275647e-15
1198250,6.02366061493e-16
1198500,7.19537600708e-15
1198750,1.092181274e-15
1199000,2.05082660502e-15
1199250,6.51478026431e-15
1199500,3.75532819793e-15
1199750,6.01710020517e-15
1200000,1.74544338683e-15
1200250,1.29244703413e-15
1200500,2.46908095247e-15
1200750,1.68382430708e-16
1201000,3.60355318688e-15
1201250,6.76437675398e-16
1201500,3.57614142505e-15
1201750,4.35561514832e-15
1202000,1.88074487476e-15
1202250,1.59654435622e-15
1202500,1.92748099596e-15
1202750,1.77527909707e-15
1203000,2.26782207083e-15
1203250,9.11831552158e-16
1203500,1.8733871948e-15
1203750,1.6891551095e-15
1204000,3.69712004825e-15
1204250,1.2008746427e-15
1204500,2.18024365059e-15
1204750,2.06862986706e-15
1205000,2.2376302877e-15
1205250,3.16047093035e-15
1205500,2.71506032835e-15
1205750,2.15684558684e-15
1206000,2.94315438662e-15
1206250,1.62441240368e-15
1206500,3.53218009843e-15
1206750,7.91613808205e-16
1207000,2.83244257586e-15
1207250,2.11244911382e-15
1207500,3.56638883072e-15
1207750,2.91031809946e-15
1208000,3.7713490801e-15
1208250,2.73402555646e-15
1208500,3.35412133348e-16
1208750,8.13661327815e-16
1209000,1.44672730051e-15
1209250,1.75013764283e-15
1209500,8.77980039351e-16
1209750,1.15763461694e-15
1210000,3.21209668251e-15
1210250,4.79600900431e-15
1210500,3.17467159115e-16
1210750,2.0432737298e-16
1211000,2.5990474836e-15
1211250,1.22526324345e-15
1211500,1.97940187905e-15
1211750,3.45373313854e-15
1212000,9.84133657661e-16
1212250,2.40471171736e-15
1212500,5.34350794424e-16
1212750,1.98933237329e-15
1213000,3.88024850712e-15
1213250,4.0360586004e-15
1213500,2.71452722758e-15
1213750,4.62706260925e-15
1214000,8.95909077729e-16
1214250,1.40944630743e-15
1214500,4.16290591766e-15
1214750,8.46002384249e-15
1215000,9.71188588354e-15
1215250,4.36050982821e-15
1215500,1.84033411204e-15
1215750,4.79727582072e-15
1216000,3.06762194012e-15
1216250,7.67729107318e-15
1216500,9.03591654368e-15
1216750,5.49228459856e-15
1217000,5.71554296702e-15
1217250,8.30859566265e-15
1217500,2.16875998766e-15
1217750,1.84608510106e-15
1218000,1.64884981931e-15
1218250,1.7397501228e-15
1218500,2.81001134961e-15
1218750,2.52297526429e-15
1219000,2.90623798426e-15
1219250,3.91428126275e-15
1219500,6.33353063443e-16
1219750,1.59799459368e-15
1220000,4.77732504451e-15
1220250,5.03899945793e-15
1220500,6.48866036068e-15
1220750,1.16837272901e-14
1221000,8.9500460078e-15
1221250,6.35354457434e-15
1221500,1.30224006696e-14
1221750,1.31889215647e-14
1222000,1.58517078068e-14
1222250,3.86279219931e-14
1222500,3.40585614109e-14
1222750,2.17215818226e-14
1223000,4.26077255179e-14
1223250,2.77075142433e-14
1223500,1.41048452335e-14
1223750,1.31192102281e-14
1224000,3.98000979747e-15
1224250,4.10867324044e-15
1224500,7.8865784611e-15
1224750,1.28884345901e-14
1225000,5.18888312192e-15
1225250,1.13895407472e-14
1225500,6.21684433256e-15
1225750,7.05196924207e-15
1226000,2.97166279659e-15
1226250,8.12885753985e-15
1226500,1.59819034122e-15
1226750,5.25726496465e-15
1227000,7.75965164958e-15
1227250,7.19882903277e-15
1227500,8.05307865613e-15
1227750,2.55971376588e-15
1228000,2.77088733051e-15
1228250,5.78573290164e-16
1228500,3.76758730191e-15
1228750,5.10145928712e-15
1229000,4.56512211983e-15
1229250,1.68504998095e-15
1229500,3.80198849998e-15
1229750,1.92132705511e-16
1230000,3.63012138614e-15
1230250,2.10930022158e-15
1230500,3.9694869316e-15
1230750,1.21396031027e-15
1231000,1.51728402416e-15
1231250,6.18347581857e-15
1231500,7.79590961628e-15
1231750,4.87286004407e-15
1232000,5.10903415399e-15
1232250,1.36609486112e-15
1232500,3.22429696913e-15
1232750,3.46012600108e-15
1233000,6.94721854913e-15
1233250,3.77135027784e-15
1233500,5.14249422665e-15
1233750,2.25107483274e-15
1234000,2.15593352754e-15
1234250,3.54462383866e-15
1234500,6.87786894679e-15
1234750,3.97511969674e-15
1235000,5.82215236095e-15
1235250,4.83575687662e-15
1235500,4.99836873159e-15
1235750,7.78661618932e-15
1236000,1.20058994688e-14
1236250,5.25346076062e-15
1236500,1.83503254923e-14
1236750,4.98705131328e-15
1237000,3.25742061361e-14
1237250,4.62753288202e-14
1237500,4.22681106958e-14
1237750,1.88133305659e-14
1238000,5.91540467608e-15
1238250,7.0243952164e-15
1238500,1.13905377955e-14
1238750,4.84044090175e-15
1239000,1.28430433106e-14
1239250,7.25492395396e-15
1239500,9.74304461345e-15
1239750,6.03017024211e-15
1240000,4.39322916677e-15
1240250,4.12761979455e-15
1240500,3.95134021923e-15
1240750,6.69910316365e-15
1241000,1.88493549498e-15
1241250,2.63890791288e-15
1241500,1.66384751213e-15
1241750,4.83714939794e-15
1242000,2.88874674404e-15
1242250,2.89209236683e-15
1242500,4.64827733769e-15
1242750,5.84133637215e-15
1243000,3.64782588726e-15
1243250,7.52827743353e-15
1243500,9.45849733573e-15
1243750,8.23163547289e-15
1244000,3.69451096345e-15
1244250,4.1764931532e-15
1244500,4.2434047027e-15
1244750,5.49232783617e-15
1245000,2.39128356765e-15
1245250,6.241423459e-16
1245500,9.10935954295e-16
1245750,6.05432965313e-15
1246000,4.45841187842e-15
1246250,4.69766509673e-15
1246500,2.5321748046e-15
1246750,2.02323882556e-15
1247000,5.44237093387e-16
1247250,1.8298341725e-15
1247500,2.28912242173e-15
1247750,3.35883725146e-15
1248000,7.81349539225e-16
1248250,3.01881541388e-15
1248500,1.13283463016e-15
1248750,4.04263710992e-15
1249000,3.99030599364e-15
1249250,1.3803703263e-15
1249500,4.67558877115e-15
1249750,1.76207325654e-15
1250000,6.84382436555e-15
1250250,3.58208056254e-15
1250500,3.51845701437e-15
1250750,8.46250138965e-16
1251000,1.05372189884e-15
1251250,2.10261565444e-15
1251500,3.54389362594e-15
1251750,1.93478224124e-15
1252000,2.86813231912e-15
1252250,2.56775293051e-15
1252500,1.5344468345e-15
1252750,2.63563236439e-15
1253000,4.31389688264e-15
1253250,7.36549212433e-16
1253500,6.13722785856e-16
1253750,1.9023004856e-15
1254000,2.07288902742e-15
1254250,1.96734428469e-15
1254500,2.56223439339e-15
1254750,7.97219620837e-16
1255000,2.74625705324e-15
1255250,4.11557120444e-16
1255500,3.64537429142e-15
1255750,2.66330187695e-15
1256000,3.24898582908e-15
1256250,4.87878359266e-15
1256500,3.22445034748e-15
1256750,5.98106446233e-15
1257000,7.89049010277e-15
1257250,5.8884992263e-15
1257500,4.13457232418e-15
1257750,2.4263484886e-15
1258000,5.73860755182e-15
1258250,8.08024588896e-16
1258500,3.608576159e-15
1258750,3.08594535406e-15
1259000,1.3557648819e-15
1259250,3.07579640208e-15
1259500,3.44255062208e-15
1259750,4.40022091632e-15
1260000,5.10289169109e-15
1260250,1.2412556853e-15
1260500,1.1782465798e-15
1260750,3.20683097666e-15
1261000,6.13519077789e-15
1261250,5.3068925073e-15
1261500,5.66887850317e-15
1261750,4.30999301202e-16
1262000,4.73623288536e-15
1262250,5.22356365724e-16
1262500,1.11305227313e-15
1262750,3.9029856869e-15
1263000,2.54372342848e-15
1263250,2.45695991069e-15
1263500,6.78769452009e-16
1263750,2.68496817719e-15
1264000,7.35817103591e-16
1264250,3.41503228659e-15
1264500,1.00275226667e-15
1264750,5.12195001638e-15
1265000,2.49555187224e-15
1265250,4.12812899914e-15
1265500,1.21620148234e-15
1265750,6.20133376862e-15
1266000,5.17379109805e-15
1266250,5.21298371363e-15
1266500,1.13605119506e-14
1266750,1.04329165682e-14
1267000,1.22629792631e-14
1267250,1.0340011484e-14
1267500,7.80590725526e-15
1267750,8.5758612448e-15
1268000,6.19724178653e-15
1268250,3.69995597304e-15
1268500,7.338733904e-15
1268750,1.14436913414e-14
1269000,9.06253633829e-15
1269250,1.44728233921e-14
1269500,8.49280351104e-15
1269750,6.97568240251e-15
1270000,5.51162556407e-15
1270250,7.04665881991e-15
1270500,1.18100307164e-14
1270750,1.44373668683e-14
1271000,4.65446992174e-15
1271250,5.18016011538e-15
1271500,1.42794981014e-14
1271750,2.25247366301e-14
1272000,2.82603104934e-14
1272250,6.2202620441e-14
1272500,4.90484686394e-14
1272750,3.42440027364e-14
1273000,6.40894526315e-14
1273250,3.87820318578e-14
1273500,1.85737266418e-14
1273750,2.16536502428e-14
1274000,8.14738518519e-15
1274250,4.82257454905e-15
1274500,8.40967944119e-15
1274750,1.11782586064e-14
1275000,5.32859164575e-15
1275250,1.115162951e-14
1275500,4.73375694979e-15
1275750,3.55151695056e-15
1276000,4.22715352558e-15
1276250,5.57171240743e-15
1276500,2.53698717474e-15
1276750,2.04638203718e-15
1277000,4.68434288144e-15
1277250,3.0730794691e-15
1277500,5.42646930587e-15
1277750,4.71208479264e-15
1278000,4.47943195279e-16
1278250,1.9896203564e-15
1278500,3.97204278648e-15
1278750,5.92007466954e-16
1279000,3.17955060503e-15
1279250,4.70634637008e-15
1279500,2.96868017958e-15
1279750,3.49641129017e-15
1280000,4.34696906762e-15
1280250,5.12784389805e-15
1280500,2.2081687402e-15
1280750,5.10621424449e-15
1281000,2.39007819813e-15
1281250,2.59424046566e-15
1281500,3.21636762987e-15
1281750,1.24837824638e-15
1282000,3.29848061542e-15
1282250,3.4858528392e-15
1282500,2.42994854233e-15
1282750,4.29809229535e-15
1283000,1.29569371857e-15
1283250,3.9217582227e-15
1283500,3.73918394354e-15
1283750,5.35961975184e-15
1284000,8.59278537727e-15
1284250,2.21291259673e-15
1284500,5.39389826376e-15
1284750,4.23974045135e-15
1285000,7.68942330605e-15
1285250,1.20594235865e-14
1285500,5.28873630438e-15
1285750,1.1713612107e-14
1286000,9.4639997424e-15
1286250,1.29281389064e-14
1286500,3.49800936076e-14
1286750,2.33819138578e-14
1287000,7.06388841116e-14
1287250,5.59769526119e-14
1287500,7.12970739001e-14
1287750,5.28462657727e-14
1288000,1.77699612427e-14
1288250,2.49577232249e-14
1288500,4.38398568833e-15
1288750,1.03460151806e-14
1289000,1.79936458169e-14
1289250,6.82334696369e-15
1289500,1.49659994922e-14
1289750,4.07332022893e-15
1290000,3.71042578151e-15
1290250,7.46532519869e-15
1290500,6.13136675907e-15
1290750,8.21657212744e-15
1291000,2.55000404955e-15
1291250,5.01918189574e-15
1291500,5.45395807108e-15
1291750,3.75766766586e-15
1292000,1.14283924088e-14
1292250,3.55347427533e-15
1292500,8.13234254951e-15
1292750,8.20945413622e-15
1293000,4.92855988883e-15
1293250,7.92117672796e-15
1293500,7.4979442235e-17
1293750,3.6296459786e-15
1294000,2.5191130605e-15
1294250,5.83546056434e-15
1294500,5.5055228914e-15
1294750,7.0646111353e-15
1295000,1.67880072919e-15
1295250,3.45294863122e-15
1295500,1.25692267714e-15
1295750,9.93188200299e-15
1296000,5.75765105593e-15
1296250,6.14320421221e-15
1296500,2.294650475e-15
1296750,3.54891084945e-15
1297000,1.48464904712e-15
1297250,1.33031134815e-15
1297500,4.03893749278e-15
1297750,1.35886175574e-15
1298000,3.2179268575e-15
1298250,1.58037368468e-15
1298500,2.2682933786e-15
1298750,3.66560252341e-15
1299000,2.81343919568e-15
1299250,3.84817605058e-15
1299500,4.31552615722e-15
1299750,6.59895994608e-15
1300000,6.19139083207e-15
1300250,2.28921779866e-15
1300500,6.88948381448e-15
1300750,5.26101849775e-15
1301000,5.80434807303e-15
1301250,6.23838685122e-15
1301500,4.93817758342e-15
1301750,4.01633433513e-15
1302000,6.38811484586e-15
1302250,4.38069166789e-15
1302500,3.77335205335e-15
1302750,1.48471167214e-15
1303000,2.49687152191e-15
1303250,1.2815534445e-15
1303500,2.64170352581e-15
1303750,7.64535495143e-16
1304000,1.236979801e-15
1304250,3.2513990001e-15
1304500,1.54007520562e-15
1304750,2.92953015722e-15
1305000,3.62415591805e-15
1305250,2.358729442e-15
1305500,1.3742440092e-15
1305750,1.49539058842e-15
1306000,2.01211562316e-15
1306250,7.81068668956e-16
1306500,2.28562033344e-15
1306750,4.30745495747e-15
1307000,4.16325155356e-15
1307250,3.64586357189e-15
1307500,2.86782020746e-15
1307750,1.09389415783e-15
1308000,1.68078478797e-15
1308250,5.34961519082e-15
1308500,2.92799327589e-15
1308750,4.03476560895e-15
1309000,3.74918531622e-15
1309250,3.26139254972e-15
1309500,2.88443111741e-15
1309750,2.47032834715e-15
1310000,2.62829842907e-15
1310250,5.8375256663e-15
1310500,4.64163727839e-15
1310750,4.18567361197e-15
1311000,3.8720673757e-15
1311250,1.39295021285e-15
1311500,4.92343345335e-15
1311750,6.8454998646e-15
1312000,5.71672108059e-15
1312250,4.70340879351e-15
1312500,4.34111361439e-15
1312750,2.88285572551e-15
1313000,3.70880316038e-15
1313250,6.66750567571e-15
1313500,2.32449632698e-15
1313750,2.25811362962e-15
1314000,8.58454027166e-16
1314250,4.16206115097e-15
1314500,6.44522331369e-15
1314750,4.92008677022e-15
1315000,5.57583785618e-15
1315250,2.02857658847e-15
1315500,1.71338772881e-15
1315750,4.91726902347e-15
1316000,4.5654170084e-15
1316250,6.89173607091e-15
1316500,9.59825165664e-15
1316750,8.56708350892e-15
1317000,6.31135590455e-15
1317250,1.03632701908e-14
1317500,4.98642692453e-15
1317750,8.13071800507e-15
1318000,8.67678989004e-15
1318250,6.59656572176e-15
1318500,9.99525900602e-15
1318750,7.96480912106e-15
1319000,7.1477471998e-15
1319250,8.68731410202e-15
1319500,1.43488767326e-15
1319750,3.39957397327e-15
1320000,4.35047888733e-15
1320250,4.1829834703e-15
1320500,6.34764252608e-15
1320750,7.71895854701e-15
1321000,5.79658067393e-15
1321250,1.48072885663e-15
1321500,8.45516230384e-15
1321750,1.15639189285e-14
1322000,1.52783754434e-14
1322250,3.43476241368e-14
1322500,2.98173148581e-14
1322750,2.09729907671e-14
1323000,3.77415620396e-14
1323250,2.14685420351e-14
1323500,1.24906626252e-14
1323750,2.63869211356e-15
1324000,2.68987221551e-15
1324250,6.86952425573e-15
1324500,6.84124871728e-15
1324750,2.37787228399e-15
1325000,5.86275256206e-15
1325250,6.58937155695e-15
1325500,2.49414701097e-15
1325750,5.85000667183e-15
1326000,4.71990097932e-15
1326250,5.01800616595e-15
1326500,4.94921838518e-15
1326750,2.0603921271e-15
1327000,4.06184635966e-15
1327250,5.88380912772e-15
1327500,8.77733602315e-15
1327750,2.62806365687e-15
1328000,2.24932405123e-15
1328250,3.12652988718e-15
1328500,3.09693414857e-15
1328750,6.46649617664e-15
1329000,7.68964122387e-15
1329250,3.16468929476e-15
1329500,5.95073926126e-15
1329750,1.87229496911e-15
1330000,1.96551178367e-15
1330250,4.2676880986e-15
1330500,5.3725020536e-15
1330750,2.78643639263e-15
1331000,3.5932959918e-15
1331250,3.25963641052e-15
1331500,5.41184428385e-15
1331750,3.32173588911e-15
1332000,5.16285435943e-15
1332250,2.48368311483e-15
1332500,3.60372620246e-15
1332750,3.3025359694e-15
1333000,4.52810133515e-15
1333250,5.31218495676e-15
1333500,6.07600272274e-15
1333750,1.37309239936e-15
1334000,2.36370386428e-15
1334250,1.50512263212e-15
1334500,5.03599728324e-15
1334750,4.64682288257e-15
1335000,7.20526195704e-15
1335250,9.0796204536e-15
1335500,2.13626368614e-15
1335750,1.05487503581e-14
1336000,9.15293468535e-15
1336250,8.41549497091e-15
1336500,2.41582098248e-14
1336750,1.47395349659e-14
1337000,4.8537771429e-14
1337250,4.28168339433e-14
1337500,4.65077681951e-14
1337750,3.91420669112e-14
1338000,1.67979969759e-14
1338250,2.21340776388e-14
1338500,2.31203384523e-15
1338750,5.22242138739e-15
1339000,1.02073721419e-14
1339250,4.4195936199e-15
1339500,1.13567141244e-14
1339750,5.60761104642e-15
1340000,5.70533128e-15
1340250,3.09940798875e-15
1340500,1.27610614306e-15
1340750,7.3981895786e-15
1341000,2.45975137286e-15
1341250,7.81925806264e-15
1341500,1.44908958106e-15
1341750,6.8855230177e-15
1342000,5.56937804355e-15
1342250,8.60634960504e-15
1342500,5.65317157601e-15
1342750,1.02208445167e-14
1343000,8.18699640063e-15
1343250,1.09952472822e-14
1343500,6.39014791197e-15
1343750,9.22407063563e-15
1344000,1.20396644234e-15
1344250,5.89116756328e-15
1344500,5.22924805261e-15
1344750,2.35691016931e-15
1345000,3.52164817988e-15
1345250,2.31076734689e-15
1345500,4.02292665558e-15
1345750,7.05040267974e-15
1346000,2.33228471484e-15
1346250,4.51693189007e-15
1346500,3.89003791676e-16
1346750,2.71014066569e-15
1347000,2.4328068037e-15
1347250,3.2843960411e-15
1347500,4.35641476958e-15
1347750,2.89044423586e-15
1348000,1.12165935549e-15
1348250,1.94517144239e-15
1348500,8.39266166722e-16
1348750,5.9769852694e-15
1349000,2.61120258474e-15
1349250,1.16390375587e-14
1349500,5.20272503313e-15
1349750,8.13401205655e-15
1350000,7.13053434613e-15
1350250,1.15118954375e-15
1350500,4.4329003869e-15
1350750,2.68663428786e-15
1351000,6.19382081629e-15
1351250,7.19169536263e-15
1351500,1.0852940298e-14
1351750,9.1615285405e-15
1352000,1.1392283309e-14
1352250,8.52572999099e-15
1352500,8.35039851569e-15
1352750,4.0787037172e-15
1353000,5.25934995815e-15
1353250,1.13873693465e-15
1353500,2.41708716516e-15
1353750,2.63877692175e-15
1354000,4.12167727658e-15
1354250,1.19305844745e-15
1354500,4.02729609259e-15
1354750,1.76300699113e-15
1355000,4.15352284301e-15
1355250,1.40397493397e-15
1355500,4.54831845439e-15
1355750,3.78060265271e-15
1356000,2.39145265367e-15
1356250,2.17047038278e-15
1356500,4.80708098618e-16
1356750,2.02766758028e-15
1357000,3.00621686047e-15
1357250,4.65898765349e-15
1357500,3.47468583242e-15
1357750,3.29889892517e-15
1358000,6.97441637636e-15
1358250,6.44342781863e-15
1358500,1.61083761547e-15
1358750,3.03024891759e-15
1359000,1.75949004424e-15
1359250,2.59636379253e-15
1359500,1.85647018027e-15
1359750,2.25939481456e-15
1360000,1.69375858483e-15
1360250,1.06832430216e-15
1360500,2.84030885492e-15
1360750,4.31862122749e-15
1361000,7.22671261305e-15
1361250,5.32980053217e-15
1361500,7.85971107086e-15
1361750,5.63166496051e-15
1362000,9.09006948956e-15
1362250,5.29376830516e-15
1362500,3.95943429671e-15
1362750,4.84486326768e-15
1363000,3.65057803262e-15
1363250,4.43239762507e-15
1363500,1.36664118094e-15
1363750,8.34149276696e-16
1364000,1.94246121211e-15
1364250,2.27991933637e-15
1364500,5.47357143527e-15
1364750,4.89484365185e-15
1365000,1.763102391e-15
1365250,2.475791455e-15
1365500,1.38200025992e-15
1365750,5.4877261142e-15
1366000,3.03145116172e-15
1366250,4.75150831426e-15
1366500,4.71464740948e-15
1366750,2.70824543711e-15
1367000,1.7517746095e-15
1367250,2.51833096545e-15
1367500,1.99360346165e-15
1367750,3.20735585959e-15
1368000,2.47220055908e-15
1368250,4.55733104671e-15
1368500,5.53921195605e-15
1368750,5.21041439407e-15
1369000,3.39011503483e-15
1369250,5.04754533555e-15
1369500,3.69751132187e-15
1369750,2.71260765527e-15
1370000,2.21665943262e-15
1370250,1.18398955334e-15
1370500,2.49283830148e-15
1370750,3.85455317661e-15
1371000,5.8824315608e-15
1371250,3.85428889985e-15
1371500,3.87597715246e-15
1371750,2.85391567484e-15
1372000,3.32355762092e-15
1372250,7.5044757344e-16
1372500,4.3908618261e-15
1372750,2.67910223614e-15
1373000,2.2825215742e-15
1373250,7.57536808583e-15
1373500,9.43316916058e-15
1373750,2.50441170383e-14
1374000,3.67215490642e-15
1374250,2.27507058102e-15
1374500,1.27677422029e-14
1374750,9.44130691666e-15
1375000,4.08357558434e-16
1375250,6.18044324523e-15
1375500,3.59967570029e-15
1375750,4.09124865925e-15
1376000,2.45286110438e-15
1376250,2.9456233658e-15
1376500,9.72021898404e-16
1376750,1.65291862674e-15
1377000,2.90548064821e-15
1377250,5.67543223721e-15
1377500,3.43270877401e-15
1377750,2.99438542587e-15
1378000,6.17101382775e-15
1378250,6.02213344568e-15
1378500,1.16402184409e-15
1378750,5.47658337425e-15
1379000,3.5299653969e-15
1379250,1.16759854872e-16
1379500,4.07129938947e-16
1379750,8.40704146789e-16
1380000,4.30909271786e-16
1380250,3.96776934409e-15
1380500,2.73907068561e-15
1380750,5.29438010341e-15
1381000,6.01500408428e-15
1381250,5.62266017404e-15
1381500,3.63108862987e-15
1381750,3.25263703994e-15
1382000,1.78635665334e-15
1382250,8.83633964986e-16
1382500,2.0181442007e-15
1382750,7.20691602302e-16
1383000,3.43771734389e-15
1383250,5.15754615688e-16
1383500,1.83736521805e-15
1383750,2.32825004462e-15
1384000,8.16513067431e-16
1384250,3.70055818273e-16
1384500,2.24387600433e-15
1384750,1.67959301245e-15
1385000,2.02862331743e-15
1385250,4.08424747818e-16
1385500,1.36067666314e-15
1385750,4.51064598972e-15
1386000,4.01982188523e-15
1386250,3.48074495226e-15
1386500,9.76277105455e-15
1386750,6.75380406669e-15
1387000,2.11330337957e-14
1387250,1.66394258295e-14
1387500,2.19027647459e-14
1387750,1.90482442934e-14
1388000,8.56943038986e-15
1388250,9.39629113553e-15
1388500,1.12890926768e-15
1388750,5.14875954005e-15
1389000,7.29306181287e-15
1389250,6.52963434272e-15
1389500,8.29501868834e-15
1389750,1.41772994349e-15
1390000,8.30998917261e-16
1390250,3.2223596983e-15
1390500,3.5328900988e-15
1390750,3.78745966012e-15
1391000,1.25655676688e-15
1391250,8.97372987964e-16
1391500,3.10075572265e-15
1391750,7.91663372262e-15
1392000,1.12916132741e-14
1392250,1.31379500547e-14
1392500,1.62155716078e-14
1392750,1.56606238904e-14
1393000,1.22547367842e-14
1393250,1.20178965388e-14
1393500,5.86180157214e-15
1393750,2.78306100667e-15
1394000,1.60476203459e-16
1394250,3.90166335629e-15
1394500,5.42516717722e-15
1394750,6.00392317571e-15
1395000,1.54999358386e-15
1395250,4.41035071169e-16
1395500,3.14898284361e-15
1395750,2.6204189041e-15
1396000,5.02529396836e-15
1396250,2.04237313887e-15
1396500,3.74583003139e-15
1396750,1.4923727497e-15
1397000,1.61171257293e-15
1397250,1.23083522878e-15
1397500,4.71836585732e-15
1397750,1.65786394258e-15
1398000,3.03165788803e-15
1398250,1.57785348851e-15
1398500,2.47573356879e-15
1398750,6.17787693358e-16
1399000,1.43081274817e-15
1399250,4.3043743764e-15
1399500,4.01515770612e-15
1399750,3.27373622247e-15
1400000,1.88144626686e-15
1400250,3.74328709925e-15
1400500,3.05618055297e-15
1400750,4.92523110205e-15
1401000,4.58613518577e-15
1401250,7.36394048637e-15
1401500,7.11855042653e-15
1401750,3.58315069838e-15
1402000,5.90926176974e-15
1402250,3.49871888238e-15
1402500,3.4554872201e-15
1402750,2.91526969201e-15
1403000,3.54682625429e-15
1403250,4.01920062466e-15
1403500,2.5109646819e-15
1403750,3.4614843546e-15
1404000,2.36141686961e-15
1404250,4.85736021309e-15
1404500,1.61122965438e-15
1404750,1.25970597723e-15
1405000,1.47665416921e-15
1405250,5.48629247407e-15
1405500,6.36876125306e-15
1405750,6.66736430593e-15
1406000,6.57347334839e-15
1406250,5.31727113351e-15
1406500,1.89450047513e-15
1406750,5.76816903367e-16
1407000,3.36173111052e-15
1407250,1.65882580859e-15
1407500,3.82139744668e-15
1407750,1.78244523376e-15
1408000,4.70086115043e-15
1408250,3.65150166556e-15
1408500,2.96289015319e-15
1408750,2.48849927961e-15
1409000,2.08424865409e-15
1409250,2.72459933391e-15
1409500,1.6980820255e-15
1409750,2.05906601912e-15
1410000,2.47358995309e-15
1410250,3.62995618054e-15
1410500,4.03677727963e-15
1410750,4.81639159441e-15
1411000,6.8086247747e-15
1411250,9.21680628984e-16
1411500,5.63789222685e-15
1411750,5.30421206987e-15
1412000,5.36597464398e-15
1412250,3.94976200986e-15
1412500,2.29767642189e-15
1412750,3.09935036573e-15
1413000,9.65620073728e-16
1413250,4.61280117972e-15
1413500,1.14057268811e-16
1413750,1.21371919265e-15
1414000,1.34542770816e-15
1414250,1.89535849928e-15
1414500,3.44446062389e-15
1414750,4.52883909113e-15
1415000,2.88678409581e-15
1415250,2.21485908624e-15
1415500,7.60599491224e-16
1415750,2.4736611343e-15
1416000,2.02950583097e-15
1416250,4.36627755962e-15
1416500,2.6982717297e-15
1416750,2.95062639864e-15
1417000,9.98829392514e-16
1417250,3.21108299205e-15
1417500,8.32967650486e-16
1417750,4.5779874394e-15
1418000,2.99047698708e-15
1418250,1.82022048304e-15
1418500,4.12330789164e-15
1418750,4.99817222944e-15
1419000,2.96360376308e-15
1419250,8.65039647452e-15
1419500,3.91177954432e-15
1419750,5.83735850165e-15
1420000,3.74331489274e-15
1420250,2.31523383132e-15
1420500,3.99503289963e-15
1420750,6.06112080504e-15
1421000,2.52082217704e-15
1421250,3.46267396349e-15
1421500,8.29404827652e-15
1421750,1.3823801161e-14
1422000,1.27116194626e-14
1422250,3.76227565598e-14
1422500,2.92012443105e-14
1422750,2.15891409817e-14
1423000,4.25436865954e-14
1423250,1.6720952203e-14
1423500,1.54850837793e-14
1423750,2.48347783459e-14
1424000,1.45036868031e-15
1424250,1.29186037747e-14
1424500,1.24045646571e-14
1424750,3.89990701002e-15
1425000,8.86336200343e-15
1425250,4.05864595538e-15
1425500,5.57157717817e-15
1425750,6.02984711798e-15
1426000,7.92686910278e-15
1426250,8.89311746566e-15
1426500,6.37354862941e-15
1426750,1.72891457642e-15
1427000,6.76192851836e-15
1427250,3.86307505853e-15
1427500,1.06046666924e-14
1427750,7.34402560497e-15
1428000,8.37040590603e-15
1428250,6.80681833667e-15
1428500,7.72018222132e-15
1428750,4.11815177858e-15
1429000,7.92790035002e-15
1429250,5.35924998649e-15
1429500,7.39311068375e-15
1429750,2.59398969292e-15
1430000,2.67085093713e-15
1430250,2.16104880665e-15
1430500,5.68820009819e-15
1430750,1.81905294536e-15
1431000,6.2970645139e-15
1431250,3.57633610117e-15
1431500,4.53455775635e-15
1431750,3.96951490593e-15
1432000,2.2714248111e-15
1432250,2.26113293617e-15
1432500,2.99009718215e-15
1432750,3.53499317197e-15
1433000,6.38208940435e-15
1433250,4.40274331755e-15
1433500,5.42900766088e-15
1433750,1.28613840774e-15
1434000,2.2261124717e-15
1434250,1.85012360601e-15
1434500,4.45813404645e-15
1434750,3.8886395167e-15
1435000,2.84486659946e-15
1435250,2.79808949977e-15
1435500,3.91800373786e-15
1435750,1.69201434627e-15
1436000,2.69389959967e-15
1436250,3.9375097046e-15
1436500,2.80774618237e-16
1436750,1.75393598931e-15
1437000,6.94556072349e-15
1437250,9.38257601205e-15
1437500,2.3167164095e-15
1437750,8.12257876567e-15
1438000,5.60043469511e-15
1438250,7.67092286645e-15
1438500,3.9544265422e-15
1438750,1.17205841714e-15
1439000,5.13691621288e-15
1439250,1.54700470457e-15
1439500,3.25715297096e-15
1439750,3.00144229077e-15
1440000,3.8933527793e-15
1440250,4.09045161045e-15
1440500,1.78092301499e-15
1440750,2.10029967023e-15
1441000,1.30255054763e-15
1441250,2.33414604577e-15
1441500,2.5272929089e-15
1441750,4.35146736845e-15
1442000,6.22714345302e-15
1442250,5.01351372827e-15
1442500,7.86015324715e-15
1442750,1.09528943327e-14
1443000,6.184866913e-15
1443250,1.16996931566e-14
1443500,1.54364606495e-15
1443750,5.37417587688e-15
1444000,2.45033684045e-15
1444250,4.57264328041e-15
1444500,4.10855514551e-15
1444750,3.92515340937e-15
1445000,2.83223570653e-15
1445250,2.25600357307e-15
1445500,3.09526863099e-15
1445750,2.14169750839e-15
1446000,1.12362426891e-15
1446250,3.26918330072e-15
1446500,1.4601135093e-15
1446750,1.45173689703e-15
1447000,5.843020671e-15
1447250,3.39981554602e-15
1447500,3.22155265849e-15
1447750,2.86864486964e-15
1448000,2.33629175764e-15
1448250,2.51660918313e-15
1448500,1.6326124446e-15
1448750,5.17878900931e-15
1449000,9.44310591061e-16
1449250,3.89249274118e-15
1449500,3.94497617096e-15
1449750,4.79604878856e-15
1450000,6.53708874796e-15
1450250,6.83048651237e-16
1450500,4.16536199973e-15
1450750,2.05927744991e-15
1451000,3.67743628719e-15
1451250,2.42520862628e-15
1451500,4.92591314257e-15
1451750,4.28109996194e-15
1452000,3.73010359031e-15
1452250,7.07086647871e-16
1452500,5.01595532681e-15
1452750,2.10028883621e-15
1453000,4.08564364536e-15
1453250,1.67493656345e-15
1453500,3.5599530975e-15
1453750,1.00290592323e-15
1454000,3.82243936179e-15
1454250,5.42911628628e-15
1454500,8.48591852306e-15
1454750,3.74948678913e-15
1455000,1.21736943313e-14
1455250,9.20690767121e-15
1455500,1.88164100168e-14
1455750,1.85483858745e-14
1456000,1.38128012184e-14
1456250,1.44281062464e-14
1456500,1.47242423874e-15
1456750,3.80931557105e-15
1457000,2.34718843613e-15
1457250,5.89830216618e-15
1457500,1.71913362255e-15
1457750,3.06861504105e-15
1458000,3.97002479643e-15
1458250,4.85603611428e-15
1458500,1.21365675392e-15
1458750,1.10111579748e-15
1459000,1.11339060715e-15
1459250,6.81929757109e-15
1459500,2.48906659768e-15
1459750,2.44456196721e-15
1460000,5.50871359603e-15
1460250,4.81365139408e-15
1460500,2.65742848226e-15
1460750,2.14678598574e-15
1461000,1.07351379459e-15
1461250,1.8498771796e-15
1461500,4.27898785697e-15
1461750,4.08036110842e-15
1462000,2.16778966014e-15
1462250,4.52844355125e-15
1462500,1.88619892742e-15
1462750,1.08168494714e-15
1463000,5.25502425945e-15
1463250,3.31946591223e-15
1463500,2.96909360774e-15
1463750,2.14973749607e-15
1464000,3.62392760103e-15
1464250,3.28166999672e-15
1464500,6.80043655258e-15
1464750,3.17250601751e-15
1465000,4.73823244006e-16
1465250,1.51155339153e-15
1465500,4.42025063294e-15
1465750,3.99893395396e-15
1466000,4.15161198809e-15
1466250,4.49565734462e-15
1466500,2.07546781682e-15
1466750,2.2765937039e-15
1467000,7.00882300064e-15
1467250,4.94259830117e-15
1467500,6.99848165198e-15
1467750,3.38527810242e-15
1468000,1.52177396005e-15
1468250,1.21614936008e-15
1468500,9.04304983787e-15
1468750,6.21310817934e-15
1469000,7.87389071802e-15
1469250,6.179734008e-15
1469500,1.90800605368e-15
1469750,4.60125682939e-15
1470000,1.20313651331e-14
1470250,1.1277863614e-14
1470500,1.10792022873e-14
1470750,1.2957029898e-14
1471000,6.76155627204e-15
1471250,4.82928649181e-15
1471500,2.23621982614e-14
1471750,2.46241582325e-14
1472000,2.5358410698e-14
1472250,5.69313786283e-14
1472500,4.6897333757e-14
1472750,3.14596707099e-14
1473000,5.80992768507e-14
1473250,3.57028694894e-14
1473500,2.07557193247e-14
1473750,3.11380989794e-15
1474000,7.43775310111e-15
1474250,5.01193240561e-15
1474500,1.0225944271e-14
1474750,1.03072786775e-14
1475000,4.12301825049e-15
1475250,8.5210368144e-15
1475500,4.51467755008e-15
1475750,4.38518610996e-16
1476000,2.50211229224e-15
1476250,6.05408728413e-15
1476500,3.81194809088e-15
1476750,5.0220901976e-15
1477000,8.27055319899e-15
1477250,2.23274940328e-15
1477500,7.11245948601e-15
1477750,4.46553552182e-15
1478000,1.06337121613e-14
1478250,8.31993576513e-15
1478500,5.76545518867e-15
1478750,1.41463471238e-14
1479000,9.63460305891e-15
1479250,4.82821255725e-15
1479500,4.69034642989e-15
1479750,6.99690514e-15
1480000,4.45871250986e-15
1480250,2.94939776795e-15
1480500,1.02845136506e-15
1480750,4.27265174765e-15
1481000,6.09456980304e-15
1481250,5.56685260409e-15
1481500,4.93279226151e-15
1481750,3.9783650194e-15
1482000,1.78613118597e-15
1482250,2.34361296233e-15
1482500,3.08972969655e-15
1482750,2.71277885664e-15
1483000,3.35370135817e-15
1483250,1.07544353012e-15
1483500,1.18034408278e-15
1483750,5.106727759e-15
1484000,3.9554403659e-15
1484250,3.03487989492e-15
1484500,1.28877245857e-15
1484750,2.61533376009e-15
1485000,1.79714098365e-15
1485250,6.21355254005e-15
1485500,5.39181238927e-15
1485750,4.44913958488e-15
1486000,6.01500311271e-15
1486250,1.75325325842e-15
1486500,1.58837518783e-15
1486750,4.58296244702e-15
1487000,1.51711332623e-15
1487250,3.58406866504e-15
1487500,4.93453924864e-15
1487750,1.95337713655e-15
1488000,1.51896695501e-15
1488250,1.41916644372e-15
1488500,2.88945981019e-15
1488750,4.87696236152e-16
1489000,3.00692842446e-15
1489250,5.16604788479e-15
1489500,2.66609742245e-15
1489750,2.15013889614e-15
1490000,4.3558308963e-16
1490250,9.76408810564e-16
1490500,1.36687452602e-15
1490750,2.40395728701e-15
1491000,1.99746057058e-15
1491250,2.02581306658e-15
1491500,2.81678970659e-16
1491750,2.39184174809e-15
1492000,1.97228260774e-15
1492250,4.11985486123e-15
1492500,1.50175331135e-15
1492750,3.95514440891e-15
1493000,3.76452955792e-15
1493250,5.74737982496e-15
1493500,7.61888932749e-15
1493750,4.93566158756e-15
1494000,2.9802017851e-15
1494250,1.95516932373e-16
1494500,3.69405424404e-15
1494750,2.19805625236e-15
1495000,2.53932963572e-15
1495250,3.02905035413e-15
1495500,1.75704053969e-15
1495750,1.1682740275e-15
1496000,3.40137178028e-15
1496250,6.61552958192e-16
1496500,2.80214876363e-15
1496750,3.59366380975e-15
1497000,2.750852571e-15
1497250,2.59608878181e-15
1497500,4.05542739292e-15
1497750,4.76100047247e-15
1498000,1.35122042613e-15
1498250,3.1878036766e-15
1498500,1.26128356641e-15
1498750,3.01515530735e-15
1499000,3.40798461819e-15
1499250,4.09329678478e-15
1499500,8.56237370219e-15
1499750,7.14294332854e-15
1500000,8.3711727032e-15
