frequency_hz,peak_amplitude_mv
0,100
250,5.07020928838e-15
500,6.2809125116e-15
750,4.94547194772e-15
1000,5.39901958316e-15
1250,4.27251240123e-15
1500,5.30413622639e-15
1750,5.03686419984e-15
2000,5.12940176972e-15
2250,4.76141199148e-15
2500,4.49725706582e-15
2750,5.09068469234e-15
3000,5.56371774527e-15
3250,5.40678973156e-15
3500,4.73710688811e-15
3750,3.65188349817e-15
4000,5.3347124046e-15
4250,6.07759194903e-15
4500,4.27138034909e-15
4750,4.73173925142e-15
5000,3.24943620661e-15
5250,5.78136589542e-15
5500,4.5846700179e-15
5750,4.70707993688e-15
6000,6.0103616656e-15
6250,6.68946851346e-15
6500,5.84566520153e-15
6750,4.39572220441e-15
7000,4.78736370863e-15
7250,4.68913879219e-15
7500,6.49148051434e-15
7750,5.29416643655e-15
8000,5.00651848194e-15
8250,4.65998905162e-15
8500,5.07674263822e-15
8750,4.76415140124e-15
9000,4.08968657734e-15
9250,3.82598240336e-15
9500,4.5732265758e-15
9750,4.62275223818e-15
10000,4.98484693101e-15
10250,3.72855219759e-15
10500,4.53147653169e-15
10750,3.54274381409e-15
11000,4.31008338834e-15
11250,5.15085559998e-15
11500,4.34941917843e-15
11750,5.04504979629e-15
12000,4.97898459725e-15
12250,4.87305226289e-15
12500,5.0371215732e-15
12750,4.79140406229e-15
13000,4.88360899693e-15
13250,4.9067505521e-15
13500,4.92548221285e-15
13750,5.42069512303e-15
14000,4.86456409174e-15
14250,5.19145878583e-15
14500,2.94681475132e-15
14750,6.92551942894e-15
15000,6.33996853175e-15
15250,5.96436037619e-15
15500,6.57839803422e-15
15750,5.09385955303e-15
16000,5.31371437589e-15
16250,5.25225320366e-15
16500,5.26929060188e-15
16750,5.25645447889e-15
17000,5.51351496863e-15
17250,5.68254487087e-15
17500,5.36230732226e-15
17750,5.27100072967e-15
18000,4.46877724498e-15
18250,4.46433418615e-15
18500,4.92636671168e-15
18750,5.2218145398e-15
19000,4.52340360557e-15
19250,3.93527718281e-15
19500,3.20623538088e-15
19750,3.98500519629e-15
20000,4.91278058423e-15
20250,5.35412782165e-15
20500,5.35107730834e-15
20750,5.11955567568e-15
21000,4.88353923894e-15
21250,4.50158710093e-15
21500,4.85410846747e-15
21750,5.22016161597e-15
22000,5.34712235127e-15
22250,5.29546229468e-15
22500,4.38249712297e-15
22750,4.95680762286e-15
23000,5.19257561174e-15
23250,5.10346374914e-15
23500,5.88580200716e-15
23750,3.7710919275e-15
24000,4.27199923812e-15
24250,5.91183798759e-15
24500,5.41487800609e-15
24750,5.35724516717e-15
25000,5.93603720818e-15
25250,6.69489111446e-15
25500,5.61744777135e-15
25750,5.60172111725e-15
26000,5.55219756071e-15
26250,5.66313183691e-15
26500,5.91162387494e-15
26750,6.15009779796e-15
27000,6.21653952827e-15
27250,6.1532355345e-15
27500,5.99288503259e-15
27750,5.68108610892e-15
28000,5.85879694973e-15
28250,5.79623620012e-15
28500,5.70138490191e-15
28750,5.6369412529e-15
29000,5.9697081964e-15
29250,5.67554489678e-15
29500,5.62465058762e-15
29750,4.88737302351e-15
30000,5.5764548841e-15
30250,4.35596726398e-15
30500,5.34368068395e-15
30750,2.98085499418e-15
31000,6.77713195883e-15
31250,1.05392950011e-14
31500,5.65447139158e-15
31750,7.01196310135e-15
32000,5.44234445304e-15
32250,6.08427254207e-15
32500,5.1702736627e-15
32750,4.97570333909e-15
33000,5.13378480062e-15
33250,5.40529117756e-15
33500,4.54301425731e-15
33750,4.73577971593e-15
34000,4.2582655352e-15
34250,5.43296184501e-15
34500,4.46272825882e-15
34750,5.38631995762e-15
35000,4.76105697751e-15
35250,5.25490337879e-15
35500,4.77729707226e-15
35750,4.67530794207e-15
36000,4.73637293729e-15
36250,4.91368623771e-15
36500,4.91404789943e-15
36750,4.72737474105e-15
37000,4.84224856727e-15
37250,5.75005910801e-15
37500,5.76263707571e-15
37750,6.29239279905e-15
38000,3.47512911546e-15
38250,7.45034102633e-15
38500,3.77915061868e-15
38750,4.80359686039e-15
39000,4.5961947093e-15
39250,5.2397761907e-15
39500,5.82378301072e-15
39750,5.76854911129e-15
40000,5.09133436514e-15
40250,4.92763731913e-15
40500,5.62166766006e-15
40750,5.55511985913e-15
41000,5.47882733894e-15
41250,5.8754865852e-15
41500,5.49264186789e-15
41750,5.92601321847e-15
42000,5.72798468434e-15
42250,5.6906549484e-15
42500,5.77178963308e-15
42750,5.29126136715e-15
43000,5.51902459838e-15
43250,5.58751040261e-15
43500,5.36062026069e-15
43750,5.6894898031e-15
44000,5.93208149671e-15
44250,6.02566232602e-15
44500,5.93908052989e-15
44750,5.94396375748e-15
45000,6.04765995931e-15
45250,5.94531993027e-15
45500,6.22014704136e-15
45750,6.00763971716e-15
46000,6.04061919818e-15
46250,6.1287712765e-15
46500,6.03556941935e-15
46750,6.23054341803e-15
47000,6.1253091815e-15
47250,6.86296113407e-15
47500,6.21027479493e-15
47750,5.15074510854e-15
48000,5.9116115477e-15
48250,5.95293295913e-15
48500,6.57100098973e-15
48750,6.23966078715e-15
49000,6.1984354397e-15
49250,6.16044136925e-15
49500,6.14964789825e-15
49750,6.61660527576e-15
50000,5.67812708323e-15
50250,6.33627192998e-15
50500,5.93728506382e-15
50750,5.62021556585e-15
51000,6.09562511216e-15
51250,4.93266960773e-15
51500,6.89545584186e-15
51750,7.05715493485e-15
52000,6.78321954356e-15
52250,5.91739730147e-15
52500,5.94605442007e-15
52750,6.4543289344e-15
53000,6.05114988669e-15
53250,6.39833206244e-15
53500,6.54002224787e-15
53750,6.91999659899e-15
54000,7.39107135601e-15
54250,7.37480798865e-15
54500,7.13872661511e-15
54750,6.6255027147e-15
55000,6.65422287875e-15
55250,6.28764846345e-15
55500,6.56475175201e-15
55750,6.53340655668e-15
56000,6.3261746334e-15
56250,6.49589185333e-15
56500,6.10535334854e-15
56750,6.44822408032e-15
57000,7.03438821172e-15
57250,6.77827920498e-15
57500,6.7173162346e-15
57750,7.49084971575e-15
58000,5.96273488309e-15
58250,7.67253900679e-15
58500,6.12641817226e-15
58750,7.2421693503e-15
59000,6.31043701259e-15
59250,6.9816469453e-15
59500,7.01271122062e-15
59750,6.92721146704e-15
60000,7.14220135298e-15
60250,6.92714287261e-15
60500,6.68121484585e-15
60750,7.16228529263e-15
61000,7.75997699342e-15
61250,7.82421336319e-15
61500,6.93024632075e-15
61750,7.90151349752e-15
62000,6.08524369114e-15
62250,6.9149557034e-15
62500,8.55389608497e-15
62750,7.19251024709e-15
63000,7.76018483046e-15
63250,7.24422579765e-15
63500,7.95250643713e-15
63750,7.47095690485e-15
64000,7.56614364055e-15
64250,7.39087886862e-15
64500,7.24568090048e-15
64750,7.3953443565e-15
65000,7.54621064583e-15
65250,7.26050894061e-15
65500,8.16554355257e-15
65750,7.30094756548e-15
66000,7.77345642308e-15
66250,8.50800898579e-15
66500,8.70450903473e-15
66750,7.94362536271e-15
67000,7.57612580712e-15
67250,7.91260680374e-15
67500,7.78553631019e-15
67750,8.71689822517e-15
68000,8.70480389944e-15
68250,8.29778978945e-15
68500,7.02645728432e-15
68750,7.74281001009e-15
69000,6.00017387012e-15
69250,7.01172785707e-15
69500,9.31931564841e-15
69750,9.36357315553e-15
70000,1.02254741883e-14
70250,9.18943285158e-15
70500,8.98354058648e-15
70750,8.72362062324e-15
71000,9.73999992408e-15
71250,9.23953679137e-15
71500,9.64026878886e-15
71750,9.10777923709e-15
72000,9.3316475593e-15
72250,9.49809070412e-15
72500,1.03472890033e-14
72750,9.4222308796e-15
73000,9.93381043404e-15
73250,1.03856049207e-14
73500,1.00429804561e-14
73750,1.01596444235e-14
74000,1.02265804699e-14
74250,1.03137774527e-14
74500,9.27272848051e-15
74750,1.09159762718e-14
75000,1.03808503055e-14
75250,1.0163186669e-14
75500,1.01003489252e-14
75750,1.06488318711e-14
76000,1.02635723079e-14
76250,1.03509576831e-14
76500,1.04518684144e-14
76750,1.05419618983e-14
77000,1.14827655579e-14
77250,1.25055117927e-14
77500,1.16459440355e-14
77750,1.19209768929e-14
78000,1.15321376977e-14
78250,1.13740233499e-14
78500,1.14558039762e-14
78750,1.11925776879e-14
79000,1.17383496519e-14
79250,1.16632245961e-14
79500,1.07640732647e-14
79750,1.24846799483e-14
80000,1.20995392442e-14
80250,1.13195650027e-14
80500,1.18452440248e-14
80750,1.18513655294e-14
81000,1.22856485031e-14
81250,1.2664612361e-14
81500,1.31778207242e-14
81750,1.32587427496e-14
82000,1.31774040833e-14
82250,1.34508950131e-14
82500,1.36248650247e-14
82750,1.41025301087e-14
83000,1.42745048253e-14
83250,1.46316344196e-14
83500,1.39188718449e-14
83750,1.38025510977e-14
84000,1.55038174726e-14
84250,1.58877603219e-14
84500,1.83158049223e-14
84750,1.70822711206e-14
85000,1.78511341303e-14
85250,1.54516307625e-14
85500,1.00942519352e-14
85750,1.56787110055e-14
86000,1.52374987327e-14
86250,1.70147659917e-14
86500,1.68452480651e-14
86750,1.7644309188e-14
87000,1.72804242559e-14
87250,1.86733958625e-14
87500,1.86785693954e-14
87750,1.90632039898e-14
88000,1.89238919833e-14
88250,1.99913408152e-14
88500,1.99127668626e-14
88750,2.07579823042e-14
89000,2.05744972421e-14
89250,2.16184344509e-14
89500,2.19487282751e-14
89750,2.24126159735e-14
90000,2.28793918333e-14
90250,2.32922885423e-14
90500,2.41529844366e-14
90750,2.48570813493e-14
91000,2.47941393443e-14
91250,2.55949929237e-14
91500,2.66704687657e-14
91750,2.79604633779e-14
92000,2.79824697674e-14
92250,2.88850814288e-14
92500,2.99974274317e-14
92750,3.04423543532e-14
93000,3.17804819728e-14
93250,3.29299050651e-14
93500,3.40671528658e-14
93750,3.48198183456e-14
94000,3.58181486428e-14
94250,3.7630895254e-14
94500,3.96248670004e-14
94750,4.19191228482e-14
95000,4.31073083042e-14
95250,4.49959200146e-14
95500,4.78203345442e-14
95750,5.11280606277e-14
96000,5.41646002252e-14
96250,5.72146203706e-14
96500,6.09599846768e-14
96750,6.60793089388e-14
97000,7.17670681725e-14
97250,7.73923197114e-14
97500,8.50923050945e-14
97750,9.42822793576e-14
98000,1.06879090153e-13
98250,1.20720935123e-13
98500,1.40828697684e-13
98750,1.6841328586e-13
99000,2.10176923709e-13
99250,2.79711385266e-13
99500,4.18476483345e-13
99750,8.33275036133e-13
100000,19.2249717945
100250,8.2961698323e-13
100500,4.12622866331e-13
100750,2.74713312941e-13
101000,2.05061038808e-13
101250,1.64609482214e-13
101500,1.36463048742e-13
101750,1.15869840064e-13
102000,1.00900512275e-13
102250,9.01367159978e-14
102500,8.2520472721e-14
102750,7.34063532673e-14
103000,6.52580268726e-14
103250,6.18308666589e-14
103500,5.86517898211e-14
103750,5.61743887996e-14
104000,4.93338390444e-14
104250,4.44860598989e-14
104500,4.63776627879e-14
104750,4.29274816025e-14
105000,4.48601669831e-14
105250,3.53443598077e-14
105500,3.83872610931e-14
105750,4.14559454384e-14
106000,2.85335031796e-14
106250,2.60275672452e-14
106500,2.8178618593e-14
106750,3.16827269886e-14
107000,2.77639470848e-14
107250,2.81575393843e-14
107500,2.19497109002e-14
107750,2.61458014915e-14
108000,2.47868151489e-14
108250,2.51219931069e-14
108500,2.19760446054e-14
108750,2.1231635967e-14
109000,2.23511697489e-14
109250,2.20549553228e-14
109500,1.92365623899e-14
109750,1.86615653156e-14
110000,1.7973072779e-14
110250,1.92835325816e-14
110500,1.76634761444e-14
110750,1.72328253106e-14
111000,1.61467451724e-14
111250,1.57850678514e-14
111500,1.60538106336e-14
111750,1.53842359709e-14
112000,1.44722894244e-14
112250,1.45753456181e-14
112500,1.31382951313e-14
112750,1.45068886316e-14
113000,1.38686265248e-14
113250,1.35383168247e-14
113500,1.23546239622e-14
113750,1.21173962632e-14
114000,1.25068815894e-14
114250,1.19535006973e-14
114500,1.22541215912e-14
114750,1.06631867756e-14
115000,1.10780006157e-14
115250,1.13128958044e-14
115500,1.09646719281e-14
115750,1.04575081854e-14
116000,1.06620644138e-14
116250,9.88777339203e-15
116500,1.01876449796e-14
116750,1.003912898e-14
117000,9.80407319976e-15
117250,9.28056363046e-15
117500,1.02814144567e-14
117750,9.4405349887e-15
118000,9.80270659528e-15
118250,9.61893282654e-15
118500,9.3498172005e-15
118750,9.0555802089e-15
119000,9.5779139735e-15
119250,9.11777431005e-15
119500,9.21836827189e-15
119750,8.35328097125e-15
120000,9.03950719419e-15
120250,8.92431235868e-15
120500,7.34824834653e-15
120750,8.34967916647e-15
121000,8.21255930595e-15
121250,8.1908123342e-15
121500,8.04821705335e-15
121750,7.68255829135e-15
122000,7.52759893394e-15
122250,7.58431746257e-15
122500,8.16025702182e-15
122750,7.68161311536e-15
123000,7.18474033944e-15
123250,6.43660907055e-15
123500,6.1592313712e-15
123750,6.62972372629e-15
124000,6.31295310337e-15
124250,6.35871722886e-15
124500,6.00882864718e-15
124750,5.89656960125e-15
125000,6.0643811293e-15
125250,5.76706536519e-15
125500,5.71961582025e-15
125750,5.84490106803e-15
126000,5.28713551345e-15
126250,6.16312267655e-15
126500,5.490641607e-15
126750,6.18693610341e-15
127000,5.15604459887e-15
127250,5.33106005044e-15
127500,6.23797865624e-15
127750,5.47751845747e-15
128000,4.83255234902e-15
128250,4.84292935988e-15
128500,5.36426634075e-15
128750,5.4448995182e-15
129000,5.14807707245e-15
129250,5.27634041318e-15
129500,4.46259357803e-15
129750,5.58530667626e-15
130000,5.64934641111e-15
130250,5.97657508199e-15
130500,5.30575554517e-15
130750,3.9479113287e-15
131000,2.19027711645e-15
131250,2.06654399249e-15
131500,3.13572776948e-15
131750,4.22239224642e-15
132000,4.03435683507e-15
132250,4.30183710071e-15
132500,3.42802155951e-15
132750,4.76202255463e-15
133000,3.74554385526e-15
133250,4.72625302748e-15
133500,5.84038654293e-15
133750,4.86014333554e-15
134000,4.1876308401e-15
134250,3.12113344349e-15
134500,4.27522388056e-15
134750,3.88753440605e-15
135000,3.71835517068e-15
135250,3.40887552205e-15
135500,3.31460667507e-15
135750,3.8301443919e-15
136000,4.64799709767e-15
136250,3.92610944387e-15
136500,3.95258397109e-15
136750,3.43319717415e-15
137000,3.51867776785e-15
137250,2.85243264633e-15
137500,3.83754871846e-15
137750,3.36776618489e-15
138000,4.20024811203e-15
138250,2.39022859685e-15
138500,4.2573741596e-15
138750,3.69442972158e-15
139000,4.44386372064e-15
139250,2.90396431468e-15
139500,3.10238814354e-15
139750,1.35998461164e-15
140000,3.23228553971e-15
140250,2.92386696802e-15
140500,2.36879365026e-15
140750,3.0020001517e-15
141000,2.59762705176e-15
141250,3.55005277262e-15
141500,2.66084585577e-15
141750,2.91293697475e-15
142000,2.61319575819e-15
142250,2.66564402217e-15
142500,2.71553455934e-15
142750,2.67368696339e-15
143000,3.26264524963e-15
143250,2.44559861177e-15
143500,2.36291949243e-15
143750,2.3688006658e-15
144000,2.25040035661e-15
144250,2.29301472404e-15
144500,2.27283431389e-15
144750,2.01086938383e-15
145000,2.42099898401e-15
145250,1.99980568001e-15
145500,2.14280830023e-15
145750,2.96742252342e-15
146000,2.26060271303e-15
146250,1.94737497128e-15
146500,1.70280281496e-15
146750,1.84707632172e-15
147000,1.57382862804e-15
147250,2.03745022052e-15
147500,1.80309432372e-15
147750,1.67283370103e-15
148000,2.17579795848e-15
148250,2.33839701164e-15
148500,1.74928011147e-15
148750,1.2243686086e-15
149000,1.28619517248e-15
149250,1.9495442374e-15
149500,1.90074518502e-15
149750,2.16016545789e-15
150000,1.54267475641e-15
150250,1.96017468859e-15
150500,1.42422769521e-15
150750,2.27253814093e-15
151000,1.7884233007e-15
151250,2.39998345982e-15
151500,1.36257134015e-15
151750,1.18890114388e-15
152000,1.04768009692e-15
152250,1.50902080471e-15
152500,1.83521902972e-15
152750,1.60264257049e-15
153000,1.14031035993e-15
153250,1.61839000924e-15
153500,1.24210526828e-15
153750,2.322209271e-15
154000,1.24608561478e-15
154250,1.59341418685e-15
154500,1.07230958554e-15
154750,1.34003626818e-15
155000,1.45066192158e-15
155250,1.82422791117e-15
155500,1.28871753161e-15
155750,1.82787184483e-15
156000,1.57767192995e-15
156250,1.61886268455e-15
156500,9.9595196857e-16
156750,1.33105537275e-15
157000,7.72119166281e-16
157250,6.69896019135e-16
157500,1.28747135425e-15
157750,7.7970539918e-16
158000,1.4381124222e-15
158250,1.07275586954e-15
158500,9.64740037752e-16
158750,9.7563047819e-16
159000,9.88459073497e-16
159250,1.31021944884e-15
159500,7.45956630643e-16
159750,5.9519439115e-16
160000,5.00282276959e-16
160250,2.61530246976e-16
160500,2.18205274432e-15
160750,1.51625713978e-16
161000,8.07009947614e-16
161250,8.81935160658e-16
161500,1.86080111891e-15
161750,2.93649379186e-15
162000,2.27469330055e-15
162250,3.85428683398e-15
162500,1.28579491463e-15
162750,2.42024544063e-15
163000,4.76211868946e-16
163250,2.27242937654e-16
163500,1.02028283383e-15
163750,1.12919355876e-15
164000,4.12584842238e-16
164250,1.76134250098e-17
164500,3.15301993362e-16
164750,7.77992981354e-16
165000,1.7916587382e-16
165250,7.22518575321e-16
165500,6.01084409259e-16
165750,5.12008914403e-16
166000,6.93961320593e-16
166250,4.44527469142e-16
166500,9.58242361733e-16
166750,5.06147508554e-16
167000,8.47406419469e-16
167250,1.08782009141e-15
167500,4.07661670719e-16
167750,1.11656708433e-15
168000,4.46610549217e-16
168250,1.84473692313e-15
168500,9.26797569104e-16
168750,1.38759046437e-15
169000,1.4195986197e-15
169250,1.09418795675e-15
169500,1.03840053853e-16
169750,1.22254924911e-16
170000,6.35230737347e-16
170250,8.49135688205e-16
170500,1.21846979572e-15
170750,1.10402382373e-15
171000,4.25045270082e-16
171250,3.10941999927e-16
171500,4.39066603607e-16
171750,2.87334953399e-16
172000,1.9064825266e-16
172250,6.55547975678e-16
172500,6.95448293913e-16
172750,8.39514312335e-16
173000,3.424360243e-16
173250,1.42767864674e-16
173500,1.02504144603e-15
173750,8.4840825881e-16
174000,2.01336018294e-15
174250,3.51249759576e-15
174500,3.50489467398e-15
174750,1.79479663131e-15
175000,1.61017957086e-15
175250,1.04847805448e-15
175500,1.35568975824e-15
175750,8.63318462331e-16
176000,1.00731711173e-15
176250,1.04556808947e-15
176500,1.24706049608e-15
176750,8.13356248756e-16
177000,1.06653394948e-15
177250,2.02032086869e-15
177500,1.91002970736e-15
177750,1.58682153763e-15
178000,7.9563710405e-16
178250,8.81450937583e-16
178500,2.2543920962e-15
178750,9.73930236205e-16
179000,1.7583414896e-15
179250,2.04170005493e-15
179500,1.26255642027e-15
179750,1.41336114857e-15
180000,8.95325938953e-16
180250,1.09149803235e-15
180500,1.42816904395e-15
180750,5.57709534417e-16
181000,9.51351155619e-16
181250,1.24596169179e-15
181500,1.80616832537e-15
181750,2.00699763947e-15
182000,1.27927688297e-15
182250,1.06459646144e-15
182500,1.49544895083e-15
182750,2.63645016306e-15
183000,2.82724133674e-15
183250,2.26586456799e-15
183500,1.50842553808e-15
183750,3.38121088442e-15
184000,5.16173574727e-15
184250,6.91558930899e-15
184500,8.45928665011e-15
184750,8.17920868127e-15
185000,6.71793248409e-15
185250,4.77973167394e-15
185500,2.94479540947e-15
185750,2.63160588362e-15
186000,3.61199482393e-15
186250,4.01319992211e-15
186500,3.61296597083e-15
186750,2.75219663477e-15
187000,2.48733962845e-15
187250,3.54393669578e-15
187500,4.67352331819e-15
187750,4.67977837598e-15
188000,4.38125953517e-15
188250,3.71396500132e-15
188500,4.67280560235e-15
188750,4.88634116285e-15
189000,6.15696556186e-15
189250,6.7175758934e-15
189500,5.69484646413e-15
189750,5.37120898064e-15
190000,5.46009974597e-15
190250,6.14579702676e-15
190500,6.47922614081e-15
190750,7.03154043515e-15
191000,4.9530569629e-15
191250,5.94821993777e-15
191500,7.24118453067e-15
191750,6.96765614446e-15
192000,7.00068141806e-15
192250,6.25407963516e-15
192500,6.54567172725e-15
192750,6.90212160333e-15
193000,8.63985274033e-15
193250,8.01272537891e-15
193500,8.72814105288e-15
193750,8.82361299396e-15
194000,9.09142897337e-15
194250,9.28013562693e-15
194500,1.05647816683e-14
194750,1.13854148138e-14
195000,1.13224540322e-14
195250,1.13895422509e-14
195500,1.17459675207e-14
195750,1.306622518e-14
196000,1.45165922946e-14
196250,1.60440252467e-14
196500,1.62578849622e-14
196750,1.74975143449e-14
197000,1.96921746409e-14
197250,2.19186881764e-14
197500,2.37231467893e-14
197750,2.64886035272e-14
198000,3.04046326904e-14
198250,3.46388773306e-14
198500,4.00375319792e-14
198750,4.97714794765e-14
199000,6.19888340507e-14
199250,8.25051279202e-14
199500,1.23751954105e-13
199750,2.48358184608e-13
200000,2.883008621
200250,2.49436234017e-13
200500,1.25925084333e-13
200750,8.3821785207e-14
201000,6.38618684943e-14
201250,4.88978085005e-14
201500,4.10495292815e-14
201750,3.63799410486e-14
202000,3.04989551496e-14
202250,2.73332952795e-14
202500,2.50971529459e-14
202750,2.27839980519e-14
203000,2.06752701706e-14
203250,2.00094240849e-14
203500,1.84548067065e-14
203750,1.76757464609e-14
204000,1.56697026839e-14
204250,1.51296166462e-14
204500,1.47624625273e-14
204750,1.56930523757e-14
205000,1.55799749091e-14
205250,1.53855487074e-14
205500,1.38807189174e-14
205750,1.18162281023e-14
206000,1.00556467343e-14
206250,9.58733015859e-15
206500,1.04111526445e-14
206750,1.09290908084e-14
207000,1.02881798921e-14
207250,9.42759386642e-15
207500,8.64133281181e-15
207750,9.62728478679e-15
208000,8.81524360604e-15
208250,8.95594130084e-15
208500,8.42044137473e-15
208750,8.15467055522e-15
209000,7.78794052141e-15
209250,7.44747160809e-15
209500,7.58183326493e-15
209750,7.37997367329e-15
210000,7.68323386189e-15
210250,6.58023261615e-15
210500,6.66285975498e-15
210750,6.64788166106e-15
211000,6.67709608466e-15
211250,6.43293622315e-15
211500,6.76180982531e-15
211750,7.08117211495e-15
212000,6.39409804807e-15
212250,6.1930220409e-15
212500,5.5550121412e-15
212750,5.62537264073e-15
213000,5.93962287464e-15
213250,6.08128401223e-15
213500,6.02445037649e-15
213750,5.7546359368e-15
214000,5.60296072523e-15
214250,5.29430875303e-15
214500,4.50332695179e-15
214750,6.15633247132e-15
215000,5.28270221393e-15
215250,5.44331104496e-15
215500,5.5636548811e-15
215750,4.44289846408e-15
216000,4.73763662741e-15
216250,4.48196361489e-15
216500,4.36104994012e-15
216750,4.81851545257e-15
217000,5.02077608795e-15
217250,4.58941877336e-15
217500,4.91452740205e-15
217750,4.07160571642e-15
218000,3.97831122315e-15
218250,4.30150158761e-15
218500,3.95383746158e-15
218750,4.46093568979e-15
219000,3.65429561851e-15
219250,3.25371037958e-15
219500,2.65328701729e-15
219750,3.10425253125e-15
220000,3.95553439558e-15
220250,4.80268012445e-15
220500,4.63800568083e-15
220750,4.99938669812e-15
221000,4.4791575058e-15
221250,3.76213059263e-15
221500,3.51552121244e-15
221750,3.69587417222e-15
222000,3.36764697993e-15
222250,3.98778615013e-15
222500,3.43643092715e-15
222750,3.51119220772e-15
223000,3.3918754494e-15
223250,3.18592720442e-15
223500,3.93270484327e-15
223750,2.07780092377e-15
224000,2.60013894197e-15
224250,3.98263176075e-15
224500,3.17273867535e-15
224750,2.7738708045e-15
225000,4.3954753501e-15
225250,5.13076572027e-15
225500,2.70988912765e-15
225750,4.43900328167e-15
226000,3.89376907174e-15
226250,3.5950121546e-15
226500,3.27226993725e-15
226750,3.82700730157e-15
227000,3.4606812669e-15
227250,3.88389572871e-15
227500,3.71512573915e-15
227750,3.28463481798e-15
228000,3.29464931835e-15
228250,2.77325996777e-15
228500,3.62790333531e-15
228750,3.31608917763e-15
229000,3.23095489371e-15
229250,2.76262574386e-15
229500,2.20873908055e-15
229750,2.34353147229e-15
230000,2.93404227543e-15
230250,2.51733908846e-15
230500,2.92655492016e-15
230750,1.83696052189e-15
231000,5.65667690964e-15
231250,7.0382064325e-15
231500,2.77934450652e-15
231750,3.66059170826e-15
232000,2.02852950997e-15
232250,2.87673316016e-15
232500,1.29271621419e-15
232750,2.74859507417e-15
233000,2.56784740976e-15
233250,3.08879088959e-15
233500,2.64085252995e-15
233750,2.1286189854e-15
234000,2.0520620163e-15
234250,2.64750001904e-15
234500,1.86710909732e-15
234750,3.1782718835e-15
235000,1.42148090617e-15
235250,2.69586482432e-15
235500,1.89234322378e-15
235750,2.88222148451e-15
236000,3.89800295765e-15
236250,3.20582509544e-15
236500,3.66962565356e-15
236750,3.11910807296e-15
237000,2.4654975208e-15
237250,1.51426110806e-15
237500,2.06803612724e-15
237750,1.54071254076e-15
238000,2.78471676072e-15
238250,2.19140783408e-15
238500,2.50651683697e-15
238750,2.2971101106e-15
239000,2.46014688812e-15
239250,2.09918678203e-15
239500,1.85066065926e-15
239750,1.55754812452e-15
240000,1.54965040434e-15
240250,1.67233847127e-15
240500,2.34670261133e-15
240750,2.00956669687e-15
241000,1.90846691908e-15
241250,2.00750253195e-15
241500,2.00415983065e-15
241750,2.20470664716e-15
242000,1.98460981603e-15
242250,1.90749373816e-15
242500,2.00731822002e-15
242750,1.95518478061e-15
243000,2.62519253594e-15
243250,1.80174520443e-15
243500,2.03327897725e-15
243750,1.95070656951e-15
244000,1.81338200788e-15
244250,2.61654155077e-15
244500,2.34344179485e-15
244750,1.7206643742e-15
245000,2.22136715938e-15
245250,2.05704030523e-15
245500,2.2068386998e-15
245750,1.98294353999e-15
246000,1.92586095572e-15
246250,1.9830841493e-15
246500,2.07562245103e-15
246750,2.49791348622e-15
247000,2.12694771071e-15
247250,3.03453969515e-15
247500,2.20922122431e-15
247750,1.50714519878e-15
248000,2.21585055041e-15
248250,1.85576249494e-15
248500,2.10437613556e-15
248750,1.75660005906e-15
249000,1.76037624733e-15
249250,1.82527563659e-15
249500,2.18831254963e-15
249750,2.27197177867e-15
250000,2.17823760567e-15
250250,1.61598045308e-15
250500,1.38452787132e-15
250750,2.19729611741e-15
251000,2.03843406557e-15
251250,8.93752876072e-16
251500,2.51139747718e-15
251750,2.46937076257e-15
252000,2.17764144214e-15
252250,1.5004072997e-15
252500,1.54858452692e-15
252750,1.87657866525e-15
253000,1.36113839039e-15
253250,2.01864295273e-15
253500,2.07741938568e-15
253750,3.07696845302e-15
254000,2.65942373623e-15
254250,2.84295618341e-15
254500,1.80340177539e-15
254750,2.18706568342e-15
255000,2.00173613166e-15
255250,1.89524456337e-15
255500,1.21463482594e-15
255750,1.70834809369e-15
256000,7.14507206147e-16
256250,1.42573720591e-15
256500,1.2261449997e-15
256750,1.80719064213e-15
257000,1.84553908729e-15
257250,1.62872217439e-15
257500,1.37337037534e-15
257750,1.93792188733e-15
258000,7.82536609298e-16
258250,2.24416245857e-15
258500,1.25839617156e-15
258750,1.40534608923e-15
259000,6.25547120638e-16
259250,1.55024408593e-15
259500,1.14024232036e-15
259750,1.59696671067e-15
260000,1.1603157035e-15
260250,5.02560329582e-16
260500,1.75676189837e-15
260750,1.13873101256e-15
261000,1.59511237781e-15
261250,1.14700954367e-15
261500,6.02900833113e-16
261750,2.05308890954e-15
262000,1.08281029832e-15
262250,2.2536590201e-15
262500,1.81610491516e-15
262750,1.46215711775e-15
263000,2.44603988207e-15
263250,1.30834407261e-15
263500,5.89549249301e-15
263750,3.07919391251e-15
264000,1.59096349074e-15
264250,1.33585906535e-15
264500,2.6273483593e-15
264750,8.39772127909e-16
265000,5.6579767134e-16
265250,2.11918209395e-15
265500,1.12475016826e-15
265750,1.87992941963e-15
266000,5.09189457821e-16
266250,1.95747311038e-15
266500,1.14172943716e-15
266750,1.195967197e-15
267000,8.49874707691e-16
267250,1.01614133054e-15
267500,9.64691871879e-16
267750,1.57028925916e-15
268000,1.1728246175e-15
268250,1.9663338356e-15
268500,1.42357818175e-15
268750,1.98796980712e-15
269000,1.4194662177e-15
269250,1.85917075867e-15
269500,1.89911389466e-15
269750,1.61728466616e-15
270000,1.71244930325e-15
270250,1.93562762271e-15
270500,3.43591207496e-15
270750,2.12565648954e-15
271000,2.21511376711e-15
271250,7.96438324176e-16
271500,8.83438254972e-16
271750,1.60117760423e-15
272000,1.53518054817e-15
272250,1.37001830974e-15
272500,1.21608190864e-15
272750,1.13742171955e-15
273000,1.33978799861e-15
273250,1.34589220123e-15
273500,1.28690339133e-15
273750,1.25428891906e-15
274000,1.04104011482e-15
274250,1.30217452494e-15
274500,9.42507905827e-16
274750,1.61716324448e-15
275000,1.43153311599e-15
275250,7.67240265284e-16
275500,8.94034693781e-16
275750,1.18879694484e-15
276000,1.21302030589e-15
276250,1.33926009771e-15
276500,2.09583872843e-16
276750,1.42750012084e-15
277000,2.07437105022e-15
277250,1.8118235029e-15
277500,9.38431104137e-16
277750,1.15377863098e-15
278000,1.80163139325e-15
278250,9.09341773921e-16
278500,9.22222535395e-16
278750,6.27220979262e-16
279000,6.68765479202e-16
279250,8.06031624709e-16
279500,5.58323603629e-16
279750,9.09822080302e-16
280000,1.20956828607e-15
280250,4.56908904898e-16
280500,8.36502818949e-16
280750,6.07100630799e-16
281000,8.50222177721e-16
281250,8.18596180256e-16
281500,1.18393928882e-15
281750,9.05786964874e-16
282000,9.57792709512e-16
282250,1.13533290129e-15
282500,1.02220252259e-15
282750,1.05183104658e-15
283000,8.71391495683e-16
283250,8.94532471319e-16
283500,9.16200974793e-16
283750,7.71363826048e-16
284000,1.45898556019e-15
284250,1.41510260175e-15
284500,1.24311023204e-15
284750,1.45674174583e-15
285000,2.56863870033e-15
285250,4.471495542e-15
285500,3.75060572186e-15
285750,1.72283376604e-15
286000,8.35411764847e-16
286250,1.26152479838e-15
286500,1.43805511178e-15
286750,2.05640883066e-15
287000,1.50418100847e-15
287250,2.48149273183e-15
287500,9.4153642679e-16
287750,7.05531133345e-16
288000,5.88877674743e-16
288250,1.13415758311e-15
288500,7.4907054428e-16
288750,1.01685589452e-15
289000,4.21901197366e-16
289250,3.41155065688e-16
289500,1.14264056445e-15
289750,1.18387194124e-15
290000,1.10813824228e-15
290250,7.76263689692e-16
290500,1.18748386806e-15
290750,1.46972677871e-15
291000,3.93477238383e-15
291250,4.11563344737e-15
291500,1.5931822699e-15
291750,1.0004451063e-15
292000,7.27955775232e-16
292250,7.76722026624e-16
292500,3.62170090658e-17
292750,9.25611166512e-16
293000,1.54388520299e-15
293250,2.73970113578e-15
293500,1.11126312537e-15
293750,5.856242577e-16
294000,9.704126906e-16
294250,1.50951249237e-15
294500,9.8074684055e-16
294750,1.17868833615e-15
295000,9.61542709673e-16
295250,8.23715889937e-16
295500,4.64842318315e-16
295750,6.71286247966e-16
296000,5.12784883605e-16
296250,8.87456962483e-16
296500,7.84983353342e-16
296750,4.30505057542e-16
297000,7.55606148331e-16
297250,1.35816997811e-15
297500,5.93030017982e-16
297750,1.50166431512e-15
298000,1.50290467897e-15
298250,2.09154869638e-15
298500,7.65327797447e-16
298750,3.57615997269e-15
299000,3.96585103466e-15
299250,4.76049330711e-15
299500,8.34625271343e-15
299750,1.86702254087e-14
300000,0.151608130416
300250,2.04107444384e-14
300500,1.20252422859e-14
300750,8.06854178268e-15
301000,6.44622703604e-15
301250,3.6294802353e-15
301500,4.02260290655e-15
301750,4.52103260158e-15
302000,3.72846131893e-15
302250,2.99202006686e-15
302500,1.50689602414e-15
302750,3.11701105253e-15
303000,4.13226775845e-15
303250,3.08395132754e-15
303500,9.63616632125e-16
303750,5.17140350599e-16
304000,4.20498211493e-15
304250,4.49038645008e-15
304500,9.52547788776e-16
304750,1.7186222034e-15
305000,3.78098200584e-15
305250,5.8134507865e-15
305500,4.51851411497e-15
305750,1.10673764913e-14
306000,5.55822810883e-15
306250,6.93668720168e-15
306500,6.22741220322e-15
306750,1.21003690853e-15
307000,2.03657062344e-15
307250,2.84309711699e-15
307500,6.23115092754e-15
307750,3.14796940596e-15
308000,1.32463985455e-15
308250,5.35403047824e-16
308500,2.79154104632e-15
308750,2.93291205102e-15
309000,2.50650020253e-15
309250,3.48020205205e-16
309500,4.07805358779e-15
309750,2.53951250401e-15
310000,3.90513589149e-15
310250,2.14839247391e-15
310500,7.1675783802e-16
310750,8.29992010417e-16
311000,2.73656680938e-15
311250,1.94676451274e-15
311500,3.21630666879e-15
311750,5.0097049907e-15
312000,2.10789453957e-15
312250,2.0515547984e-15
312500,2.07478864145e-15
312750,7.40837698317e-16
313000,1.79919970336e-15
313250,2.4356759373e-15
313500,3.40736022505e-15
313750,3.35078112885e-15
314000,1.9798386914e-15
314250,2.35939594011e-15
314500,1.99466643721e-15
314750,2.3864790765e-15
315000,1.26140829372e-15
315250,2.01376503664e-15
315500,3.2031569659e-15
315750,2.04792801589e-15
316000,1.09221848695e-15
316250,1.14415220494e-15
316500,1.17721398764e-15
316750,2.83252007322e-15
317000,2.33264178152e-15
317250,1.96677313456e-15
317500,1.81656021046e-15
317750,1.51437094137e-15
318000,5.70390900701e-16
318250,1.45996112829e-15
318500,1.98627757825e-15
318750,2.04047948628e-15
319000,7.89743079448e-16
319250,5.79434386695e-16
319500,3.29371695463e-16
319750,1.5483259666e-15
320000,6.00065134171e-16
320250,1.3479356513e-15
320500,1.08521108559e-15
320750,1.76469955036e-15
321000,1.65129280617e-15
321250,9.25380319899e-16
321500,7.51625204551e-16
321750,9.11962548944e-16
322000,2.02379958265e-16
322250,1.19713998868e-15
322500,9.76416284311e-16
322750,1.84965528498e-15
323000,5.79546470966e-16
323250,9.45231370845e-16
323500,1.32598562739e-15
323750,7.83972627466e-16
324000,1.07199317387e-15
324250,1.31736556734e-15
324500,9.64109517403e-16
324750,1.33750340861e-15
325000,4.92189818437e-15
325250,6.36552748837e-15
325500,1.31653414708e-15
325750,5.90484097664e-15
326000,4.82317062055e-15
326250,1.86336442546e-15
326500,2.17240821109e-15
326750,6.56544172987e-16
327000,1.4730105266e-15
327250,1.65895092298e-15
327500,1.98642356297e-15
327750,1.34013904146e-15
328000,8.9710596396e-16
328250,9.53523290129e-16
328500,1.29369451255e-15
328750,1.37205058744e-15
329000,1.65561784257e-15
329250,1.11902933983e-15
329500,2.70007627101e-16
329750,2.29026598262e-16
330000,9.03103335607e-16
330250,7.37601991848e-16
330500,6.47749666177e-16
330750,2.72466503574e-16
331000,2.07734696682e-15
331250,2.41634468975e-15
331500,9.87836378252e-16
331750,9.60626408844e-16
332000,1.30644042129e-15
332250,1.35876714039e-15
332500,1.6797165119e-15
332750,5.69913959484e-16
333000,1.3853367369e-15
333250,1.15463966951e-15
333500,6.25995788981e-16
333750,4.37406634266e-16
334000,9.53751270862e-16
334250,1.14384323319e-15
334500,5.36552705382e-16
334750,3.25753495867e-16
335000,5.10018933628e-16
335250,1.32065634326e-15
335500,1.13436827408e-15
335750,9.11653912709e-16
336000,1.27240821483e-16
336250,3.86732586394e-16
336500,8.71998996091e-16
336750,1.10421492947e-15
337000,1.24392953291e-15
337250,1.00005493618e-15
337500,4.61525459368e-16
337750,4.3715829224e-16
338000,8.68089442365e-16
338250,1.76036957369e-15
338500,1.20483227389e-15
338750,5.97001372077e-16
339000,9.40835245975e-16
339250,6.59142432248e-16
339500,2.26802323469e-15
339750,1.94708585355e-15
340000,8.18631644003e-16
340250,5.24057854004e-16
340500,2.34104649968e-15
340750,1.26583048644e-15
341000,7.47936341769e-16
341250,2.29518120635e-16
341500,9.8495427046e-16
341750,5.15343449548e-16
342000,1.2935663599e-15
342250,3.91429456574e-16
342500,4.87165174427e-16
342750,1.00673160038e-15
343000,7.69646052281e-16
343250,1.06128571178e-15
343500,1.23241033636e-15
343750,9.7031676706e-16
344000,9.45752577258e-16
344250,1.03966343793e-15
344500,1.22669990192e-15
344750,7.73650792695e-16
345000,9.96442122369e-16
345250,1.02963338134e-15
345500,1.29606748855e-15
345750,6.65552159864e-16
346000,1.29946487843e-15
346250,1.07954665731e-15
346500,1.00151550414e-15
346750,1.51632319731e-15
347000,1.18979998531e-15
347250,1.27722112101e-15
347500,7.39450156375e-16
347750,9.73176574895e-16
348000,3.77100230607e-16
348250,4.05103677527e-16
348500,1.07472513096e-15
348750,1.55172878227e-15
349000,1.35071611513e-15
349250,1.00672597945e-15
349500,1.15693199407e-15
349750,6.7218054741e-16
350000,8.58220350605e-16
350250,6.61064169365e-16
350500,8.18606270144e-16
350750,5.55521463507e-16
351000,1.23211172777e-15
351250,6.18675320358e-16
351500,1.60334823297e-15
351750,1.0699428715e-15
352000,1.20016117753e-15
352250,7.5138070691e-16
352500,1.1195227449e-15
352750,1.18517952887e-15
353000,9.09195346353e-16
353250,6.26066265247e-16
353500,1.58009411978e-15
353750,9.77409063488e-16
354000,1.09102355681e-15
354250,6.26712236937e-16
354500,8.86922409615e-16
354750,1.25238987071e-15
355000,1.58015427294e-15
355250,1.16087499609e-15
355500,1.24812053481e-15
355750,1.35838231673e-15
356000,1.73460960178e-15
356250,2.08197888179e-15
356500,2.19476633648e-15
356750,2.96261176129e-15
357000,2.50946660841e-15
357250,1.9560276015e-15
357500,1.71208650235e-15
357750,9.17874415807e-16
358000,4.26311407569e-16
358250,9.94772256413e-16
358500,1.31650396655e-15
358750,4.24720388107e-16
359000,4.97733508213e-16
359250,4.01878229061e-16
359500,3.72508733671e-16
359750,5.63495232951e-16
360000,4.76653745367e-16
360250,1.26291537514e-15
360500,1.62162526579e-15
360750,1.19840907284e-15
361000,5.17985316015e-16
361250,1.08258866965e-15
361500,1.08417670388e-15
361750,2.12700358631e-15
362000,2.85745174632e-15
362250,2.42670316721e-15
362500,3.44241015708e-15
362750,1.01399281082e-15
363000,8.99532645298e-16
363250,5.96997462926e-16
363500,1.77375864631e-15
363750,1.24679724009e-15
364000,1.1166388132e-15
364250,3.61641696662e-16
364500,6.75487768239e-16
364750,6.75256881742e-16
365000,9.23830352125e-16
365250,7.53607876744e-16
365500,1.18680199483e-15
365750,4.66634732445e-16
366000,6.44468733871e-16
366250,1.42296658334e-15
366500,1.12056153023e-15
366750,5.96989402547e-16
367000,7.6227125451e-16
367250,7.32137577443e-16
367500,8.40407561708e-16
367750,1.29026154944e-15
368000,1.00992439467e-15
368250,6.94574539761e-16
368500,3.12534379328e-16
368750,9.33763032821e-16
369000,4.6267651473e-16
369250,1.59390492367e-15
369500,3.52502246579e-16
369750,7.38696829399e-16
370000,2.10998257624e-16
370250,1.29064137157e-15
370500,1.52500937072e-15
370750,8.63942945968e-16
371000,1.6165042231e-15
371250,9.11414162534e-17
371500,1.22221171456e-15
371750,5.50321656202e-16
372000,1.31768382204e-15
372250,5.10459305222e-16
372500,9.12146676453e-16
372750,7.7856481185e-16
373000,6.33680218505e-16
373250,3.96389310506e-16
373500,1.7044787062e-15
373750,7.50480423534e-16
374000,2.15331792226e-15
374250,3.4515363723e-15
374500,3.4193155075e-15
374750,2.74235488527e-15
375000,1.20339500665e-15
375250,7.76255832087e-16
375500,9.09690046839e-16
375750,7.69858909412e-16
376000,1.13534456407e-15
376250,1.33004748966e-15
376500,1.11595863645e-15
376750,6.1982037328e-16
377000,7.26482730272e-16
377250,8.84441678569e-16
377500,8.54462145497e-16
377750,5.09912260208e-16
378000,9.0609214624e-16
378250,6.06646008007e-16
378500,1.85242491385e-15
378750,8.12146511709e-16
379000,3.43809649985e-16
379250,1.02927576008e-15
379500,7.89557660253e-16
379750,3.79862021728e-16
380000,2.24830066818e-16
380250,4.89504749294e-16
380500,2.77158501906e-16
380750,9.76374957213e-16
381000,1.06279081637e-15
381250,9.48125881626e-16
381500,1.26105490664e-15
381750,3.51947494166e-16
382000,4.87474257427e-16
382250,1.02972867851e-15
382500,1.51506385742e-15
382750,2.19400323296e-15
383000,1.72348391285e-15
383250,6.61863317151e-16
383500,9.30073691217e-16
383750,2.52969947616e-15
384000,4.27242652324e-15
384250,5.60800187782e-15
384500,6.65343577812e-15
384750,6.77294266977e-15
385000,6.32087580555e-15
385250,6.85705990354e-15
385500,6.24425917828e-15
385750,4.32834315227e-15
386000,3.42067193767e-15
386250,2.52357858336e-15
386500,1.35494674191e-15
386750,9.12542535908e-16
387000,1.67906126315e-15
387250,2.40877418908e-15
387500,9.53579659552e-16
387750,1.40364547751e-15
388000,1.11675606734e-15
388250,8.37983091614e-16
388500,1.48683063826e-15
388750,2.03139074903e-15
389000,1.84736914108e-15
389250,1.60028051867e-15
389500,1.62807089348e-15
389750,1.14918750578e-15
390000,9.76809960528e-16
390250,1.58900543617e-15
390500,1.7958094956e-15
390750,1.88978762684e-15
391000,1.00338247409e-15
391250,7.90668559311e-16
391500,1.02767952714e-15
391750,9.80739279499e-16
392000,8.38926312038e-16
392250,6.79843610992e-16
392500,3.99547258978e-16
392750,7.18144570032e-16
393000,9.22496760353e-16
393250,1.06027910915e-15
393500,7.62553539527e-16
393750,6.44751516561e-16
394000,3.29828665826e-16
394250,2.75071125943e-16
394500,6.70854923383e-16
394750,1.64532584472e-15
395000,8.5166161549e-16
395250,9.38795230098e-16
395500,7.63135988344e-16
395750,7.27797947193e-16
396000,9.88870238006e-16
396250,6.97375099474e-16
396500,6.2399733042e-16
396750,7.16388793229e-16
397000,6.06560936528e-16
397250,2.21934047368e-15
397500,9.5358054791e-16
397750,7.90698118507e-16
398000,5.78236841268e-16
398250,1.32693573701e-15
398500,1.02361566343e-15
398750,1.21225046546e-15
399000,1.03286736073e-15
399250,1.01378052174e-15
399500,1.05717561742e-15
399750,1.15506286946e-15
400000,0.00410391412218
400250,2.2369948604e-15
400500,1.58537385421e-15
400750,1.51684190314e-15
401000,9.45712347528e-16
401250,2.74182456766e-15
401500,2.28525214506e-15
401750,1.2097849414e-15
402000,2.41849074646e-15
402250,1.48596283996e-15
402500,1.05770251565e-15
402750,2.33765356402e-15
403000,1.92463198708e-15
403250,1.20978838295e-15
403500,1.23119800724e-15
403750,7.88245532609e-16
404000,2.03019389784e-15
404250,2.02050449499e-15
404500,1.80071545513e-15
404750,1.99722316298e-15
405000,3.71619948454e-15
405250,8.18871069276e-16
405500,3.56824322037e-15
405750,5.07900088079e-15
406000,3.52929600345e-15
406250,4.20290172654e-15
406500,2.41080259576e-15
406750,1.59076092177e-15
407000,3.99323130863e-16
407250,1.03841637111e-15
407500,3.25990691908e-15
407750,6.54701282432e-16
408000,7.25672002463e-16
408250,1.49954493012e-15
408500,1.1255826849e-15
408750,1.13925304854e-15
409000,3.41394372222e-16
409250,2.52415940704e-16
409500,1.16736520288e-15
409750,1.0496171231e-15
410000,8.84354404826e-16
410250,9.79995910518e-16
410500,7.07488333418e-16
410750,4.25680268387e-16
411000,1.35573028123e-15
411250,1.77171090202e-15
411500,1.70907838136e-15
411750,1.20033953584e-15
412000,8.42571275537e-16
412250,5.14309790035e-16
412500,1.03389320904e-15
412750,7.24151976608e-16
413000,6.87832110541e-16
413250,4.1832810315e-16
413500,6.62381725816e-16
413750,1.19590379235e-15
414000,8.94534581499e-16
414250,1.13736361417e-15
414500,1.21938778456e-15
414750,4.48031114356e-16
415000,8.4843716785e-16
415250,5.62890543192e-16
415500,1.68608309489e-15
415750,1.1649432306e-15
416000,7.65403256583e-16
416250,3.17565523009e-16
416500,1.01427717578e-15
416750,1.56430028415e-15
417000,1.84597047588e-15
417250,2.10681764759e-15
417500,2.54147560331e-15
417750,2.12629883142e-15
418000,2.42853562455e-15
418250,2.31495541453e-15
418500,2.69580907813e-15
418750,2.00878403108e-15
419000,1.64844709065e-15
419250,1.0308169063e-15
419500,5.52368879799e-16
419750,1.06479150126e-15
420000,8.92738563338e-16
420250,1.0558394032e-15
420500,1.07223325528e-15
420750,1.55836273147e-15
421000,1.11562556691e-15
421250,3.97890182577e-16
421500,2.50558591616e-16
421750,1.34675460246e-15
422000,1.79430728889e-15
422250,1.30976183585e-15
422500,1.09300715229e-15
422750,9.92318026079e-16
423000,3.30820974662e-16
423250,4.78729948704e-16
423500,4.81175396558e-16
423750,6.78957839631e-16
424000,1.30974741976e-15
424250,2.03615969263e-15
424500,1.67258325924e-15
424750,8.59779288457e-16
425000,3.63855874996e-16
425250,5.69538790285e-16
425500,8.08387590981e-16
425750,1.23831332838e-15
426000,8.82797775131e-16
426250,4.37694351336e-16
426500,4.79424303607e-16
426750,3.04887553719e-16
427000,6.94175602349e-16
427250,3.29534177768e-16
427500,7.47133355534e-16
427750,8.04253844171e-16
428000,3.7673010121e-16
428250,7.95858374411e-16
428500,6.03274010465e-16
428750,6.35285043931e-16
429000,3.12484417471e-16
429250,5.02077635838e-16
429500,8.35106591655e-16
429750,6.05490209086e-16
430000,6.47198673782e-16
430250,9.76607925404e-16
430500,3.15244016959e-16
430750,6.25179634171e-16
431000,3.83097588214e-16
431250,1.02817548231e-15
431500,6.72564089792e-16
431750,5.051898932e-16
432000,1.13699452807e-15
432250,9.53753533498e-16
432500,1.72261300024e-15
432750,1.01908761427e-15
433000,9.40084546398e-16
433250,8.02964911159e-16
433500,2.10089851215e-16
433750,7.58752953399e-16
434000,7.33048737145e-16
434250,1.08354661657e-15
434500,7.40390295363e-16
434750,1.33701852411e-15
435000,1.03189389689e-15
435250,3.85007458127e-16
435500,1.90993811507e-15
435750,8.55974682374e-16
436000,2.10728118276e-15
436250,2.91976279734e-15
436500,1.87906303092e-15
436750,2.15216147886e-15
437000,7.59154533493e-16
437250,9.8187077228e-16
437500,2.5615192728e-16
437750,2.79918439852e-16
438000,8.2759446506e-16
438250,6.17147375538e-16
438500,1.00927463243e-15
438750,1.23279476631e-16
439000,4.57315649464e-16
439250,6.2656947452e-16
439500,1.29238694551e-15
439750,1.2946853933e-15
440000,1.290310637e-15
440250,5.04614692736e-16
440500,3.03148477129e-15
440750,2.63994496607e-15
441000,5.27410636846e-16
441250,5.49175267269e-16
441500,5.35143976696e-16
441750,5.89476036127e-16
442000,9.4809804277e-16
442250,6.24122959414e-16
442500,7.62126258541e-16
442750,1.16828288145e-15
443000,2.90347175084e-16
443250,6.7789212904e-16
443500,8.46780549316e-16
443750,6.88925310637e-16
444000,1.10691292656e-15
444250,9.58643725353e-16
444500,3.97538504656e-16
444750,3.28347779056e-16
445000,1.15296552455e-16
445250,5.82589698041e-16
445500,7.1735453434e-16
445750,6.40347107948e-16
446000,8.31710864763e-16
446250,8.12816587842e-16
446500,3.467974942e-16
446750,9.66849302767e-16
447000,2.55625506869e-16
447250,4.51699991929e-16
447500,4.39132124332e-16
447750,3.31736245709e-16
448000,6.69691888357e-16
448250,2.05821734206e-16
448500,2.29627580791e-16
448750,1.63830756469e-15
449000,1.85671305071e-15
449250,1.03052744712e-15
449500,6.47020327955e-16
449750,3.95956445021e-16
450000,5.5981434755e-16
450250,2.86009659451e-16
450500,2.57195933428e-16
450750,2.56176872714e-16
451000,8.48853953586e-16
451250,4.91984853262e-16
451500,5.24662651926e-16
451750,3.39934898453e-16
452000,4.33115043563e-16
452250,3.99863407957e-16
452500,2.89523807001e-16
452750,6.90887560686e-17
453000,6.73196669414e-16
453250,1.66735709458e-16
453500,9.72710462832e-16
453750,2.9444607413e-16
454000,5.6672201256e-16
454250,1.081716676e-16
454500,7.05201840485e-16
454750,4.55619437219e-16
455000,5.43702163275e-16
455250,5.362378836e-16
455500,4.87368895523e-16
455750,6.01926995126e-16
456000,7.16564523147e-16
456250,1.40559254315e-15
456500,5.77879643846e-16
456750,1.39878538982e-15
457000,8.11444252299e-16
457250,3.77398678454e-16
457500,6.90638413801e-16
457750,2.77702342282e-16
458000,6.29783157636e-16
458250,3.77558258409e-16
458500,6.44046895208e-16
458750,9.95642030837e-17
459000,8.62101774267e-16
459250,2.10245155553e-16
459500,9.56372750264e-16
459750,5.52562358555e-16
460000,8.89851970044e-16
460250,1.23963775752e-15
460500,7.81572550204e-16
460750,7.14012507012e-16
461000,2.65825185372e-16
461250,2.7448402098e-16
461500,6.49946286804e-16
461750,8.18744597553e-16
462000,1.35541512812e-15
462250,1.05659331751e-15
462500,1.73757082806e-15
462750,1.23173219783e-15
463000,1.85262563575e-15
463250,1.15249439366e-15
463500,3.33606629015e-15
463750,2.93470133561e-15
464000,4.45153627676e-16
464250,3.3801642937e-16
464500,2.16218728268e-15
464750,1.37125092173e-15
465000,1.24592970034e-15
465250,1.29783711273e-15
465500,3.90071405546e-16
465750,5.66954658873e-16
466000,4.97421354231e-16
466250,4.40037251062e-16
466500,8.08543301578e-16
466750,2.4604317006e-16
467000,2.40869852753e-16
467250,1.03604861685e-15
467500,1.08716133358e-15
467750,1.42381432704e-15
468000,1.50064408717e-15
468250,9.61829175746e-16
468500,1.05026940269e-15
468750,2.27026756678e-15
469000,7.71827964714e-16
469250,3.20700899273e-15
469500,3.17489263548e-15
469750,1.69133806073e-16
470000,5.45572574828e-16
470250,3.11907819905e-15
470500,2.69371527072e-15
470750,2.49995462714e-15
471000,2.08663941295e-15
471250,9.93563628018e-16
471500,2.76457938884e-15
471750,1.27587613199e-15
472000,2.73645862394e-15
472250,1.33940061654e-15
472500,1.0095171953e-15
472750,8.20641811983e-16
473000,6.27397591743e-16
473250,7.04566280544e-16
473500,1.50154906105e-15
473750,1.99630241094e-16
474000,1.34807554799e-15
474250,1.0573037204e-15
474500,1.54177602114e-15
474750,9.58566624373e-16
475000,1.08580582661e-15
475250,3.67042275806e-16
475500,5.21172474394e-16
475750,5.8894425407e-16
476000,3.88811201123e-16
476250,1.28977950159e-15
476500,1.74243420521e-15
476750,1.04535485197e-15
477000,1.81927133198e-15
477250,6.87215806359e-16
477500,7.1389502558e-16
477750,4.31720149131e-16
478000,1.04450369214e-15
478250,1.75338412581e-16
478500,8.91120077828e-16
478750,4.05564300819e-16
479000,4.88494022278e-16
479250,4.55206102393e-16
479500,5.61974142551e-16
479750,5.80874566835e-16
480000,8.80694681032e-16
480250,9.06042826298e-16
480500,8.31640510972e-16
480750,3.48071528946e-16
481000,9.52653518775e-16
481250,3.28609278465e-16
481500,1.31506920958e-15
481750,2.08335704113e-16
482000,9.16490384677e-16
482250,8.08141592798e-16
482500,1.02789426206e-15
482750,1.07683179588e-15
483000,1.08783794776e-15
483250,1.09903063787e-15
483500,9.68501226077e-16
483750,6.25330880616e-16
484000,1.50217288254e-15
484250,2.51115882414e-15
484500,2.63149352259e-15
484750,1.37509537611e-15
485000,9.01801505025e-16
485250,8.48872987267e-16
485500,9.97671758613e-16
485750,1.25988526678e-15
486000,1.61285278314e-15
486250,1.35000480048e-15
486500,1.3252040616e-15
486750,9.09202594649e-16
487000,2.34896998373e-16
487250,5.24255114674e-16
487500,8.63204456589e-16
487750,9.62578706895e-16
488000,1.15109150298e-15
488250,6.44644655388e-16
488500,4.80300426159e-16
488750,6.86579509396e-16
489000,7.51237965911e-16
489250,1.03333570903e-15
489500,8.10667684091e-16
489750,1.2646860944e-15
490000,4.25718395155e-16
490250,4.22147374012e-16
490500,4.4274738393e-16
490750,1.09536190713e-15
491000,3.07550657068e-15
491250,4.37989102718e-15
491500,2.26056802344e-15
491750,1.0617262501e-15
492000,1.40374707056e-15
492250,3.39911444798e-16
492500,9.0128057848e-16
492750,7.35777956668e-16
493000,1.84304770522e-15
493250,1.61572601119e-15
493500,1.39423805397e-15
493750,8.93287787382e-16
494000,1.61675728782e-15
494250,1.95887521664e-15
494500,1.75613960391e-15
494750,1.64268656564e-15
495000,1.05499414517e-15
495250,8.29204463495e-16
495500,7.2098986824e-16
495750,1.05306455097e-15
496000,1.84037404003e-15
496250,1.68089421651e-15
496500,1.38046885803e-15
496750,3.08137637473e-15
497000,5.02219765098e-15
497250,4.27745860598e-15
497500,4.22876299192e-16
497750,1.65084021762e-15
498000,1.41963274859e-15
498250,3.15577089171e-16
498500,7.25221495981e-16
498750,2.31801799106e-15
499000,1.11484682811e-15
499250,4.8511750151e-16
499500,2.99276962878e-16
499750,1.57704885764e-15
500000,6.79207509348e-05
500250,1.67069473785e-15
500500,1.28220863163e-15
500750,1.12892838091e-15
501000,1.2035893552e-15
501250,1.64863141164e-15
501500,9.80881089085e-16
501750,6.05583474743e-16
502000,1.35495055306e-15
502250,1.0822754068e-15
502500,7.32346067846e-16
502750,1.09260746709e-15
503000,1.27280360782e-15
503250,1.08713062596e-15
503500,1.08312271413e-15
503750,9.62357694511e-16
504000,2.05921681262e-16
504250,1.09543825497e-15
504500,9.49393141245e-16
504750,9.76295223449e-16
505000,1.0678576362e-15
505250,6.50254593346e-16
505500,3.47227187582e-16
505750,5.67294492634e-16
506000,1.40175438218e-15
506250,1.66022962538e-15
506500,7.13143513542e-16
506750,1.11676993132e-15
507000,2.73257913878e-16
507250,2.55646232083e-16
507500,8.4960224695e-16
507750,6.62323115107e-16
508000,6.14748861674e-16
508250,1.37895945238e-15
508500,4.8360616463e-16
508750,2.65794210826e-16
509000,8.55343298671e-16
509250,6.33746212543e-17
509500,3.92072626573e-15
509750,2.62694109101e-15
510000,8.38580601132e-16
510250,1.95877091848e-15
510500,2.53639524369e-15
510750,1.769214702e-15
511000,2.29656521689e-15
511250,3.41035297311e-15
511500,1.3005609509e-15
511750,3.50294783425e-15
512000,1.93817740427e-15
512250,7.14107501608e-16
512500,1.37697473303e-15
512750,2.23504897524e-15
513000,1.11770810784e-15
513250,7.53060536098e-16
513500,7.16197827591e-16
513750,1.72143520897e-16
514000,1.01378795923e-16
514250,1.60325972827e-16
514500,1.02343918641e-15
514750,6.72985627708e-16
515000,7.62265372249e-16
515250,1.35930426591e-15
515500,1.55331616602e-15
515750,1.19861251185e-15
516000,1.07271949783e-15
516250,8.50190334321e-16
516500,1.34899607835e-15
516750,1.24246731399e-15
517000,2.4541512346e-16
517250,1.14586322808e-15
517500,2.89754672986e-16
517750,1.1474954101e-15
518000,3.73294563697e-16
518250,4.41614799566e-16
518500,9.61187185278e-16
518750,3.74548901017e-16
519000,9.59113746885e-16
519250,7.82606044882e-16
519500,6.40561819618e-16
519750,4.90289813601e-16
520000,5.66759025073e-16
520250,1.30751091877e-15
520500,9.91385230636e-16
520750,6.65983451135e-16
521000,5.02037064422e-16
521250,2.3487269035e-16
521500,1.10818687834e-15
521750,1.03679245529e-15
522000,1.54593344548e-15
522250,1.07220900099e-15
522500,6.25029243942e-16
522750,6.09869804367e-16
523000,1.13765875892e-15
523250,7.87146418064e-16
523500,1.70544073659e-15
523750,4.78680262341e-16
524000,2.50763180639e-16
524250,1.4341139291e-15
524500,2.66740698162e-15
524750,2.56321676556e-15
525000,4.45284192338e-15
525250,4.7098347846e-15
525500,2.8510663219e-15
525750,5.12928229203e-15
526000,3.87694958713e-15
526250,3.78643468155e-16
526500,2.84465236359e-15
526750,1.44263517257e-15
527000,1.18661746742e-15
527250,5.75475016549e-16
527500,1.15145222076e-15
527750,6.96665516046e-16
528000,9.10956058367e-16
528250,1.0439829207e-15
528500,3.17813103439e-16
528750,8.23182971725e-16
529000,6.97052312569e-16
529250,1.03034757202e-15
529500,1.20497077734e-15
529750,2.24560475753e-16
530000,5.23798791413e-16
530250,7.69257599991e-16
530500,1.4620814433e-15
530750,1.51600715662e-15
531000,1.73849673159e-15
531250,1.74547246334e-15
531500,9.79050000786e-16
531750,6.2806817539e-16
532000,3.51046984754e-16
532250,1.19081024603e-16
532500,5.93790251572e-16
532750,2.52807372105e-16
533000,5.50399406278e-16
533250,4.92506170021e-16
533500,5.97390346104e-16
533750,5.84875050706e-16
534000,6.25967341268e-16
534250,4.01135789558e-16
534500,7.06062408122e-16
534750,3.3407219975e-16
535000,5.05999662073e-16
535250,1.41247112352e-16
535500,5.90679710823e-16
535750,1.91304728159e-16
536000,7.83751177472e-16
536250,5.71998389149e-16
536500,8.11584586414e-16
536750,6.49328240644e-16
537000,5.31337016326e-16
537250,1.4284639584e-16
537500,1.60393277528e-16
537750,5.56400741824e-16
538000,9.21571852174e-16
538250,7.91645806829e-16
538500,9.65953360239e-16
538750,1.3013734602e-15
539000,1.81407729697e-15
539250,1.21563090798e-15
539500,6.26080732287e-16
539750,1.34263240728e-15
540000,1.23158730857e-16
540250,2.51152572866e-16
540500,3.05623897116e-16
540750,7.61890658453e-16
541000,1.76088938699e-16
541250,2.36928342561e-16
541500,3.57892285905e-16
541750,1.12398208288e-15
542000,1.36132518205e-15
542250,1.67408622503e-15
542500,1.22274278719e-15
542750,8.23647278108e-16
543000,3.34013407283e-16
543250,3.20536454855e-16
543500,9.34645148074e-16
543750,9.50364918763e-16
544000,1.14919878637e-15
544250,8.08891574695e-16
544500,5.7113703637e-16
544750,4.96682894073e-16
545000,4.11390273037e-16
545250,1.23168077381e-15
545500,8.43702861918e-17
545750,8.12127651535e-16
546000,1.16663038268e-15
546250,1.01342075797e-15
546500,4.25054470632e-16
546750,7.86552078921e-16
547000,1.41558937171e-16
547250,2.21763126704e-16
547500,2.62335709808e-16
547750,7.69290306727e-16
548000,7.12019882798e-16
548250,1.0456892751e-15
548500,1.51775546144e-15
548750,1.55010817668e-15
549000,2.14429551427e-15
549250,2.02994889538e-15
549500,1.63432886908e-15
549750,1.51005968042e-15
550000,7.73673807768e-16
550250,2.25887939651e-16
550500,2.88117844058e-16
550750,6.46130630083e-16
551000,4.35271434294e-16
551250,5.42186980979e-16
551500,3.42739714118e-16
551750,1.09329551893e-16
552000,1.85474248164e-16
552250,7.12198461241e-17
552500,2.76840655859e-16
552750,7.90138082593e-16
553000,6.4693874965e-16
553250,2.31327695208e-16
553500,3.3705094545e-16
553750,2.7726738575e-16
554000,6.26752333231e-16
554250,8.38771740552e-16
554500,9.3890606265e-16
554750,2.38036715482e-16
555000,6.07841312058e-16
555250,3.83649472459e-16
555500,1.91925728472e-15
555750,2.03166553977e-15
556000,2.11881588257e-15
556250,1.77380104602e-15
556500,1.74643836056e-15
556750,1.58943299459e-15
557000,1.31238254369e-15
557250,1.77646539374e-15
557500,1.18632041461e-15
557750,9.20196891232e-16
558000,5.93013298944e-16
558250,9.00930082509e-16
558500,1.01496320186e-15
558750,1.30717041349e-15
559000,1.02816960014e-15
559250,7.25566891133e-16
559500,7.55460429003e-16
559750,1.09079117324e-15
560000,1.23635362515e-15
560250,1.07454003668e-15
560500,1.28105188629e-15
560750,4.86399855052e-16
561000,6.57358328234e-16
561250,1.64963491465e-15
561500,1.30363668561e-15
561750,5.86602589718e-15
562000,6.40315271434e-15
562250,1.53521490916e-15
562500,1.52276482242e-15
562750,1.17960871518e-16
563000,1.81130058891e-15
563250,1.19239337096e-15
563500,1.47585943075e-15
563750,3.1287736514e-16
564000,2.25299394677e-16
564250,5.84980146059e-16
564500,7.01604164914e-16
564750,5.78234362122e-16
565000,4.38394769208e-17
565250,4.20671213167e-16
565500,8.39667053285e-16
565750,9.873961842e-16
566000,8.58547544525e-16
566250,3.92476107183e-16
566500,2.75071363804e-16
566750,8.63463254778e-16
567000,1.28905758158e-16
567250,4.82471259924e-16
567500,2.27802637875e-16
567750,4.76087376179e-16
568000,9.13577243852e-16
568250,1.44460639498e-15
568500,1.17768328072e-15
568750,1.05687993004e-15
569000,8.00832907792e-16
569250,7.0266554811e-16
569500,5.23888541458e-16
569750,9.77759121105e-16
570000,6.40896524863e-16
570250,1.55445942133e-15
570500,4.50601964814e-16
570750,1.00013476322e-15
571000,2.1070246731e-15
571250,2.13708316182e-15
571500,5.41946129537e-15
571750,3.52730723988e-15
572000,5.74608151665e-15
572250,1.43915461767e-15
572500,1.94618694563e-15
572750,2.2481452695e-15
573000,1.33562328421e-15
573250,1.99124035944e-16
573500,1.95166399023e-15
573750,5.88876597492e-16
574000,6.62825069737e-16
574250,3.80118853702e-16
574500,9.92933308656e-16
574750,9.57907729484e-16
575000,9.39204015229e-16
575250,3.02360284349e-16
575500,8.61553886253e-16
575750,1.95093525174e-16
576000,1.14872026457e-15
576250,1.62320961818e-15
576500,1.43205914851e-15
576750,1.37334995837e-15
577000,1.24437078445e-15
577250,1.43723584288e-16
577500,5.42513274396e-17
577750,7.43737478659e-16
578000,5.69967125407e-16
578250,1.22059560289e-15
578500,6.01474306748e-16
578750,5.00210740299e-16
579000,6.29770781577e-17
579250,7.82374227252e-16
579500,1.74660962016e-16
579750,1.59392164982e-16
580000,4.71892887439e-16
580250,3.47680954749e-16
580500,2.76101034275e-16
580750,4.42367338506e-16
581000,5.84730701197e-16
581250,3.2993017428e-16
581500,3.7966184258e-16
581750,5.064971884e-16
582000,4.03555739518e-16
582250,4.16559529491e-16
582500,6.81901134745e-16
582750,4.89769895371e-16
583000,3.9743312424e-16
583250,3.4251634403e-16
583500,7.97432333069e-16
583750,6.0931673257e-16
584000,6.31862694372e-16
584250,5.28934298593e-16
584500,9.30033430324e-16
584750,6.4231672068e-16
585000,8.47535251541e-16
585250,5.31561305609e-16
585500,3.93829882721e-16
585750,3.96419631552e-16
586000,6.98767497396e-16
586250,1.04745023477e-15
586500,1.33657667995e-15
586750,1.00366856402e-15
587000,9.47528772321e-16
587250,1.83157943492e-15
587500,1.3636410126e-15
587750,7.12577510273e-16
588000,9.61919256778e-16
588250,1.67491360989e-15
588500,6.64146209995e-16
588750,5.05510354734e-16
589000,2.69252168027e-16
589250,6.95706160882e-16
589500,3.60867733586e-16
589750,6.60608799229e-16
590000,1.71188632454e-16
590250,5.26973412801e-16
590500,4.34530596324e-16
590750,7.25759265767e-16
591000,1.42630465701e-15
591250,1.95173674296e-15
591500,6.62876844761e-16
591750,2.38460128606e-16
592000,7.42009072102e-16
592250,2.05319238214e-16
592500,3.37827689307e-16
592750,4.6719707194e-16
593000,5.61478512106e-16
593250,7.8179675224e-16
593500,4.49755021842e-16
593750,1.04408073621e-15
594000,7.25242287585e-16
594250,1.38156731773e-15
594500,1.15445425847e-15
594750,5.86949849442e-16
595000,6.0369799124e-16
595250,7.3685761863e-16
595500,1.31458142493e-15
595750,2.49989411913e-15
596000,2.20833385844e-15
596250,2.28594932937e-15
596500,2.84617915115e-15
596750,1.78265705949e-15
597000,1.56718390648e-15
597250,1.58243338506e-15
597500,1.01621688207e-15
597750,1.30060008663e-15
598000,9.96425601589e-16
598250,4.48650616257e-16
598500,7.39620098329e-17
598750,1.84792660203e-15
599000,1.16036575517e-15
599250,1.28875380683e-15
599500,1.54728380405e-15
599750,1.90980638173e-15
600000,7.59347705736e-07
600250,2.10126412643e-15
600500,2.56423765989e-15
600750,1.26895359131e-15
601000,2.16570115208e-15
601250,1.04855366983e-15
601500,1.56243939397e-15
601750,2.72995080106e-16
602000,9.69166544e-16
602250,6.31371228166e-16
602500,3.47718239513e-15
602750,6.06580930334e-15
603000,6.02875692248e-15
603250,1.8828285224e-15
603500,2.06044873863e-15
603750,1.63556725445e-15
604000,9.534856149e-16
604250,8.52552856058e-16
604500,9.8862337466e-16
604750,1.17507959338e-15
605000,1.1793092851e-15
605250,1.39901570229e-15
605500,4.92911983434e-16
605750,8.1583932926e-16
606000,4.32091087994e-16
606250,4.11390121991e-16
606500,6.17784062199e-16
606750,1.32799666528e-15
607000,6.32297477843e-16
607250,8.05120638503e-16
607500,8.59531922431e-16
607750,5.07042338898e-16
608000,1.22319540963e-15
608250,1.45272233433e-15
608500,2.93735267618e-16
608750,9.74546591256e-16
609000,2.11327895287e-16
609250,4.70285396926e-16
609500,1.24041509535e-15
609750,3.21782754391e-16
610000,3.35955802009e-16
610250,6.53072714858e-16
610500,5.83141424648e-16
610750,7.20086227832e-16
611000,4.77541586331e-16
611250,4.33544894321e-16
611500,1.4960904372e-15
611750,1.2837958571e-16
612000,5.54707453585e-16
612250,4.05182880974e-16
612500,5.19887017316e-16
612750,7.51576021891e-16
613000,8.43695495845e-16
613250,3.18343715059e-16
613500,1.29366779381e-16
613750,3.67150690955e-16
614000,4.16831999962e-16
614250,4.16840911689e-16
614500,3.5014012194e-16
614750,1.00995607046e-15
615000,9.00574478908e-16
615250,4.84954034497e-16
615500,4.27928442885e-16
615750,6.21650113105e-16
616000,9.98790818108e-17
616250,5.16486029458e-16
616500,5.67596659597e-16
616750,6.08949094519e-16
617000,1.38624224591e-15
617250,1.59001704053e-15
617500,2.41506774462e-15
617750,3.09828645839e-15
618000,2.47959711774e-15
618250,2.71703072861e-15
618500,2.48814912909e-15
618750,2.14655814765e-15
619000,1.69457827164e-15
619250,5.11068527284e-16
619500,8.02927701396e-17
619750,4.58427214924e-16
620000,5.78995221803e-16
620250,8.99903329998e-16
620500,1.44284805915e-15
620750,6.73561625966e-16
621000,1.97397753901e-16
621250,3.87079502333e-16
621500,8.3439749219e-16
621750,1.38477778855e-15
622000,1.22744284561e-15
622250,2.70248466058e-15
622500,1.50228638613e-16
622750,6.72001032062e-16
623000,4.90639792735e-16
623250,7.65459182038e-16
623500,1.8768385914e-15
623750,6.68114003167e-16
624000,1.51225382523e-15
624250,1.94552938657e-15
624500,1.44413771121e-16
624750,1.58522492814e-15
625000,1.92792219091e-15
625250,1.37902693201e-15
625500,5.15589141546e-16
625750,1.97725561327e-15
626000,1.74043204088e-15
626250,3.21038085904e-16
626500,1.2642766382e-15
626750,1.4891535599e-15
627000,1.93959229568e-15
627250,1.05063475361e-15
627500,5.72528619934e-16
627750,7.09141637719e-16
628000,4.16413485457e-16
628250,5.15298643477e-16
628500,3.64584058306e-16
628750,9.20870869907e-16
629000,9.903982239e-16
629250,1.3976919363e-15
629500,1.634352477e-16
629750,1.15226635708e-15
630000,1.73676131837e-15
630250,2.13425921543e-15
630500,3.59377255521e-15
630750,3.25513343317e-15
631000,3.69915697785e-15
631250,3.45425721872e-15
631500,2.41981750231e-15
631750,1.2488402745e-15
632000,1.09390863888e-15
632250,2.3704016233e-16
632500,6.12675725404e-16
632750,4.46101182723e-16
633000,5.75722398767e-16
633250,8.16956807813e-16
633500,7.76958861741e-17
633750,7.09707182007e-16
634000,7.60261499252e-16
634250,3.13381015193e-16
634500,6.97472660446e-16
634750,2.38602260821e-16
635000,5.23486823587e-16
635250,6.83436205577e-16
635500,2.02313301805e-16
635750,6.00237742333e-16
636000,3.79545662175e-16
636250,2.5890454367e-16
636500,3.32918356469e-16
636750,2.91679338343e-16
637000,2.34395440777e-16
637250,2.82013492381e-16
637500,2.11698427103e-16
637750,6.89387314681e-16
638000,2.4837084522e-16
638250,2.78062274498e-16
638500,1.95258399683e-16
638750,6.05130155426e-16
639000,3.27792902561e-16
639250,5.41657007287e-16
639500,9.25809745864e-17
639750,5.12423821103e-16
640000,5.43762630901e-16
640250,5.29922240808e-16
640500,2.24354549305e-15
640750,3.20877946274e-15
641000,1.51691749493e-15
641250,1.50607253121e-15
641500,1.44496253337e-15
641750,1.17173398565e-15
642000,2.94431914311e-16
642250,9.26686249409e-16
642500,5.94045383336e-16
642750,4.75033765714e-16
643000,2.06228247531e-16
643250,3.87895087999e-16
643500,4.73424860288e-16
643750,3.85986260313e-16
644000,5.0438851246e-16
644250,6.467364364e-16
644500,2.80244438414e-16
644750,7.79170477215e-16
645000,3.84603730362e-16
645250,6.32589661491e-16
645500,1.90238695365e-16
645750,4.78996619382e-16
646000,9.23094040134e-17
646250,6.65908359236e-16
646500,3.7173275001e-16
646750,1.98009248521e-16
647000,3.7987150196e-16
647250,4.29797342104e-16
647500,8.46764924328e-16
647750,7.1050783236e-16
648000,6.54677019981e-16
648250,2.31038283733e-16
648500,8.63998827563e-16
648750,8.62730955494e-16
649000,9.91726558162e-16
649250,1.00284857296e-15
649500,1.98675373534e-16
649750,7.82106496644e-16
650000,1.47717480128e-15
650250,5.17710152063e-16
650500,1.0366225854e-15
650750,1.7901852561e-16
651000,5.72704011981e-16
651250,3.79060535747e-16
651500,9.30435072236e-16
651750,2.85431481691e-16
652000,1.07176262144e-15
652250,1.46384521601e-16
652500,6.66582333894e-16
652750,4.21037435831e-16
653000,4.21344876978e-16
653250,1.33118372466e-16
653500,4.88093201184e-16
653750,2.56021505397e-16
654000,3.72519560432e-16
654250,5.61526155807e-16
654500,6.68406529811e-16
654750,2.21316001419e-16
655000,5.11062483892e-16
655250,6.48606435086e-16
655500,4.54307274676e-16
655750,1.15482401601e-15
656000,1.86916861601e-15
656250,1.10041281213e-15
656500,8.06292320526e-16
656750,1.61451224924e-15
657000,1.01789892724e-15
657250,1.68075765232e-15
657500,6.17570226627e-16
657750,7.61455800622e-16
658000,5.04005393344e-16
658250,1.09285108288e-15
658500,3.10647518965e-16
658750,1.11948956706e-15
659000,5.523504225e-16
659250,1.22346239621e-15
659500,8.33161094025e-16
659750,1.57769371937e-15
660000,6.36485676589e-16
660250,1.80872391348e-15
660500,1.0111667717e-15
660750,2.3042206243e-15
661000,2.19872709077e-15
661250,4.21453757046e-15
661500,6.4837003147e-15
661750,1.90687271204e-14
662000,1.81724512057e-14
662250,4.80558574967e-15
662500,4.46040396075e-15
662750,2.25157651976e-15
663000,2.96237368024e-15
663250,1.58655677723e-15
663500,1.86211021999e-15
663750,7.77418166421e-16
664000,1.45969536026e-15
664250,7.74844484766e-16
664500,1.41236767638e-15
664750,7.64540146306e-16
665000,1.09715237505e-15
665250,7.13600832341e-16
665500,1.39029391623e-15
665750,1.38534485511e-15
666000,1.77179864273e-15
666250,5.74661640379e-16
666500,1.09294793445e-15
666750,6.47227180055e-16
667000,1.01753113323e-15
667250,1.24291906281e-15
667500,5.9569933701e-16
667750,1.33141894967e-15
668000,1.03467347323e-15
668250,1.55185838158e-15
668500,1.7788461272e-15
668750,2.44677007998e-15
669000,9.46679056722e-16
669250,2.6973312418e-15
669500,2.91280611859e-15
669750,1.56243120019e-16
670000,1.00289322735e-15
670250,2.9651006321e-15
670500,3.43128960756e-15
670750,1.33416345808e-15
671000,2.81867933118e-15
671250,1.09931022647e-15
671500,1.37559845775e-15
671750,1.51409827216e-15
672000,8.52332974061e-16
672250,1.20929806516e-15
672500,1.05706156745e-15
672750,1.9187055994e-16
673000,4.96099826787e-16
673250,2.74280982596e-16
673500,2.51200135386e-16
673750,5.70140400963e-16
674000,4.86948868047e-16
674250,6.90192715975e-16
674500,3.97116675433e-16
674750,1.25947050996e-15
675000,4.02309602416e-16
675250,1.5125217282e-15
675500,2.1855364835e-15
675750,1.75747747311e-15
676000,2.19034635325e-15
676250,6.66242409576e-16
676500,1.47145994923e-15
676750,5.06028422732e-16
677000,7.27935858335e-16
677250,9.0765215103e-16
677500,6.77215570441e-16
677750,9.09341672175e-16
678000,4.54972953339e-16
678250,1.24528454267e-16
678500,7.07866484528e-16
678750,7.45207671917e-16
679000,9.4091970136e-16
679250,7.70010934492e-16
679500,3.73832892556e-16
679750,8.62922826863e-16
680000,1.23222036297e-15
680250,9.29728073576e-16
680500,6.17204384322e-16
680750,4.71088526266e-16
681000,1.96322492828e-15
681250,2.24871317857e-15
681500,3.57894141676e-15
681750,3.58140967705e-15
682000,4.30478803893e-15
682250,1.91682020063e-15
682500,3.18146693946e-15
682750,1.08882580523e-15
683000,7.18591006219e-16
683250,4.84319039555e-16
683500,6.06810740727e-16
683750,2.23749539945e-16
684000,9.72168530949e-17
684250,2.47523570171e-16
684500,9.31788532253e-16
684750,1.31566729242e-15
685000,1.3564888472e-15
685250,1.11297793284e-15
685500,7.39870275304e-16
685750,4.97363698894e-16
686000,4.06115802521e-16
686250,1.98912243064e-15
686500,2.11111773871e-15
686750,1.42092249095e-15
687000,6.19222813535e-16
687250,4.6906232912e-16
687500,5.32380665711e-16
687750,6.51530218231e-16
688000,1.16608497262e-15
688250,5.25432815088e-16
688500,8.58752536753e-16
688750,8.86811609403e-16
689000,9.86386209162e-16
689250,6.69707484272e-16
689500,4.46048313739e-16
689750,9.69199555659e-16
690000,1.79432616799e-16
690250,1.05510604631e-15
690500,6.22058007752e-16
690750,4.522676732e-16
691000,5.08071198174e-16
691250,5.85126740926e-16
691500,3.82746857088e-16
691750,5.88505099793e-16
692000,2.00316519474e-16
692250,3.90273289733e-16
692500,1.15892694646e-15
692750,1.48921374888e-15
693000,1.68549480106e-15
693250,2.11416051988e-15
693500,1.99554581007e-15
693750,1.66710087523e-15
694000,1.25674141429e-15
694250,8.97845817502e-16
694500,6.77556193297e-16
694750,7.2893465301e-16
695000,1.02926070534e-15
695250,1.98228964688e-15
695500,1.5586852324e-15
695750,1.63180784367e-15
696000,1.67518253793e-16
696250,1.94512089307e-15
696500,1.39766667121e-15
696750,3.10821620621e-15
697000,6.47605083921e-15
697250,2.43015583828e-15
697500,1.56477537432e-15
697750,1.13657226316e-15
698000,2.19305832411e-15
698250,1.47376562782e-15
698500,1.73843076562e-15
698750,8.83155780664e-16
699000,1.5194177053e-15
699250,1.35535316489e-15
699500,2.35261804191e-15
699750,1.3111199943e-15
700000,6.12326769178e-09
700250,1.15592245124e-15
700500,2.48257499541e-15
700750,1.01115312753e-15
701000,2.97162306668e-15
701250,1.098085869e-15
701500,3.62874105479e-15
701750,6.4030356682e-16
702000,5.04171506488e-15
702250,1.427311206e-15
702500,1.20130604466e-14
702750,2.28549470739e-14
703000,1.941800161e-14
703250,5.08092007016e-15
703500,4.7260426977e-15
703750,3.13768766994e-15
704000,3.06394558517e-15
704250,2.50673520917e-15
704500,1.81451952177e-15
704750,2.22792802519e-15
705000,1.67546789317e-15
705250,2.05315936561e-15
705500,1.10987717713e-15
705750,1.61495853994e-15
706000,6.86873707904e-16
706250,1.38055753866e-15
706500,1.14720750871e-15
706750,1.83243556351e-15
707000,7.50673675711e-16
707250,1.43390002498e-15
707500,5.57756612653e-16
707750,7.41824392842e-16
708000,1.00082297546e-15
708250,2.2467963643e-15
708500,4.50958579607e-16
708750,1.74726102435e-15
709000,5.59445476908e-16
709250,1.25932249147e-15
709500,9.06856137734e-16
709750,2.09261460459e-15
710000,1.90373816357e-16
710250,2.63581583991e-15
710500,2.34228656133e-15
710750,9.71877627695e-16
711000,1.25432143211e-15
711250,1.94264234603e-15
711500,1.75117060083e-15
711750,1.09733754361e-15
712000,1.34316404602e-15
712250,1.33764834165e-16
712500,3.08445712776e-16
712750,4.53488512739e-17
713000,1.26789614051e-16
713250,7.37704661977e-16
713500,5.6909308838e-16
713750,4.73757171631e-16
714000,6.4263862867e-16
714250,6.28349327536e-16
714500,3.50215371023e-16
714750,9.15581440423e-16
715000,1.16062620749e-15
715250,1.15306978094e-15
715500,6.25943902582e-16
715750,9.34551028974e-16
716000,5.16957981416e-16
716250,6.67556586298e-16
716500,1.26497436697e-15
716750,1.47131604899e-15
717000,4.22985664731e-16
717250,1.01456236342e-15
717500,1.34788540573e-15
717750,1.34452301654e-15
718000,1.1037533226e-15
718250,9.53539860474e-16
718500,1.43826989289e-15
718750,8.3574175604e-16
719000,1.59273347507e-15
719250,1.35882018923e-15
719500,2.09629158618e-16
719750,9.99886661322e-16
720000,4.86953141401e-16
720250,4.0309596581e-16
720500,6.3509356872e-16
720750,6.96079110675e-16
721000,2.21460606834e-16
721250,3.7909831281e-16
721500,5.02620355936e-16
721750,6.86828141789e-16
722000,4.99361390804e-16
722250,6.77886089962e-16
722500,5.81863262871e-16
722750,1.32281304641e-15
723000,9.13632827426e-16
723250,1.46014821848e-16
723500,3.42154166073e-15
723750,5.28332773279e-16
724000,2.29847662263e-15
724250,1.9787087731e-15
724500,1.09190519726e-15
724750,9.89290578043e-16
725000,5.00663342573e-16
725250,5.05721759221e-16
725500,3.93028412834e-16
725750,4.05570779492e-16
726000,5.6863393144e-16
726250,2.22279174425e-16
726500,2.55299420866e-16
726750,8.27481855297e-16
727000,6.50239468721e-16
727250,6.92342308801e-16
727500,5.03440166782e-16
727750,2.70183650506e-16
728000,2.63222423482e-16
728250,1.49263753186e-16
728500,6.95390508815e-16
728750,3.21598605129e-16
729000,8.76994569788e-16
729250,5.48308007364e-16
729500,7.62854066748e-16
729750,2.20022573646e-16
730000,3.0458715836e-16
730250,6.49724201117e-16
730500,4.94400376508e-16
730750,1.73660980303e-16
731000,1.91839971752e-16
731250,1.90914262696e-16
731500,5.76953392545e-16
731750,7.35137887469e-16
732000,1.09544050544e-16
732250,6.3548352844e-16
732500,8.45761150432e-16
732750,7.23145741165e-16
733000,1.00329704627e-15
733250,6.98497348403e-16
733500,4.70423967077e-16
733750,3.10256955495e-15
734000,3.6266087271e-15
734250,4.00893885577e-16
734500,8.8288583461e-16
734750,1.36896348124e-15
735000,9.26922360137e-16
735250,3.87149282968e-16
735500,4.56987636566e-16
735750,6.69382014994e-16
736000,5.68683794397e-16
736250,7.81573985482e-16
736500,2.66657332901e-16
736750,3.0254866262e-16
737000,6.41206119663e-16
737250,6.37459852747e-16
737500,4.88249135248e-16
737750,1.02182310676e-15
738000,1.48556522849e-15
738250,3.16764137856e-16
738500,3.74475819097e-16
738750,2.58782836893e-16
739000,1.20739029701e-15
739250,5.37379676045e-16
739500,4.42207176232e-16
739750,3.44454989842e-16
740000,9.89903550685e-16
740250,7.26595149489e-16
740500,8.45943689407e-16
740750,8.62124459138e-16
741000,9.170081553e-16
741250,1.33467043287e-15
741500,1.3312172799e-15
741750,1.42429611127e-15
742000,1.39789563638e-15
742250,8.73865513771e-16
742500,9.32354831843e-16
742750,7.62652991257e-16
743000,3.36482674865e-16
743250,2.32570147655e-16
743500,8.37158019539e-16
743750,2.70435715177e-16
744000,8.20691926983e-16
744250,3.44666838367e-16
744500,5.17953695047e-16
744750,1.2251202605e-16
745000,1.7444550471e-16
745250,1.1399815233e-15
745500,5.18678041465e-16
745750,7.41960483264e-16
746000,9.79500502359e-16
746250,1.51377746536e-15
746500,6.53105559962e-16
746750,1.13203256231e-15
747000,7.28658781301e-16
747250,1.0170218037e-15
747500,6.40279573193e-16
747750,7.592228158e-16
748000,5.77824042761e-16
748250,1.53855337066e-15
748500,1.71348603713e-15
748750,1.09152520492e-15
749000,2.45964235665e-15
749250,1.49483949502e-15
749500,1.3987347026e-15
749750,1.12130191762e-15
750000,1.29560177516e-15
750250,1.20846682504e-15
750500,2.25849199435e-15
750750,5.83294311387e-16
751000,1.37827646932e-15
751250,4.43499404331e-16
751500,1.88486603899e-15
751750,6.24914854322e-16
752000,1.97849966149e-15
752250,2.3742435535e-16
752500,8.73080844749e-16
752750,5.63259546737e-16
753000,1.27776631716e-15
753250,8.90176086025e-16
753500,7.83568674037e-16
753750,4.27867997268e-16
754000,2.74426976447e-16
754250,4.4060202742e-16
754500,5.65913952968e-16
754750,4.21310906283e-16
755000,1.19226267729e-15
755250,7.42187212416e-16
755500,1.56501999071e-15
755750,2.93578855786e-16
756000,5.49792128835e-16
756250,7.92971649705e-16
756500,3.73141897256e-16
756750,7.52612093704e-16
757000,3.08734952592e-16
757250,4.27441181514e-16
757500,6.86015259826e-16
757750,4.02835555447e-16
758000,5.59912134961e-16
758250,4.73274723049e-16
758500,2.11493305264e-16
758750,2.5166623408e-16
759000,8.41984317831e-16
759250,1.09088965242e-15
759500,6.3727894647e-16
759750,9.9627582208e-16
760000,7.41269437916e-16
760250,4.49490105578e-16
760500,3.51580150491e-16
760750,1.29395624453e-15
761000,1.36166587084e-15
761250,1.28121458131e-15
761500,1.13556593695e-15
761750,1.02553558271e-15
762000,4.12181428857e-16
762250,8.2748450732e-16
762500,8.30469956625e-16
762750,1.64736069253e-15
763000,1.26616861692e-15
763250,1.06369585949e-15
763500,1.28997375375e-15
763750,1.77601399063e-15
764000,1.55145118145e-15
764250,1.7323926633e-15
764500,1.59768104796e-15
764750,1.37666897761e-15
765000,1.64236521388e-15
765250,1.2669544531e-15
765500,2.06975654647e-15
765750,1.75959386744e-15
766000,1.55996086093e-15
766250,1.49943905821e-15
766500,1.7234856245e-15
766750,1.88777140461e-15
767000,1.68238764188e-15
767250,1.79482067843e-15
767500,1.30168454595e-15
767750,2.25287817807e-15
768000,9.50078927415e-16
768250,2.42295751277e-15
768500,1.86735734404e-15
768750,2.34521567723e-15
769000,3.64200268125e-16
769250,1.689922293e-15
769500,1.2052884126e-15
769750,1.62626161223e-15
770000,1.17085580106e-15
770250,7.08112719181e-16
770500,2.24433310021e-15
770750,1.36829013323e-15
771000,2.44745156108e-15
771250,1.74675075194e-15
771500,5.88454393766e-15
771750,3.68612924958e-15
772000,5.24476459893e-15
772250,2.62686337623e-15
772500,1.57719883417e-15
772750,2.64484640296e-15
773000,1.53059922555e-15
773250,1.27927663526e-15
773500,1.03824040228e-15
773750,1.68693597521e-15
774000,8.72376670748e-16
774250,1.25421064571e-15
774500,4.07655712011e-16
774750,1.43828821616e-15
775000,9.45258561257e-16
775250,1.33649508413e-15
775500,6.84902539058e-16
775750,2.03423144554e-15
776000,2.05168298011e-15
776250,3.38385836344e-15
776500,2.46045695897e-15
776750,3.40102574898e-15
777000,1.37166156802e-15
777250,7.50490336665e-16
777500,2.0047921385e-15
777750,4.37199690721e-15
778000,3.29688535018e-15
778250,3.99207110238e-15
778500,2.87978967303e-15
778750,1.49494412476e-15
779000,1.72798828238e-15
779250,3.56614004846e-15
779500,3.84113158639e-15
779750,3.95706875131e-15
780000,3.07014953445e-15
780250,1.24097212033e-15
780500,2.23834868326e-15
780750,5.10743211439e-15
781000,7.18990742249e-15
781250,8.8166560403e-15
781500,9.71748975127e-15
781750,9.75806589218e-15
782000,1.02195844527e-14
782250,9.52190990154e-15
782500,9.05746853656e-15
782750,7.76830541431e-15
783000,5.52169617269e-15
783250,3.73222443957e-15
783500,9.85659272183e-16
783750,2.2917492678e-15
784000,2.7585869995e-15
784250,4.18050265561e-15
784500,3.32131405849e-15
784750,3.30615455906e-15
785000,8.1273953439e-16
785250,1.37041941374e-15
785500,1.60923831379e-15
785750,2.49033052468e-15
786000,3.26745092205e-15
786250,1.47330006223e-15
786500,1.20412036905e-15
786750,1.47543834749e-15
787000,2.14939919319e-15
787250,2.49902137701e-15
787500,1.89084722712e-15
787750,1.94869757121e-15
788000,2.01160396956e-16
788250,1.0680864124e-15
788500,1.60210150887e-15
788750,1.11854447801e-15
789000,7.49906179365e-16
789250,7.11614887886e-16
789500,8.17861674557e-16
789750,7.73414582392e-16
790000,1.07078852841e-15
790250,1.10353547846e-15
790500,3.02573483197e-16
790750,1.99897729277e-16
791000,2.52116213242e-16
791250,4.79191561341e-16
791500,6.03108032913e-16
791750,3.94888150779e-16
792000,5.25725835946e-16
792250,4.9348298296e-16
792500,3.32951896447e-16
792750,5.25663169198e-16
793000,4.47532181321e-16
793250,2.96927124846e-16
793500,7.95222280641e-16
793750,6.28816514346e-16
794000,5.59637101156e-16
794250,2.89851658898e-16
794500,5.09831889694e-16
794750,4.83271682814e-16
795000,6.93018158531e-16
795250,1.91038770744e-16
795500,3.1061403156e-16
795750,1.15453169672e-15
796000,1.94055157406e-15
796250,2.5999999153e-15
796500,2.99289862958e-15
796750,3.22655234257e-15
797000,4.1594557151e-15
797250,2.12843108764e-15
797500,6.2806032609e-16
797750,2.89960013726e-16
798000,1.08653842535e-15
798250,4.78368714854e-16
798500,1.01577564394e-15
798750,9.42874669386e-16
799000,6.19913475968e-16
799250,9.6897248869e-16
799500,2.71244678925e-15
799750,2.07670498637e-15
800000,3.73119247004e-11
800250,2.45753134779e-15
800500,1.84569514692e-15
800750,8.19783297965e-16
801000,1.10651310348e-15
801250,6.18378798013e-16
801500,7.08752095625e-16
801750,1.00515764562e-15
802000,9.24464164583e-16
802250,8.3841831116e-16
802500,3.01928212466e-16
802750,5.07028315788e-16
803000,3.14984740303e-16
803250,6.8670803619e-16
803500,7.46111454484e-16
803750,6.28933706147e-16
804000,4.79708453856e-16
804250,6.53020132546e-16
804500,7.29165688066e-16
804750,6.77978188077e-16
805000,1.17813001879e-15
805250,8.60640690954e-16
805500,3.86877019805e-16
805750,6.82674380151e-16
806000,6.47189992296e-16
806250,9.44515059808e-16
806500,6.34624916543e-16
806750,1.29456957583e-15
807000,5.2226994266e-16
807250,9.74803907046e-16
807500,6.48743228369e-16
807750,5.97985303094e-16
808000,8.38645745249e-16
808250,6.14765925025e-16
808500,9.37451421349e-16
808750,1.13066769187e-15
809000,1.07311751248e-15
809250,1.17204888823e-15
809500,7.47023847601e-16
809750,5.47557708858e-16
810000,4.16595715179e-16
810250,1.62951237651e-15
810500,1.11850160395e-15
810750,1.05076106762e-15
811000,9.61971162168e-16
811250,5.37664517488e-16
811500,1.16722881077e-15
811750,6.20852104781e-16
812000,6.20962295862e-16
812250,9.17704169119e-16
812500,1.10815475888e-15
812750,1.60388614875e-16
813000,1.62363158084e-16
813250,9.25529143189e-16
813500,1.0719180511e-15
813750,3.0198325958e-16
814000,1.1437382124e-15
814250,1.66010181404e-16
814500,8.60761384605e-16
814750,3.78517798865e-16
815000,1.01895192654e-15
815250,5.7420702008e-16
815500,5.6757102256e-16
815750,2.50815848534e-16
816000,5.47317144057e-16
816250,2.8139633981e-17
816500,7.86870857739e-16
816750,6.02092874098e-16
817000,1.03149789928e-15
817250,1.37273921483e-15
817500,1.8162234915e-15
817750,1.07836062108e-15
818000,6.03295500918e-16
818250,9.60037622808e-17
818500,1.77536575911e-16
818750,1.28030934284e-16
819000,8.22332934781e-16
819250,2.96646265366e-16
819500,4.24488517251e-16
819750,2.33870598416e-16
820000,4.47396062947e-16
820250,7.29144439092e-16
820500,6.63110962045e-16
820750,3.94146143881e-16
821000,4.61992995458e-16
821250,3.16967356325e-16
821500,3.1370261623e-16
821750,2.17889367321e-16
822000,2.21851806648e-16
822250,1.23387588045e-16
822500,3.81939532006e-16
822750,1.84742238054e-16
823000,2.95665736078e-16
823250,1.03265267239e-16
823500,2.4188387806e-16
823750,3.10210649709e-16
824000,3.77129358337e-16
824250,1.00680920092e-15
824500,4.73129171955e-16
824750,2.92187163993e-16
825000,6.87402804647e-16
825250,3.00408959724e-16
825500,5.99583934398e-16
825750,6.61652902327e-16
826000,9.62845716077e-16
826250,7.0654039529e-16
826500,4.25512233289e-16
826750,1.22788904853e-15
827000,1.4973907637e-15
827250,1.41784683969e-15
827500,1.02853896605e-15
827750,2.72046266848e-16
828000,1.01857579963e-15
828250,7.46708420265e-16
828500,1.10745726937e-15
828750,3.22564301662e-16
829000,7.30539447885e-16
829250,9.20209743636e-16
829500,1.00112100476e-15
829750,1.13853474753e-15
830000,1.24129736381e-15
830250,2.51605902076e-15
830500,2.53198372855e-15
830750,2.47233987324e-15
831000,4.11646969644e-15
831250,3.23378204873e-15
831500,2.28271087882e-15
831750,2.36297611256e-15
832000,1.33644018204e-15
832250,4.46790878643e-16
832500,1.32028684851e-15
832750,3.42659744244e-15
833000,3.88237421874e-15
833250,1.736814941e-15
833500,2.60962161195e-15
833750,1.1073708764e-14
834000,1.12054663039e-14
834250,2.00582782251e-15
834500,2.49730654189e-15
834750,2.69420690588e-15
835000,3.37091335685e-15
835250,1.10684185989e-15
835500,7.98571394068e-16
835750,5.38896263094e-16
836000,1.23206130343e-15
836250,1.36875890643e-15
836500,2.32393390034e-16
836750,1.0161419863e-15
837000,1.25891878991e-15
837250,9.50508896989e-16
837500,1.35463997234e-15
837750,1.14380865886e-15
838000,1.38863922196e-15
838250,3.44676361855e-16
838500,3.85293611945e-16
838750,3.38539209114e-16
839000,1.2880685006e-15
839250,1.68429512393e-15
839500,7.34660385739e-16
839750,1.22812021198e-15
840000,1.47281747082e-15
840250,1.37737615021e-15
840500,9.70382654895e-16
840750,9.8563640454e-16
841000,1.1145495271e-15
841250,1.75017904791e-15
841500,5.45917949828e-16
841750,1.18473389984e-15
842000,1.13540033824e-15
842250,1.19327490345e-15
842500,9.71401053383e-16
842750,9.30618847513e-16
843000,6.21365696627e-16
843250,1.26686904823e-15
843500,6.39457946627e-16
843750,3.64478252526e-16
844000,1.1497494006e-16
844250,7.92625521532e-16
844500,1.03585242989e-15
844750,7.64091079839e-16
845000,5.95883455699e-16
845250,1.11093230301e-15
845500,3.57907094273e-16
845750,4.4918594912e-16
846000,6.62331929078e-16
846250,2.33473884677e-15
846500,5.38448478742e-16
846750,8.97264876563e-16
847000,1.9259349868e-15
847250,1.81470894513e-15
847500,1.01413390766e-15
847750,1.22302802723e-15
848000,1.10236130565e-15
848250,1.75400061096e-15
848500,1.19371640666e-15
848750,3.58242119855e-16
849000,7.45546811722e-16
849250,1.03680035188e-15
849500,7.79639625245e-16
849750,7.79821884781e-16
850000,7.15798081659e-16
850250,4.59642052875e-16
850500,9.85877769874e-16
850750,8.51671198807e-16
851000,2.59023456271e-16
851250,1.00039079776e-15
851500,7.05451494871e-16
851750,4.98146512863e-16
852000,8.22405166867e-17
852250,5.38904703089e-16
852500,5.45627350625e-16
852750,4.29423251586e-16
853000,2.84998143485e-16
853250,2.70962731567e-16
853500,2.34105096879e-16
853750,3.19905978294e-16
854000,3.7023357275e-16
854250,3.2451883922e-16
854500,3.64904437586e-16
854750,1.98291945307e-16
855000,5.02896811872e-16
855250,5.00990660533e-17
855500,6.04707130782e-16
855750,5.41354481775e-16
856000,1.10300782636e-15
856250,9.41905159864e-16
856500,1.17519887568e-15
856750,1.11793640701e-15
857000,4.84224229769e-16
857250,9.791493839e-16
857500,2.87472228329e-16
857750,4.10302048035e-16
858000,8.15449508909e-16
858250,6.48001298496e-16
858500,1.38925093912e-15
858750,1.00905288384e-15
859000,9.55812974176e-16
859250,9.82292822497e-16
859500,1.63612045286e-15
859750,1.55556013193e-15
860000,2.11992427812e-15
860250,2.29217953159e-15
860500,2.18986327484e-15
860750,1.72349786954e-15
861000,3.87552340693e-15
861250,4.53215578439e-15
861500,7.2109532219e-15
861750,1.9171023153e-14
862000,1.72531343318e-14
862250,4.11136641155e-15
862500,3.92174783317e-15
862750,2.14686963952e-15
863000,2.06650215788e-15
863250,1.55391268124e-15
863500,1.17178967101e-15
863750,6.98535492894e-16
864000,9.39711305907e-16
864250,4.02123229669e-16
864500,1.00721700458e-15
864750,3.39623872337e-16
865000,1.4392922592e-15
865250,7.15851132526e-16
865500,8.00671554058e-16
865750,5.15067103362e-16
866000,6.81037407765e-16
866250,5.48850464713e-16
866500,7.97322645978e-16
866750,6.18065195896e-16
867000,1.46615991112e-15
867250,1.08984332775e-15
867500,1.58690336146e-15
867750,1.58353881548e-15
868000,7.7279679059e-16
868250,1.07873049481e-15
868500,8.51979650273e-16
868750,1.38997969605e-15
869000,1.7900723872e-15
869250,1.27888185203e-15
869500,1.64819558264e-15
869750,2.4698810796e-15
870000,2.43536360571e-15
870250,1.94602740579e-15
870500,2.00872150825e-15
870750,1.95329743993e-15
871000,2.38882292655e-15
871250,1.38450424743e-15
871500,3.73295142685e-15
871750,2.62037627314e-15
872000,8.31689790224e-16
872250,2.93990118754e-15
872500,2.17726468474e-15
872750,2.98385341078e-15
873000,2.67772979881e-15
873250,3.65419776187e-15
873500,2.16087429523e-15
873750,3.21674105756e-15
874000,2.59601316488e-15
874250,3.63597426919e-15
874500,2.57807774889e-15
874750,2.89481891596e-15
875000,3.08672810743e-15
875250,1.98242197167e-15
875500,5.22722836641e-15
875750,2.00387411984e-15
876000,5.17891994819e-15
876250,4.72057586147e-15
876500,4.86344845065e-15
876750,3.3808503167e-15
877000,3.29622248359e-15
877250,3.04465472009e-15
877500,3.59703205933e-15
877750,3.90164900975e-15
878000,3.71758158369e-15
878250,3.54756539213e-15
878500,2.92502991139e-15
878750,3.17552044202e-15
879000,2.79600546633e-15
879250,2.94735392498e-15
879500,2.53792254165e-15
879750,1.71103140869e-15
880000,1.85609948075e-15
880250,1.7784888225e-15
880500,2.46105971168e-15
880750,1.83323747986e-15
881000,2.18933645938e-15
881250,1.76395328914e-15
881500,1.83177728771e-15
881750,2.17031477776e-15
882000,1.55993343853e-15
882250,8.93950546305e-16
882500,2.70342945372e-15
882750,1.11969670862e-15
883000,1.53814101291e-15
883250,1.54002942873e-15
883500,1.2419740089e-15
883750,8.53541343094e-16
884000,5.54358188368e-16
884250,9.42188431034e-16
884500,6.15093004358e-16
884750,6.53902855096e-16
885000,4.54678503922e-16
885250,5.64253264784e-16
885500,9.31703356826e-16
885750,1.07456337756e-15
886000,7.05952220573e-16
886250,1.72826364255e-15
886500,1.19687292767e-15
886750,1.0437225243e-15
887000,1.64737669956e-15
887250,3.54927817337e-15
887500,1.6528552875e-15
887750,2.71939071547e-15
888000,1.75445733764e-15
888250,2.13368078505e-15
888500,1.25707650144e-15
888750,1.04922454307e-15
889000,1.62384201115e-15
889250,1.33148321667e-16
889500,9.92631463209e-16
889750,7.11371421468e-16
890000,7.77980524597e-16
890250,8.04863659508e-16
890500,1.41246033993e-15
890750,1.33714751077e-15
891000,8.01825608297e-16
891250,6.00638020006e-16
891500,4.97159330064e-16
891750,6.5111539704e-16
892000,8.43893564192e-16
892250,9.85523836475e-16
892500,1.96189755857e-15
892750,1.90098941451e-15
893000,2.20000543777e-15
893250,2.29086456799e-15
893500,2.06065064224e-15
893750,1.25206385422e-15
894000,1.10949247414e-15
894250,1.03937099546e-15
894500,5.79735902785e-16
894750,9.44568304552e-16
895000,1.27191220647e-15
895250,2.40844437423e-15
895500,2.18157743945e-15
895750,2.02850590735e-15
896000,9.73570867484e-16
896250,1.79438629109e-15
896500,1.75601984967e-15
896750,2.53671190771e-16
897000,1.26892579748e-15
897250,1.43652542879e-15
897500,1.52962179835e-15
897750,1.91937559743e-15
898000,2.75194199021e-15
898250,1.91403585478e-15
898500,2.21465964381e-15
898750,1.75872350385e-15
899000,2.76049635144e-15
899250,2.12273381859e-15
899500,2.73742962533e-15
899750,1.91149022658e-15
900000,1.76537321459e-13
900250,1.14218823434e-15
900500,3.27235486555e-15
900750,1.82912940159e-15
901000,5.01080107869e-15
901250,3.28616451316e-15
901500,7.18262482306e-15
901750,2.38337158064e-15
902000,5.00765944481e-15
902250,3.2717148456e-15
902500,1.31096776054e-14
902750,2.22790033838e-14
903000,1.90420835027e-14
903250,6.26019339008e-15
903500,4.8631360116e-15
903750,4.11751953067e-15
904000,2.57970602341e-15
904250,3.3230091194e-15
904500,2.43840477297e-15
904750,3.22667288752e-15
905000,2.14544274601e-15
905250,2.69483299845e-15
905500,1.34518878808e-15
905750,1.99516552747e-15
906000,1.31673884324e-15
906250,2.09863551387e-15
906500,1.80562500303e-15
906750,2.63010229683e-15
907000,1.3154749861e-15
907250,1.73446189363e-15
907500,1.14320842477e-15
907750,1.41354570859e-15
908000,1.46989056267e-15
908250,1.27111574912e-15
908500,2.47411116727e-15
908750,3.1165246443e-15
909000,3.4445657182e-16
909250,1.19491941915e-15
909500,7.03779585679e-16
909750,1.71909375731e-15
910000,2.91810272133e-16
910250,7.47228261947e-16
910500,3.70905599581e-16
910750,8.66990229432e-16
911000,1.66710317968e-16
911250,5.37488241621e-16
911500,6.52635942152e-16
911750,7.02354672794e-17
912000,6.9458183756e-16
912250,2.60294831454e-16
912500,4.96478980028e-16
912750,9.74927612772e-16
913000,1.1151319134e-15
913250,1.09432304845e-15
913500,7.65167077988e-16
913750,4.8922912362e-16
914000,8.2803332357e-17
914250,2.26141741164e-16
914500,9.98885497616e-16
914750,7.55314447577e-16
915000,1.24664500956e-15
915250,6.2354823323e-16
915500,2.65904689565e-16
915750,1.29307759619e-15
916000,2.18890742934e-15
916250,1.06069236297e-15
916500,1.52897643533e-15
916750,9.57293489393e-16
917000,1.2845072709e-15
917250,9.95596378137e-16
917500,1.03803330155e-15
917750,6.79454493692e-16
918000,2.28379661708e-16
918250,8.19002951953e-17
918500,3.26091197193e-16
918750,1.06269152899e-16
919000,1.43089670384e-15
919250,2.19892243532e-15
919500,2.98836601781e-16
919750,6.98534948773e-16
920000,4.83543066551e-16
920250,1.25689726821e-16
920500,7.71172467934e-16
920750,2.33546148117e-16
921000,1.33673777487e-16
921250,6.24621836323e-16
921500,1.01755582735e-15
921750,8.87841893891e-16
922000,1.73543731451e-16
922250,6.85894977467e-16
922500,3.68457635516e-16
922750,1.48295592444e-15
923000,1.12842119883e-15
923250,8.10134953843e-16
923500,2.99657689901e-15
923750,7.77276102164e-16
924000,2.26219885806e-15
924250,1.0771007777e-15
924500,1.43717973225e-15
924750,8.82609168391e-16
925000,9.49054631753e-16
925250,5.14322304631e-16
925500,1.05444483874e-15
925750,1.53282313044e-15
926000,5.27632663975e-16
926250,4.40041722953e-16
926500,1.25090678828e-16
926750,4.86512263425e-16
927000,7.27772219236e-16
927250,2.61044924864e-16
927500,2.17735774505e-16
927750,3.32473577119e-16
928000,1.88394223619e-16
928250,4.42935968861e-16
928500,3.37220109791e-16
928750,2.99888168849e-16
929000,3.80419200208e-16
929250,5.36330496316e-16
929500,2.69353344651e-16
929750,9.30303935909e-16
930000,4.15749819863e-16
930250,4.43970552113e-16
930500,1.65193089644e-16
930750,8.62613854873e-16
931000,1.2555214636e-15
931250,1.30595011637e-15
931500,1.06551462696e-15
931750,6.73287208158e-16
932000,4.81401160273e-16
932250,2.01092976305e-16
932500,3.14371705818e-16
932750,1.07121928008e-15
933000,7.35164911901e-16
933250,1.01217252317e-15
933500,6.32588312595e-16
933750,5.39910669005e-16
934000,9.10568833874e-17
934250,7.06682153017e-16
934500,5.85642697819e-16
934750,1.60874280881e-15
935000,7.61396778384e-16
935250,4.53735269241e-16
935500,1.05805616044e-15
935750,8.19531371452e-16
936000,8.96100494609e-16
936250,9.48982709128e-16
936500,8.25616936103e-16
936750,1.04910283496e-15
937000,4.45554944971e-16
937250,7.74059889348e-16
937500,9.45983379681e-16
937750,2.41313126612e-16
938000,1.0606382641e-15
938250,7.30008553512e-16
938500,7.27783618871e-16
938750,2.03531866412e-16
939000,3.00223413644e-16
939250,3.76139836446e-16
939500,6.91085164465e-16
939750,1.16888339337e-15
940000,4.49373800199e-16
940250,9.07667284574e-16
940500,5.75892591979e-16
940750,5.798023935e-16
941000,4.28587231334e-16
941250,5.0320722722e-16
941500,4.58450080147e-16
941750,1.15254330026e-16
942000,2.68244606413e-16
942250,5.781812078e-16
942500,5.58447680577e-16
942750,6.66027195092e-16
943000,4.32321728365e-16
943250,1.02200819636e-15
943500,1.5660294251e-16
943750,8.59561225547e-16
944000,4.62264808578e-16
944250,1.54424970323e-15
944500,6.82680616895e-16
944750,2.3257604971e-16
945000,4.03166050065e-16
945250,7.54068150182e-16
945500,9.58916016085e-16
945750,5.1816747565e-16
946000,5.77807237827e-16
946250,2.1167188322e-16
946500,5.22591240896e-16
946750,4.38975739993e-16
947000,3.48472136677e-16
947250,7.31951603111e-16
947500,1.74423834194e-16
947750,6.93980559565e-16
948000,7.40122294916e-16
948250,5.94071741999e-16
948500,1.41498395985e-15
948750,1.07482167425e-15
949000,9.1660696752e-16
949250,3.4046597063e-16
949500,3.31293181282e-16
949750,7.78854594087e-16
950000,1.41304300826e-15
950250,1.43753468792e-15
950500,1.66878162657e-15
950750,6.08398754174e-16
951000,1.27457498101e-15
951250,4.75095430127e-16
951500,1.45015701505e-15
951750,1.00288516826e-15
952000,1.79733714201e-15
952250,3.55113799636e-16
952500,8.43566053253e-16
952750,5.07943521949e-16
953000,1.26409919927e-15
953250,7.55637801339e-16
953500,6.67159747186e-16
953750,3.95495346691e-16
954000,4.65180877876e-16
954250,5.0209468736e-16
954500,9.94041500258e-16
954750,6.16311871476e-16
955000,1.31140232408e-15
955250,5.45837290289e-16
955500,1.42879568465e-15
955750,4.61188012034e-16
956000,1.35906556056e-15
956250,1.03061083952e-15
956500,1.19368081044e-15
956750,7.13239593265e-16
957000,9.63971549638e-16
957250,8.64908369677e-16
957500,3.2550184908e-16
957750,5.7130760616e-16
958000,7.74439187288e-16
958250,8.26336664057e-16
958500,6.66616095955e-16
958750,5.85273633621e-16
959000,1.58589423206e-15
959250,1.33341754886e-15
959500,9.45019104625e-16
959750,1.09730412913e-15
960000,7.63614284692e-16
960250,1.32750707784e-15
960500,5.02598619867e-16
960750,1.62087846814e-15
961000,4.06032088175e-16
961250,1.8898093021e-15
961500,1.26192504053e-15
961750,5.71848607304e-15
962000,5.44649736747e-15
962250,1.43856620354e-15
962500,2.20930537506e-15
962750,1.75768224397e-15
963000,2.77883531329e-15
963250,2.40367300308e-15
963500,1.76187738281e-15
963750,3.07178515046e-15
964000,1.46043063049e-15
964250,2.16408525273e-15
964500,1.50115650501e-15
964750,4.3046941146e-15
965000,5.6748327683e-15
965250,1.33469819171e-15
965500,2.00258694287e-15
965750,1.00972430161e-15
966000,2.1538644819e-15
966250,1.61943768495e-15
966500,3.51730849908e-15
966750,1.51154860775e-15
967000,3.18192901277e-15
967250,3.18718318345e-15
967500,1.67526815726e-15
967750,1.2697282353e-15
968000,1.00600289578e-15
968250,1.65057792455e-15
968500,2.04109190724e-15
968750,1.74507126732e-15
969000,1.3037085784e-15
969250,1.08748548567e-15
969500,1.47594956076e-15
969750,1.72765948701e-15
970000,1.822454644e-15
970250,1.13335275621e-15
970500,9.0138636073e-16
970750,9.45922607448e-16
971000,8.06357603444e-16
971250,1.5474581182e-15
971500,9.41558922992e-16
971750,6.99936990211e-16
972000,3.32362300083e-16
972250,5.26412415496e-16
972500,1.2127430149e-15
972750,9.20045382609e-16
973000,6.33020210745e-16
973250,2.50769721786e-16
973500,4.6223706734e-16
973750,1.08327724696e-15
974000,4.78396929839e-16
974250,4.27607212318e-16
974500,2.45337762318e-16
974750,7.19950880305e-16
975000,1.90340128702e-15
975250,1.54314378794e-15
975500,5.47480274283e-16
975750,1.38586108963e-15
976000,2.63525099979e-16
976250,1.54022197317e-15
976500,1.29035202799e-15
976750,2.50011263511e-15
977000,1.39394345542e-15
977250,6.72172933562e-16
977500,2.30336017364e-15
977750,3.30149896225e-15
978000,2.67886406137e-15
978250,2.85988603085e-15
978500,2.41446086874e-15
978750,1.0038669747e-15
979000,1.96614399221e-15
979250,3.3505277815e-15
979500,3.49018637441e-15
979750,3.44683195752e-15
980000,2.45745216952e-15
980250,1.24938083739e-15
980500,2.53472720638e-15
980750,5.18390499865e-15
981000,7.24057748631e-15
981250,9.60984786924e-15
981500,1.09266959497e-14
981750,1.00394027541e-14
982000,1.0676309995e-14
982250,9.89360131189e-15
982500,8.99232600455e-15
982750,7.87686525221e-15
983000,5.29969008967e-15
983250,3.28866115476e-15
983500,8.24916085862e-16
983750,2.28019778224e-15
984000,3.20742903509e-15
984250,3.4923278496e-15
984500,3.14964249348e-15
984750,2.12244418728e-15
985000,1.05070376342e-15
985250,2.04280294706e-15
985500,1.17972706673e-15
985750,2.37738786587e-15
986000,1.33803265708e-15
986250,2.12599385433e-15
986500,1.87163648761e-15
986750,1.1414295011e-15
987000,6.04288603316e-15
987250,1.27052717954e-14
987500,9.02302511667e-15
987750,1.37171869439e-15
988000,5.56046525493e-15
988250,3.84449726031e-15
988500,6.00743516114e-15
988750,2.92107533237e-15
989000,3.95343626332e-15
989250,1.12290896314e-15
989500,1.07035134148e-15
989750,1.22192625114e-15
990000,1.29726439444e-15
990250,2.13890391217e-15
990500,1.7570174006e-15
990750,1.68136403904e-15
991000,5.16213048983e-16
991250,5.15512618157e-16
991500,6.85852359965e-16
991750,2.88267208568e-16
992000,1.21932240062e-15
992250,1.01833710336e-15
992500,6.94454801657e-16
992750,3.38834914451e-16
993000,1.05942691948e-15
993250,7.30601596811e-16
993500,1.63639462406e-15
993750,9.29805919311e-16
994000,9.42326934611e-16
994250,1.70026819367e-15
994500,2.2520840545e-16
994750,1.45059912021e-15
995000,1.33028649457e-15
995250,2.13519262183e-15
995500,9.29285316756e-16
995750,2.02270757767e-15
996000,4.81618113257e-16
996250,2.48806940812e-16
996500,1.38402312096e-15
996750,1.01349495107e-15
997000,1.23258814763e-15
997250,7.85048191994e-16
997500,6.4165529142e-16
997750,1.83335797147e-15
998000,1.49746099568e-15
998250,9.96626128847e-16
998500,1.43160437815e-15
998750,8.53370870867e-16
999000,1.00215096867e-15
999250,5.59151511661e-16
999500,1.5303030565e-15
999750,1.11310218486e-15
1000000,2.111211988e-15
1000250,4.96295703844e-16
1000500,6.79880923809e-16
1000750,4.49018764021e-16
1001000,1.59673757707e-15
1001250,1.6146929505e-15
1001500,2.43083054783e-15
1001750,1.30101280883e-15
1002000,2.24148040311e-15
1002250,1.158861549e-15
1002500,4.05935637684e-15
1002750,6.96979623948e-15
1003000,5.31996003949e-15
1003250,1.33550272809e-15
1003500,1.13205969524e-15
1003750,1.54881777886e-15
1004000,2.17700485208e-16
1004250,1.35770284023e-15
1004500,2.96584346977e-16
1004750,8.77022318067e-16
1005000,7.68356976822e-16
1005250,4.70119940984e-16
1005500,1.38878678387e-16
1005750,6.60159233514e-16
1006000,5.63676385767e-16
1006250,4.58219446829e-16
1006500,2.72063697259e-16
1006750,4.25988440683e-16
1007000,5.96630272258e-16
1007250,9.36774180142e-16
1007500,6.2231450868e-16
1007750,5.15057340815e-16
1008000,2.34215449736e-16
1008250,7.47970484805e-16
1008500,6.73531163334e-16
1008750,9.51658093359e-16
1009000,9.44470707554e-16
1009250,8.43323545714e-16
1009500,5.02246381573e-16
1009750,1.4686056018e-16
1010000,4.7716138246e-16
1010250,7.39070800008e-16
1010500,8.48172469098e-16
1010750,5.87701412524e-16
1011000,5.23671689645e-16
1011250,6.22594628948e-16
1011500,3.95545147849e-16
1011750,7.02531912972e-16
1012000,4.82288673587e-16
1012250,5.65252239932e-16
1012500,1.04297251077e-15
1012750,5.23567719361e-16
1013000,4.8213120176e-16
1013250,2.99969258032e-16
1013500,8.6744340436e-16
1013750,2.81748374736e-16
1014000,1.28977153571e-15
1014250,2.46597375384e-16
1014500,9.46418494605e-16
1014750,3.00249128979e-16
1015000,9.04113182367e-16
1015250,5.12065703828e-16
1015500,5.72915180755e-16
1015750,8.11103503573e-16
1016000,9.15934451123e-16
1016250,5.09519548363e-16
1016500,8.21041400083e-16
1016750,5.79900940782e-16
1017000,7.99854515033e-16
1017250,6.30814063876e-16
1017500,1.03186987953e-15
1017750,1.65641112723e-15
1018000,8.21876887302e-16
1018250,5.36078986646e-16
1018500,8.36565805029e-16
1018750,7.54164166223e-16
1019000,6.83384965581e-16
1019250,1.12136585929e-15
1019500,5.3029362392e-16
1019750,5.56768905523e-16
1020000,4.04729877277e-16
1020250,9.12778704858e-16
1020500,3.1734663526e-16
1020750,7.43591652959e-16
1021000,6.83518257473e-16
1021250,3.32101673994e-16
1021500,3.48714292176e-16
1021750,6.15817948907e-16
1022000,1.09123773863e-16
1022250,5.33076693862e-16
1022500,2.48971256276e-16
1022750,4.0014423514e-16
1023000,7.55293984208e-16
1023250,8.26148481008e-16
1023500,1.23430704564e-15
1023750,3.56080720394e-16
1024000,6.24295790098e-16
1024250,3.53170180279e-16
1024500,9.57445306904e-16
1024750,1.83063423093e-15
1025000,1.80785299465e-15
1025250,2.58975806808e-15
1025500,3.07993422883e-15
1025750,1.37456122586e-15
1026000,1.67899980869e-15
1026250,5.09576344068e-16
1026500,2.56307644416e-16
1026750,3.08846188877e-16
1027000,4.11754921889e-16
1027250,4.87335828757e-16
1027500,5.81001960122e-16
1027750,3.57999156705e-16
1028000,7.31366311178e-16
1028250,7.88419705377e-16
1028500,6.7046514296e-16
1028750,9.68884286118e-16
1029000,1.55204839181e-16
1029250,4.57736384766e-16
1029500,5.46399555024e-16
1029750,4.47556721807e-16
1030000,7.8774972398e-16
1030250,3.31372760276e-16
1030500,8.98325352172e-16
1030750,5.4285552342e-16
1031000,5.64461333876e-16
1031250,9.08712714281e-16
1031500,3.81517570615e-16
1031750,7.09954031384e-16
1032000,8.35640399401e-16
1032250,3.93197774168e-16
1032500,1.90313556854e-15
1032750,2.14432831095e-15
1033000,3.34069366811e-15
1033250,2.80763905485e-15
1033500,2.4935258543e-15
1033750,9.98563318535e-15
1034000,1.11098384243e-14
1034250,1.776766342e-15
1034500,2.88264370654e-15
1034750,3.28246259575e-15
1035000,2.46362098595e-15
1035250,1.23061318442e-15
1035500,5.79449689915e-16
1035750,2.48401689572e-16
1036000,8.10419825643e-16
1036250,2.02649472457e-16
1036500,4.51472633772e-16
1036750,7.86208472863e-16
1037000,1.08081128628e-15
1037250,8.24427467084e-16
1037500,7.19990338084e-16
1037750,1.18028508772e-15
1038000,6.03674701319e-16
1038250,1.97027399101e-16
1038500,1.12931848663e-15
1038750,1.36845758411e-15
1039000,1.20145922999e-15
1039250,1.05623650552e-15
1039500,1.32003142111e-15
1039750,1.62638523187e-15
1040000,2.24451235573e-15
1040250,1.2809518394e-15
1040500,3.89403251028e-16
1040750,9.12415935111e-16
1041000,1.59081364162e-15
1041250,1.64429841182e-15
1041500,5.30508825622e-16
1041750,7.51594645036e-16
1042000,1.52332290454e-15
1042250,8.64611072778e-16
1042500,4.04201295254e-16
1042750,3.88024969819e-16
1043000,1.11080981799e-15
1043250,1.19958644482e-15
1043500,7.37195358041e-16
1043750,9.41419870784e-16
1044000,4.00559683932e-16
1044250,3.45387915813e-16
1044500,1.09965954284e-15
1044750,9.55977382062e-16
1045000,5.85123923962e-16
1045250,9.09990022646e-16
1045500,2.94670633154e-16
1045750,6.02518771561e-16
1046000,1.25940830384e-15
1046250,1.75853830682e-15
1046500,7.83783122146e-16
1046750,1.00801759368e-15
1047000,1.96258961479e-15
1047250,2.51145131216e-15
1047500,1.17185045516e-15
1047750,1.05737524482e-15
1048000,2.08809564581e-15
1048250,9.65754413349e-16
1048500,1.37893458414e-15
1048750,7.86903265399e-16
1049000,9.11642981625e-16
1049250,2.13583832567e-15
1049500,5.46053745751e-16
1049750,1.41608036402e-16
1050000,4.42072294175e-16
1050250,1.44295635955e-15
1050500,1.30834829596e-15
1050750,4.6455873813e-16
1051000,4.63689523634e-16
1051250,9.8198559576e-16
1051500,5.87123427681e-16
1051750,2.82286526262e-16
1052000,9.70222870539e-16
1052250,5.41337953807e-16
1052500,4.79581776937e-16
1052750,3.07967127353e-16
1053000,4.33778651925e-16
1053250,3.10006788157e-16
1053500,3.28759301453e-16
1053750,2.85291361271e-16
1054000,2.69130179695e-16
1054250,1.2984789259e-16
1054500,8.15088374722e-16
1054750,2.25013322004e-16
1055000,3.73732728422e-16
1055250,2.60987856565e-16
1055500,1.2107558197e-15
1055750,1.23575409775e-15
1056000,1.08069044325e-15
1056250,1.6407476509e-15
1056500,1.30262971261e-15
1056750,1.46000967264e-15
1057000,1.06910701286e-15
1057250,1.25273378088e-15
1057500,4.4982391995e-16
1057750,3.71990253824e-16
1058000,5.62913458842e-16
1058250,4.86920153016e-16
1058500,8.30211960414e-16
1058750,7.2936372303e-16
1059000,5.12487429623e-16
1059250,2.40492780059e-16
1059500,7.08502616481e-16
1059750,6.8423194487e-16
1060000,8.5332145151e-16
1060250,1.12541142464e-15
1060500,2.3228964046e-15
1060750,5.52542572606e-16
1061000,1.51116550631e-15
1061250,9.82651199493e-16
1061500,7.46263707656e-16
1061750,1.81158150404e-15
1062000,1.98874487773e-15
1062250,1.5817459984e-15
1062500,1.30432818905e-15
1062750,3.32432814808e-16
1063000,1.15588823551e-15
1063250,1.41946215427e-15
1063500,2.14551733353e-15
1063750,1.20273516393e-15
1064000,8.99264183035e-16
1064250,6.87405069568e-16
1064500,9.07935123924e-16
1064750,1.62324612805e-15
1065000,1.81848011934e-15
1065250,5.78336715275e-16
1065500,5.24637710354e-16
1065750,1.79503125815e-15
1066000,2.64699184205e-15
1066250,3.57175122085e-15
1066500,6.18664854921e-15
1066750,3.35389381883e-15
1067000,4.76943072683e-15
1067250,4.62886418483e-15
1067500,1.53832690564e-15
1067750,4.87716150068e-16
1068000,1.98912115337e-15
1068250,1.08509491525e-15
1068500,1.04245559365e-15
1068750,9.62196996383e-16
1069000,9.87077124296e-16
1069250,7.08408928926e-16
1069500,1.97290491263e-15
1069750,2.06025312394e-15
1070000,2.39046355773e-15
1070250,1.95174550169e-15
1070500,1.56305363904e-15
1070750,1.72215656395e-15
1071000,2.12689712401e-15
1071250,2.59330236206e-15
1071500,2.675545438e-15
1071750,2.29336034622e-15
1072000,2.69848839048e-15
1072250,2.35841729191e-15
1072500,3.42554149962e-15
1072750,4.18131786096e-15
1073000,3.46975179971e-15
1073250,3.08544843272e-15
1073500,2.53769832429e-15
1073750,4.45231669998e-15
1074000,3.1051600797e-15
1074250,4.41481174505e-15
1074500,3.04690268049e-15
1074750,3.78729349607e-15
1075000,4.28345978275e-15
1075250,2.99640194262e-15
1075500,4.63412947846e-15
1075750,4.35813994354e-15
1076000,3.97173952376e-15
1076250,3.12800666387e-15
1076500,3.409090022e-15
1076750,4.88946033751e-15
1077000,3.95189608262e-15
1077250,4.18207940594e-15
1077500,3.35378114472e-15
1077750,3.70701163591e-15
1078000,3.83617998294e-15
1078250,4.22649103085e-15
1078500,4.85916773481e-15
1078750,3.37008721125e-15
1079000,2.65079254917e-15
1079250,3.24637519891e-15
1079500,2.36860434811e-15
1079750,3.21589149708e-15
1080000,3.58655207433e-15
1080250,3.30890730821e-15
1080500,2.41980944357e-15
1080750,1.79094564729e-15
1081000,4.02821163834e-15
1081250,2.83190657969e-15
1081500,4.82696810315e-15
1081750,2.71733327449e-15
1082000,3.59690467004e-15
1082250,3.63186207425e-15
1082500,3.07252252267e-15
1082750,4.42039449196e-15
1083000,2.30775796287e-15
1083250,2.9982106475e-15
1083500,1.29540343053e-15
1083750,1.6411260767e-15
1084000,3.38863371322e-15
1084250,1.73616305573e-15
1084500,3.41484136131e-15
1084750,1.94765424624e-15
1085000,3.80005284603e-15
1085250,5.38785357058e-15
1085500,2.34390471539e-15
1085750,4.95420747038e-15
1086000,3.45692652581e-15
1086250,5.43508590213e-15
1086500,1.455994842e-14
1086750,1.06772537949e-14
1087000,2.8861572252e-14
1087250,2.09471232844e-14
1087500,2.69233508068e-14
1087750,2.32066116405e-14
1088000,9.3455523911e-15
1088250,1.40676514692e-14
1088500,1.82158210767e-15
1088750,5.71091342697e-15
1089000,3.73126239857e-15
1089250,2.06116839699e-15
1089500,5.10023471681e-15
1089750,1.68198462464e-15
1090000,3.6689302869e-15
1090250,8.9192881347e-16
1090500,1.49911789327e-15
1090750,2.03926104712e-15
1091000,1.11523811299e-15
1091250,3.22311331708e-15
1091500,1.68208255991e-15
1091750,2.27153785054e-15
1092000,1.06245949278e-15
1092250,3.35776122397e-16
1092500,1.36794909476e-15
1092750,1.56663436372e-15
1093000,1.76231205648e-15
1093250,1.67883733768e-15
1093500,9.05095092345e-16
1093750,2.0066716564e-15
1094000,7.46140632861e-16
1094250,3.40099492241e-15
1094500,1.39932695195e-15
1094750,2.10843776147e-15
1095000,7.39529405717e-16
1095250,1.14438631591e-15
1095500,1.27987955751e-15
1095750,3.91978423126e-15
1096000,1.54423621422e-15
1096250,3.33413025619e-15
1096500,2.36826400115e-16
1096750,1.69769995099e-15
1097000,3.09286808209e-16
1097250,4.61388262503e-16
1097500,1.17984217944e-15
1097750,4.39979965204e-16
1098000,1.35870591583e-15
1098250,4.32061969679e-16
1098500,9.7203968278e-16
1098750,2.39538428107e-16
1099000,8.34188565754e-16
1099250,1.59285710356e-15
1099500,9.37638363714e-16
1099750,1.09892275199e-15
1100000,1.06783848396e-15
1100250,8.21492683798e-16
1100500,1.24115824193e-15
1100750,9.07491544734e-16
1101000,2.52762234384e-15
1101250,1.98596183824e-15
1101500,2.96832958702e-15
1101750,1.43146439616e-15
1102000,1.90319508482e-15
1102250,2.22384580275e-15
1102500,9.38764887165e-16
1102750,1.02584420824e-15
1103000,4.37621952668e-16
1103250,1.16016880363e-15
1103500,9.41123879977e-16
1103750,1.10541386507e-15
1104000,6.13714193502e-16
1104250,4.14038070007e-16
1104500,4.87547007469e-16
1104750,7.25845296751e-16
1105000,1.13464736287e-15
1105250,6.53036649778e-16
1105500,4.36932721348e-16
1105750,1.97227080152e-16
1106000,2.8770445582e-16
1106250,6.17920878745e-16
1106500,7.13071322929e-16
1106750,8.44751125342e-16
1107000,3.00995411412e-16
1107250,2.99604406555e-16
1107500,8.11715508398e-16
1107750,2.6898680073e-16
1108000,8.7312162164e-16
1108250,5.9064164535e-16
1108500,1.61060552597e-15
1108750,1.62766963341e-15
1109000,5.76115330762e-16
1109250,7.72666278759e-16
1109500,6.70317986823e-16
1109750,1.68149799423e-15
1110000,7.93866970772e-16
1110250,5.2550478935e-16
1110500,8.73119674855e-16
1110750,2.87904605573e-16
1111000,3.76477311187e-16
1111250,7.27885954204e-16
1111500,6.8685393351e-16
1111750,7.07437043831e-16
1112000,2.36356632222e-16
1112250,1.38709317167e-15
1112500,2.65142041163e-15
1112750,1.43642310288e-16
1113000,9.5980601934e-16
1113250,7.03585604502e-16
1113500,6.04205527855e-16
1113750,2.14671095792e-16
1114000,5.45454615923e-16
1114250,4.35822461713e-16
1114500,1.57670844322e-15
1114750,1.19707342239e-15
1115000,6.14200624221e-16
1115250,7.46394760302e-16
1115500,4.21896551889e-16
1115750,6.27532245791e-16
1116000,1.48562559991e-15
1116250,6.22992218921e-16
1116500,4.71462080068e-16
1116750,5.83442800116e-16
1117000,8.07858030806e-16
1117250,5.41622603238e-16
1117500,7.11980977913e-16
1117750,2.31039572038e-15
1118000,2.28532653725e-15
1118250,2.74043690171e-15
1118500,2.86441992582e-15
1118750,2.16215857654e-15
1119000,1.72534398968e-15
1119250,1.98857594185e-15
1119500,1.37444458051e-15
1119750,1.14468917338e-15
1120000,7.40791467499e-16
1120250,7.48324522203e-16
1120500,7.45492046571e-16
1120750,5.05998678821e-16
1121000,7.78849101445e-16
1121250,8.23046238048e-16
1121500,6.6491239708e-16
1121750,1.08127328444e-15
1122000,7.47149109969e-16
1122250,9.04460730815e-16
1122500,9.17443130537e-16
1122750,3.59549106229e-16
1123000,5.6370801348e-16
1123250,5.20915642328e-16
1123500,7.94012025044e-16
1123750,2.94883024098e-16
1124000,4.61133345331e-16
1124250,6.13721607149e-16
1124500,2.61104391017e-16
1124750,5.55990717828e-16
1125000,4.15565079486e-16
1125250,5.53561216429e-16
1125500,5.50801431158e-16
1125750,5.0647740972e-16
1126000,4.51566487748e-17
1126250,1.14357577109e-16
1126500,8.2004720077e-16
1126750,6.53111062748e-16
1127000,7.0919115e-16
1127250,6.32147555498e-16
1127500,3.21560482935e-16
1127750,2.17525103424e-16
1128000,3.26842044018e-16
1128250,6.24995893658e-16
1128500,3.65258775301e-16
1128750,1.04732869153e-15
1129000,6.34933591656e-16
1129250,6.2854839202e-16
1129500,4.65997638114e-16
1129750,2.99475971978e-16
1130000,5.06498363326e-16
1130250,5.08589200309e-16
1130500,2.45816822364e-16
1130750,4.45561335216e-16
1131000,1.98178887264e-16
1131250,3.30455780762e-16
1131500,2.70467419114e-16
1131750,2.47317880086e-16
1132000,4.65743583493e-16
1132250,1.16137247979e-16
1132500,6.15163775811e-16
1132750,1.35303788182e-15
1133000,1.23110574354e-15
1133250,8.37267098427e-16
1133500,8.64162515709e-16
1133750,3.33267992684e-15
1134000,3.57165622167e-15
1134250,8.38339614155e-16
1134500,1.10628738477e-15
1134750,6.88757407823e-16
1135000,1.76913700709e-15
1135250,5.89424540828e-16
1135500,1.38622038031e-15
1135750,6.6598581679e-16
1136000,1.40317809269e-15
1136250,1.26754251744e-15
1136500,6.71128510462e-16
1136750,1.02768878093e-15
1137000,3.15514941778e-16
1137250,3.18094723531e-16
1137500,9.71336531667e-16
1137750,6.59182397872e-17
1138000,8.88577423654e-16
1138250,5.81888863483e-16
1138500,4.50030626846e-16
1138750,3.78169132632e-16
1139000,5.04760655057e-16
1139250,8.54557164625e-16
1139500,7.60951682775e-16
1139750,6.75855302606e-16
1140000,8.93627044964e-16
1140250,7.95391452517e-16
1140500,7.47705287477e-16
1140750,2.75861329734e-16
1141000,4.59096487227e-16
1141250,1.29962683071e-15
1141500,7.7410567286e-16
1141750,1.4939673277e-15
1142000,7.20439778528e-16
1142250,1.32512497816e-15
1142500,8.58661661472e-16
1142750,1.72572812268e-15
1143000,4.51727114456e-16
1143250,8.65859433041e-16
1143500,1.25717746527e-15
1143750,9.77717899594e-16
1144000,5.31867514629e-16
1144250,8.91620133257e-16
1144500,1.07367351074e-15
1144750,5.77883298115e-16
1145000,9.44618354791e-16
1145250,6.55312352964e-16
1145500,8.39721200895e-16
1145750,6.8251880264e-16
1146000,6.03870111454e-16
1146250,5.72823981391e-16
1146500,6.39233344115e-16
1146750,1.00181668623e-15
1147000,2.89226531286e-16
1147250,7.38422681063e-16
1147500,1.45819540194e-16
1147750,3.0904952099e-16
1148000,8.53318729276e-16
1148250,2.99572440308e-16
1148500,1.62172100853e-15
1148750,1.18580023969e-15
1149000,7.45732198696e-16
1149250,4.08527641686e-15
1149500,2.03369792943e-15
1149750,1.09901360111e-15
1150000,5.48532386925e-16
1150250,7.61354561251e-16
1150500,7.50947953303e-16
1150750,7.3033529886e-16
1151000,3.1062617167e-16
1151250,5.0034221719e-16
1151500,3.09987492101e-16
1151750,6.43058607914e-16
1152000,1.84267278386e-16
1152250,5.11736610794e-16
1152500,1.02128520952e-15
1152750,4.52193852402e-16
1153000,8.32696373885e-16
1153250,4.93163548373e-16
1153500,7.9960425877e-16
1153750,4.46309139506e-16
1154000,2.05485655589e-16
1154250,4.40631814417e-16
1154500,6.30222511113e-16
1154750,8.77432815006e-16
1155000,3.81456020152e-16
1155250,3.12718725477e-16
1155500,4.97216788771e-16
1155750,2.14555980872e-16
1156000,7.94468989951e-16
1156250,4.93868668264e-16
1156500,4.89735315715e-16
1156750,1.94162271123e-16
1157000,5.4299599899e-16
1157250,1.57176490192e-16
1157500,1.24339905762e-16
1157750,3.35510233819e-16
1158000,3.14345476359e-16
1158250,4.00979268131e-16
1158500,5.15332258263e-16
1158750,2.63074563162e-16
1159000,8.96337385289e-16
1159250,9.05883995488e-16
1159500,1.19232134983e-15
1159750,9.25427205913e-16
1160000,7.44845695625e-16
1160250,6.45548205479e-16
1160500,6.03915004381e-16
1160750,6.7065894269e-16
1161000,5.94295986914e-16
1161250,1.49293022664e-15
1161500,9.39205412117e-16
1161750,1.02598964346e-16
1162000,6.93352989993e-16
1162250,1.03119286129e-15
1162500,1.49975188497e-15
1162750,1.01453887861e-15
1163000,1.24323273811e-15
1163250,1.00002889324e-15
1163500,1.59440824105e-15
1163750,1.32661541139e-15
1164000,6.74001258878e-16
1164250,1.07390093329e-15
1164500,2.07738064657e-16
1164750,2.83176745965e-15
1165000,3.39597706234e-15
1165250,1.25425480067e-15
1165500,5.08036986534e-16
1165750,7.09052251886e-16
1166000,4.12331446961e-16
1166250,9.19291392287e-16
1166500,4.59936409677e-16
1166750,6.64673651081e-16
1167000,5.53471557085e-16
1167250,1.4873649689e-16
1167500,6.41946321935e-16
1167750,8.73281050034e-16
1168000,5.59964757745e-16
1168250,3.46490932567e-16
1168500,9.91154405974e-16
1168750,1.35673062484e-15
1169000,1.09521452775e-15
1169250,1.36500977958e-15
1169500,1.48646557056e-16
1169750,3.69510887387e-16
1170000,1.31604525615e-15
1170250,1.51438504643e-15
1170500,1.86638000254e-15
1170750,2.10447340367e-15
1171000,4.45203881342e-16
1171250,5.49242310688e-16
1171500,2.43333140419e-15
1171750,3.02845869433e-15
1172000,3.42768572838e-15
1172250,6.7857814302e-15
1172500,4.91472742598e-15
1172750,5.33764033379e-15
1173000,6.71951975744e-15
1173250,2.54110082561e-15
1173500,4.04260865291e-16
1173750,1.67808165176e-15
1174000,2.22006298837e-15
1174250,8.10543515524e-16
1174500,1.47653023924e-15
1174750,2.55697457842e-16
1175000,1.30248915083e-15
1175250,9.34913542955e-16
1175500,1.49038299315e-15
1175750,1.1338688585e-15
1176000,1.33193383331e-15
1176250,1.0112614742e-15
1176500,1.21299197599e-15
1176750,1.49225335816e-15
1177000,1.84199243432e-15
1177250,9.48480269929e-16
1177500,1.34542431253e-15
1177750,5.20637075096e-16
1178000,1.84965891007e-15
1178250,1.02103728776e-15
1178500,1.5745215791e-15
1178750,1.05864494542e-15
1179000,1.54001302953e-15
1179250,9.26223340356e-16
1179500,9.42599441284e-16
1179750,5.52691266732e-16
1180000,1.01778086476e-15
1180250,5.47337502554e-16
1180500,1.54816686115e-15
1180750,6.04015810278e-16
1181000,2.65244549378e-15
1181250,1.06315258842e-15
1181500,4.69657494624e-16
1181750,1.61352731401e-15
1182000,7.28199254756e-16
1182250,7.40115367892e-16
1182500,7.09962931532e-16
1182750,5.7446912317e-16
1183000,5.15770578298e-16
1183250,3.42766576703e-16
1183500,1.07863203394e-15
1183750,6.37805363624e-16
1184000,1.51033804424e-15
1184250,1.16597147948e-15
1184500,7.52177162744e-17
1184750,6.03519087676e-16
1185000,8.2835961206e-16
1185250,1.48291358269e-15
1185500,1.56858947686e-15
1185750,1.27544519239e-15
1186000,9.4796468753e-16
1186250,6.96556829576e-16
1186500,1.88225658801e-15
1186750,4.19841103073e-15
1187000,5.58991561463e-15
1187250,7.85400704173e-15
1187500,8.45873693316e-15
1187750,9.58335411645e-15
1188000,8.77349006672e-15
1188250,8.11716197114e-15
1188500,6.11188737161e-15
1188750,3.6924385868e-15
1189000,2.08003498799e-15
1189250,4.59199570011e-16
1189500,1.29232729472e-15
1189750,2.0820369358e-15
1190000,2.11450234527e-15
1190250,1.73832643293e-15
1190500,1.61593813165e-15
1190750,4.12374062264e-16
1191000,5.34744701758e-16
1191250,6.90911873353e-16
1191500,8.28439547412e-16
1191750,6.24133808758e-16
1192000,8.97628459612e-16
1192250,1.12493465416e-15
1192500,1.03483842909e-15
1192750,4.8367885768e-16
1193000,7.55995148062e-16
1193250,6.80477511876e-16
1193500,7.55791198334e-16
1193750,5.18907082499e-16
1194000,1.36290839985e-16
1194250,7.65433589111e-16
1194500,8.15671921261e-16
1194750,8.10488828003e-16
1195000,7.72054466497e-16
1195250,7.60704928945e-16
1195500,7.04101962172e-16
1195750,2.75599455722e-16
1196000,6.8939388284e-16
1196250,6.18905240282e-16
1196500,9.21883758305e-16
1196750,1.25565377412e-15
1197000,2.25879326004e-16
1197250,5.68834411355e-16
1197500,1.88544435222e-15
1197750,1.41840119465e-15
1198000,1.10099059058e-15
1198250,1.58181972195e-16
1198500,1.70561703105e-15
1198750,1.04806662477e-16
1199000,4.86679119106e-16
1199250,6.89010966498e-16
1199500,1.35154978082e-15
1199750,1.40985111682e-15
1200000,1.19834156439e-15
1200250,5.56575363581e-16
1200500,5.86337971288e-16
1200750,6.19328841563e-16
1201000,1.45464379058e-15
1201250,1.08774203098e-15
1201500,1.77290600673e-15
1201750,1.15374084834e-15
1202000,3.03985761317e-16
1202250,4.32240851531e-16
1202500,2.96584609272e-16
1202750,4.66051086091e-16
1203000,6.65974571935e-16
1203250,7.15215880093e-16
1203500,4.52572595061e-16
1203750,1.02058396269e-15
1204000,8.11356192931e-16
1204250,3.00045202192e-16
1204500,6.40501107072e-16
1204750,5.04421054051e-16
1205000,4.67356730208e-16
1205250,3.43236631594e-16
1205500,4.88877651502e-16
1205750,2.17370912385e-16
1206000,4.37517993859e-16
1206250,3.92340151859e-16
1206500,6.08679669746e-16
1206750,2.85949399183e-16
1207000,7.35667701375e-16
1207250,5.52378885651e-16
1207500,4.09479783354e-16
1207750,6.16368482167e-16
1208000,4.89784019095e-16
1208250,7.22854528118e-16
1208500,1.32486536178e-16
1208750,3.64727531324e-16
1209000,8.71972524131e-16
1209250,1.52451747932e-16
1209500,2.68067880733e-16
1209750,3.41209141988e-16
1210000,5.29834801856e-16
1210250,6.53301111502e-16
1210500,1.28704980249e-15
1210750,1.09958939476e-15
1211000,1.41924058108e-15
1211250,4.93657304411e-16
1211500,2.1480135732e-16
1211750,4.85629452308e-16
1212000,2.04596176328e-16
1212250,1.40705866571e-16
1212500,4.05211898787e-16
1212750,2.9793584682e-16
1213000,1.97147528349e-16
1213250,2.85796201388e-16
1213500,2.04724728076e-16
1213750,1.13100683918e-16
1214000,7.78858354899e-16
1214250,4.42663943367e-16
1214500,4.77685766632e-16
1214750,6.69544028285e-16
1215000,3.12291253317e-16
1215250,5.34224416302e-16
1215500,3.41840850995e-16
1215750,1.34607990848e-16
1216000,6.03916272345e-16
1216250,2.50505125672e-16
1216500,4.71938632346e-16
1216750,5.15024148639e-16
1217000,8.15184564797e-16
1217250,6.14551111676e-16
1217500,4.898108309e-16
1217750,2.8369033183e-16
1218000,2.74161186855e-16
1218250,2.81548108906e-16
1218500,6.73040024074e-16
1218750,4.59918714189e-16
1219000,1.37938663858e-16
1219250,5.60973651917e-16
1219500,6.03569364518e-16
1219750,1.14079419197e-15
1220000,1.13486848838e-15
1220250,1.11901426242e-15
1220500,1.45029839128e-15
1220750,1.3618311531e-15
1221000,1.65117694713e-15
1221250,1.49088448628e-15
1221500,9.58784250889e-16
1221750,1.15512068308e-15
1222000,4.11742529096e-16
1222250,6.83511895382e-16
1222500,1.51027937091e-16
1222750,7.62202403898e-16
1223000,2.81444244588e-16
1223250,3.44513184205e-16
1223500,7.62396615818e-16
1223750,2.11170385333e-16
1224000,7.50944994769e-17
1224250,6.43772236764e-16
1224500,6.83508247881e-16
1224750,2.17672549824e-15
1225000,1.5096352217e-15
1225250,2.70127479499e-15
1225500,3.03050835022e-15
1225750,1.4606868558e-15
1226000,1.80150530012e-15
1226250,1.49082287251e-15
1226500,8.84123478934e-16
1226750,1.47516469077e-15
1227000,2.15163019767e-15
1227250,1.40663999185e-15
1227500,6.06545369048e-16
1227750,4.07345978511e-16
1228000,7.38103000525e-16
1228250,3.92944091155e-16
1228500,5.09553395995e-16
1228750,6.03744401795e-16
1229000,5.12716172104e-16
1229250,2.55644830814e-16
1229500,5.22527642921e-16
1229750,1.89403853793e-16
1230000,2.47949475866e-16
1230250,3.65705744464e-16
1230500,3.97968599003e-16
1230750,5.36989378286e-16
1231000,4.7877954467e-16
1231250,3.35608235575e-16
1231500,1.85955229888e-16
1231750,4.83151425175e-16
1232000,2.93794794859e-16
1232250,1.65630688177e-16
1232500,3.63895148793e-16
1232750,6.79257127364e-16
1233000,3.9392834191e-16
1233250,6.25025575593e-16
1233500,1.28120211865e-16
1233750,1.32789717796e-15
1234000,6.83734061338e-16
1234250,4.56791083479e-16
1234500,1.53724567629e-16
1234750,5.52539746709e-16
1235000,6.57128043818e-16
1235250,3.19214136463e-16
1235500,9.70869134105e-16
1235750,9.00981189874e-17
1236000,9.03655538176e-16
1236250,9.48789151967e-16
1236500,4.34006418757e-16
1236750,7.83568617011e-16
1237000,7.91120911128e-16
1237250,7.44118312979e-16
1237500,7.7840708111e-16
1237750,7.04781951551e-16
1238000,2.24352187582e-16
1238250,4.66025047028e-16
1238500,1.66899862488e-15
1238750,5.01606410629e-16
1239000,9.39998919899e-16
1239250,7.07420238303e-16
1239500,1.34652381484e-15
1239750,1.85141995458e-15
1240000,1.0483169445e-15
1240250,6.95552535776e-16
1240500,9.3995080889e-16
1240750,6.13872961683e-16
1241000,3.3076964935e-16
1241250,6.42987714621e-16
1241500,5.02208077338e-16
1241750,1.17074250993e-15
1242000,8.5679178516e-16
1242250,1.62352941679e-16
1242500,1.36521024753e-15
1242750,1.51944882606e-15
1243000,9.10715744494e-16
1243250,1.94883811161e-15
1243500,3.15965631586e-15
1243750,1.14068279921e-15
1244000,1.66318992995e-15
1244250,8.25981299379e-16
1244500,4.86974621053e-16
1244750,1.02452399445e-15
1245000,9.49170322945e-16
1245250,9.86847757977e-16
1245500,7.26466388935e-16
1245750,8.84609050407e-16
1246000,2.69192548426e-16
1246250,1.02951713487e-15
1246500,2.64417730162e-16
1246750,5.8487529252e-16
1247000,1.31608749041e-15
1247250,4.16940326528e-16
1247500,1.49367188469e-16
1247750,4.15820568411e-16
1248000,2.91391686927e-16
1248250,6.6668100422e-16
1248500,1.26546352155e-16
1248750,4.99278604303e-16
1249000,5.84869707002e-16
1249250,5.0677102343e-16
1249500,8.99090936817e-16
1249750,8.25035798518e-16
1250000,3.02554599915e-16
1250250,7.46615113698e-16
1250500,5.61159242781e-16
1250750,1.00139172671e-15
1251000,8.49375677157e-16
1251250,7.34450521945e-16
1251500,1.29661003986e-15
1251750,4.17404552581e-16
1252000,1.19658233936e-15
1252250,8.56167011506e-16
1252500,6.97236323547e-16
1252750,4.31306442644e-16
1253000,6.84303462444e-16
1253250,1.98024048749e-16
1253500,3.41679549687e-16
1253750,3.89050719779e-16
1254000,1.16630255121e-16
1254250,5.62678647476e-16
1254500,4.66500313259e-16
1254750,3.96732801901e-16
1255000,2.53765813125e-16
1255250,4.47155238603e-16
1255500,1.33968041921e-15
1255750,1.24451954932e-15
1256000,1.71011962313e-15
1256250,2.23685519536e-15
1256500,1.33029576895e-15
1256750,1.51311500624e-15
1257000,1.73791373969e-15
1257250,1.17069412811e-15
1257500,9.88278591818e-16
1257750,4.32324347305e-16
1258000,7.29412478434e-16
1258250,8.29331008191e-16
1258500,6.36975821697e-16
1258750,8.84714703453e-16
1259000,7.17192035851e-16
1259250,5.75299594411e-16
1259500,1.06974024976e-15
1259750,8.31425623825e-16
1260000,1.72164049933e-15
1260250,3.07757825436e-16
1260500,1.34449870566e-15
1260750,9.36707021761e-16
1261000,9.68660172378e-16
1261250,1.73862270026e-15
1261500,1.98767595022e-15
1261750,1.76151548303e-16
1262000,1.35214292886e-15
1262250,2.95265553908e-16
1262500,5.90916714365e-16
1262750,5.60906612412e-16
1263000,1.14663265055e-15
1263250,3.80559204689e-16
1263500,6.17011553606e-16
1263750,4.16342199246e-16
1264000,6.17451761322e-16
1264250,1.0864360714e-15
1264500,7.25978308394e-16
1264750,1.12065652554e-15
1265000,1.31942317873e-15
1265250,7.42312248332e-16
1265500,7.41266795511e-16
1265750,1.53953538867e-15
1266000,2.3122503427e-15
1266250,1.69263945176e-15
1266500,5.07705531384e-15
1266750,3.68676192475e-15
1267000,5.0575355123e-15
1267250,5.09075429943e-15
1267500,3.61158103518e-15
1267750,3.32778423599e-15
1268000,2.79001295012e-15
1268250,1.54085225878e-15
1268500,1.77209026424e-15
1268750,2.16108157888e-15
1269000,2.42831702102e-15
1269250,4.16096199743e-15
1269500,2.4593710215e-15
1269750,2.18421927642e-15
1270000,2.64784163104e-15
1270250,2.69125507845e-15
1270500,3.94339937354e-15
1270750,5.9147191907e-15
1271000,2.64386864694e-15
1271250,2.66847106389e-15
1271500,5.86067494832e-15
1271750,8.94651814992e-15
1272000,1.0427674778e-14
1272250,2.44602205957e-14
1272500,1.96790119752e-14
1272750,1.25345443706e-14
1273000,2.54731152997e-14
1273250,1.59187770123e-14
1273500,7.04868494726e-15
1273750,7.18095770835e-15
1274000,3.3772211473e-15
1274250,1.87926442599e-15
1274500,4.44913143053e-15
1274750,3.93376416978e-15
1275000,2.07528656343e-15
1275250,2.66327926601e-15
1275500,1.96487055896e-15
1275750,1.50680601225e-15
1276000,2.40149695374e-15
1276250,2.06441813798e-15
1276500,4.26979614787e-16
1276750,6.13396951421e-16
1277000,2.34837218607e-15
1277250,1.60823584383e-15
1277500,1.94560888061e-15
1277750,1.94434497744e-15
1278000,2.02836545577e-16
1278250,9.28749652622e-16
1278500,1.73452402387e-15
1278750,6.9122844379e-16
1279000,8.67614720761e-16
1279250,1.29280337482e-15
1279500,1.47114356252e-15
1279750,1.5635489764e-15
1280000,2.10581657221e-15
1280250,1.45015252161e-15
1280500,2.64491719631e-16
1280750,1.87628895761e-15
1281000,1.93960034007e-15
1281250,1.05568434058e-15
1281500,1.37232230349e-15
1281750,3.57589672344e-16
1282000,1.61357079007e-15
1282250,1.54703500283e-15
1282500,1.8282451764e-15
1282750,1.90248636469e-15
1283000,5.51993953063e-16
1283250,1.88519506979e-15
1283500,1.87417103304e-15
1283750,2.60979656133e-15
1284000,3.09527844745e-15
1284250,6.87640203611e-16
1284500,2.09347453203e-15
1284750,2.69534809307e-15
1285000,3.62403183849e-15
1285250,4.85725614819e-15
1285500,2.53276638584e-15
1285750,4.21034011999e-15
1286000,4.33103328392e-15
1286250,5.55517185131e-15
1286500,1.43329075063e-14
1286750,9.11175061283e-15
1287000,2.76336289125e-14
1287250,2.30223949556e-14
1287500,2.76649676881e-14
1287750,2.00201833727e-14
1288000,7.0412846775e-15
1288250,1.1096119739e-14
1288500,1.64578741742e-15
1288750,4.81128077827e-15
1289000,6.16515707339e-15
1289250,2.22307021285e-15
1289500,5.42982859438e-15
1289750,1.1815041104e-15
1290000,2.2399163894e-15
1290250,2.12384085676e-15
1290500,1.75517985169e-15
1290750,3.10977927059e-15
1291000,9.02362623183e-16
1291250,2.89786812989e-15
1291500,2.00039285846e-15
1291750,1.02364302407e-15
1292000,3.76711015153e-15
1292250,1.71363289845e-15
1292500,3.03359063386e-15
1292750,2.8379060429e-15
1293000,2.177230205e-15
1293250,1.17057894887e-15
1293500,1.76335392581e-15
1293750,1.25919369602e-15
1294000,8.4651004735e-16
1294250,2.36196588076e-15
1294500,1.29712658367e-15
1294750,1.59775405986e-15
1295000,5.66229603591e-16
1295250,1.36282272396e-15
1295500,1.15517512518e-15
1295750,3.6525004804e-15
1296000,1.59951201352e-15
1296250,3.10834009287e-15
1296500,9.35363382998e-16
1296750,6.71244809002e-16
1297000,6.60237287705e-16
1297250,3.35062544881e-16
1297500,1.06754188786e-15
1297750,7.26284383451e-16
1298000,6.36378585641e-16
1298250,6.40850364782e-16
1298500,4.51788130304e-16
1298750,1.46773645086e-15
1299000,1.01807959294e-15
1299250,1.72639714174e-15
1299500,2.72189703352e-15
1299750,2.50864710484e-15
1300000,3.58918067442e-15
1300250,9.79302500084e-16
1300500,2.04557475852e-15
1300750,8.53170094709e-16
1301000,3.81288400223e-16
1301250,5.5310997026e-17
1301500,6.36932731081e-16
1301750,9.99038091625e-16
1302000,4.63847914568e-16
1302250,1.10591516886e-15
1302500,1.89146802772e-16
1302750,5.72120578876e-16
1303000,5.53480907321e-16
1303250,1.54174811419e-16
1303500,3.9252621996e-16
1303750,5.16907723124e-16
1304000,1.88879224271e-16
1304250,9.91325470239e-16
1304500,7.52631762496e-16
1304750,6.33851137333e-16
1305000,5.41960309492e-16
1305250,2.82589890526e-16
1305500,2.80667858405e-16
1305750,5.95094033291e-16
1306000,3.73174954554e-16
1306250,3.8819964431e-16
1306500,2.52819634181e-16
1306750,9.59212966365e-16
1307000,9.84497524092e-16
1307250,9.31945008197e-16
1307500,5.78483332963e-16
1307750,1.67314992466e-16
1308000,3.14050611628e-16
1308250,5.10391244132e-16
1308500,3.30992205757e-16
1308750,5.66602303675e-16
1309000,5.07391924086e-16
1309250,1.28468146996e-16
1309500,3.19383318689e-16
1309750,4.88651647948e-16
1310000,3.55768746495e-16
1310250,7.82370587163e-16
1310500,4.75085037186e-16
1310750,1.16075257862e-16
1311000,1.09711835768e-16
1311250,4.46836662065e-16
1311500,2.08612997102e-16
1311750,2.93489568343e-16
1312000,5.93525459215e-16
1312250,1.56624184974e-15
1312500,2.06552822249e-15
1312750,3.42278237779e-16
1313000,5.51624398327e-16
1313250,1.0443152805e-15
1313500,2.71124591914e-16
1313750,1.1454032072e-16
1314000,2.15349932514e-16
1314250,4.18809021143e-16
1314500,1.56642030259e-15
1314750,9.16197483192e-16
1315000,2.82727672009e-16
1315250,2.4717851708e-16
1315500,3.85010373462e-16
1315750,1.43813468448e-16
1316000,8.49520614208e-16
1316250,8.0573592052e-16
1316500,4.04009433391e-16
1316750,6.59192405059e-16
1317000,2.24068751553e-16
1317250,9.80890355848e-16
1317500,8.38662210606e-16
1317750,2.09534475925e-15
1318000,2.10373293308e-15
1318250,2.81722589861e-15
1318500,2.92530318315e-15
1318750,2.57891994594e-15
1319000,2.09208786541e-15
1319250,2.24489561671e-15
1319500,1.23569090164e-15
1319750,4.30840757931e-16
1320000,6.28264204744e-16
1320250,9.9012355625e-16
1320500,1.09737004767e-15
1320750,6.89898111361e-16
1321000,1.41761450754e-15
1321250,7.95244940476e-16
1321500,7.78153052441e-16
1321750,5.22314932087e-16
1322000,6.56197861161e-16
1322250,5.92178824555e-17
1322500,9.22925411289e-16
1322750,7.60175942338e-16
1323000,4.9096779969e-16
1323250,1.07665917017e-15
1323500,1.0906612086e-15
1323750,4.19782944111e-15
1324000,1.33684561999e-15
1324250,1.41970303365e-15
1324500,4.22817834912e-16
1324750,5.58109705738e-16
1325000,1.37279460266e-15
1325250,1.56431455605e-15
1325500,6.50555750256e-16
1325750,9.57851766414e-16
1326000,1.10099578421e-15
1326250,4.47834594271e-16
1326500,9.72632121722e-16
1326750,1.17672945564e-15
1327000,4.13878781157e-16
1327250,1.36160401568e-15
1327500,1.78942895965e-15
1327750,6.5898406172e-16
1328000,6.28003647064e-16
1328250,1.30855838272e-15
1328500,1.08716501227e-15
1328750,1.17119604688e-15
1329000,4.35822076495e-16
1329250,4.10563149541e-16
1329500,5.24295711461e-16
1329750,6.74028605265e-16
1330000,6.90202373658e-16
1330250,1.02225778492e-15
1330500,5.68478790565e-16
1330750,5.71095583716e-16
1331000,1.01506788674e-15
1331250,6.2781158928e-16
1331500,7.58685633305e-17
1331750,3.82243513284e-16
1332000,4.6932457316e-16
1332250,5.07558650762e-17
1332500,5.12232555959e-16
1332750,8.35474943754e-17
1333000,4.12843297578e-16
1333250,3.90101733315e-16
1333500,1.88593989896e-16
1333750,5.84376380043e-16
1334000,4.22492403441e-16
1334250,3.52043130253e-16
1334500,1.04831434069e-15
1334750,5.24519385334e-16
1335000,2.46918192634e-16
1335250,4.92454989322e-16
1335500,4.43983181577e-16
1335750,7.0466127773e-16
1336000,7.58438369282e-16
1336250,9.79400448838e-16
1336500,1.55030832617e-16
1336750,4.50844602672e-16
1337000,3.3336902134e-17
1337250,9.66777101397e-16
1337500,5.23090077243e-16
1337750,2.39872582609e-16
1338000,5.05791785236e-17
1338250,2.03002591391e-16
1338500,9.71835617099e-16
1338750,4.10379691906e-16
1339000,6.85556105705e-16
1339250,3.97296010291e-16
1339500,2.56532419049e-16
1339750,8.58010890297e-16
1340000,2.68003896037e-16
1340250,7.60168979461e-16
1340500,2.86149984955e-16
1340750,6.95438063699e-16
1341000,3.80377117804e-16
1341250,1.57782749938e-15
1341500,1.12776742622e-15
1341750,1.97447478818e-15
1342000,8.91898975006e-16
1342250,6.05608884855e-16
1342500,7.7692416762e-16
1342750,3.20049377711e-16
1343000,5.03577683528e-16
1343250,1.29429078413e-16
1343500,4.82617970428e-16
1343750,7.73148473231e-16
1344000,2.26619669962e-16
1344250,2.68812441565e-16
1344500,3.46136276893e-16
1344750,2.69533466533e-16
1345000,3.6525486578e-16
1345250,4.47500376714e-16
1345500,8.18489597744e-16
1345750,2.31467278241e-16
1346000,7.57486575815e-16
1346250,6.22050411497e-16
1346500,2.62518703104e-16
1346750,4.44713991794e-16
1347000,4.92521975389e-16
1347250,3.86397855154e-16
1347500,3.02386289818e-16
1347750,3.37988392317e-16
1348000,5.85684840873e-16
1348250,1.58305215612e-16
1348500,2.97908993661e-16
1348750,1.00340761892e-15
1349000,7.64554664682e-16
1349250,4.37517208669e-15
1349500,1.84558387404e-15
1349750,2.00336104741e-15
1350000,9.42562935217e-16
1350250,3.80351696698e-16
1350500,3.40205374648e-16
1350750,1.73745951656e-15
1351000,2.2474112745e-15
1351250,3.40175689754e-15
1351500,4.03687314564e-15
1351750,4.02087867506e-15
1352000,4.44266965559e-15
1352250,3.26442334352e-15
1352500,2.6153303712e-15
1352750,1.07952129558e-15
1353000,6.28255529376e-16
1353250,8.14061809135e-16
1353500,8.90325332033e-16
1353750,7.71100189071e-16
1354000,1.36886143823e-15
1354250,5.66168694808e-16
1354500,6.62997147737e-16
1354750,8.31132485492e-16
1355000,9.41926208968e-16
1355250,1.28491466203e-15
1355500,1.51250915008e-15
1355750,5.77336083998e-16
1356000,2.25760006834e-16
1356250,3.25139492594e-16
1356500,2.21346381341e-16
1356750,3.43386313216e-16
1357000,2.47352843967e-16
1357250,4.26988731981e-16
1357500,1.19854002068e-15
1357750,9.88344031116e-16
1358000,1.90312318919e-15
1358250,3.10063977807e-15
1358500,9.73479483023e-16
1358750,1.05346776152e-15
1359000,5.18586293377e-16
1359250,5.74458524523e-17
1359500,4.05325948116e-16
1359750,3.17501989022e-16
1360000,6.379187845e-16
1360250,2.33238133269e-16
1360500,5.97501914221e-16
1360750,1.05271030275e-15
1361000,1.39260326715e-15
1361250,1.63585371894e-15
1361500,2.66288666386e-15
1361750,1.91348203755e-15
1362000,2.95987112801e-15
1362250,1.94350861369e-15
1362500,1.34811735462e-15
1362750,1.41620582948e-15
1363000,6.53502176557e-16
1363250,1.02611949472e-15
1363500,7.82864673047e-16
1363750,4.94142276172e-16
1364000,1.06488959049e-15
1364250,6.06280906357e-16
1364500,1.06121354374e-15
1364750,7.41024947126e-16
1365000,8.98949532644e-16
1365250,2.85549026853e-16
1365500,3.35211736347e-16
1365750,1.31752110058e-15
1366000,9.00187939811e-16
1366250,1.70205119736e-15
1366500,2.40284569797e-15
1366750,1.12712601968e-15
1367000,9.04666659304e-16
1367250,1.34624181221e-15
1367500,9.23838472188e-16
1367750,4.68706059073e-16
1368000,1.77712275386e-16
1368250,4.10177005189e-16
1368500,1.03407468875e-15
1368750,6.54305769801e-16
1369000,3.27157535224e-16
1369250,2.9498618592e-16
1369500,4.35657592362e-16
1369750,4.32563253132e-16
1370000,7.39712547868e-16
1370250,2.92860727403e-16
1370500,2.77741151615e-16
1370750,9.09647380018e-16
1371000,8.19693678086e-16
1371250,5.4373196435e-16
1371500,5.49080688724e-16
1371750,6.0355704358e-16
1372000,1.47830634459e-16
1372250,3.35013437613e-16
1372500,7.3000212644e-16
1372750,1.11735683635e-15
1373000,1.351029152e-15
1373250,1.83814747806e-15
1373500,1.50457060309e-15
1373750,1.51126926922e-15
1374000,1.34355952088e-15
1374250,1.71509426846e-15
1374500,4.09170241114e-15
1374750,3.11402309039e-15
1375000,7.26099694425e-16
1375250,1.43963728888e-15
1375500,4.63789099768e-16
1375750,6.14052300833e-16
1376000,9.91617049058e-16
1376250,8.63881952502e-16
1376500,6.60580729479e-16
1376750,1.26773457855e-15
1377000,1.00825429013e-15
1377250,2.83639279298e-16
1377500,7.41546942859e-16
1377750,1.22525169353e-15
1378000,2.6149118594e-15
1378250,2.59605822178e-15
1378500,3.57121901412e-16
1378750,2.04077406717e-15
1379000,1.62171146397e-15
1379250,4.25427253462e-16
1379500,7.19853936865e-16
1379750,5.01638504587e-16
1380000,4.06456478716e-16
1380250,6.43751387264e-16
1380500,5.05728712014e-16
1380750,1.76797264526e-15
1381000,8.22354882455e-16
1381250,1.71156718254e-15
1381500,9.32702401183e-16
1381750,1.01236980867e-15
1382000,1.16717644653e-15
1382250,6.60172364187e-16
1382500,8.44269996591e-16
1382750,3.14731333079e-16
1383000,1.19426056767e-15
1383250,6.72451638026e-16
1383500,1.09003730659e-15
1383750,1.05175543639e-15
1384000,1.17143185965e-15
1384250,7.33401069784e-16
1384500,5.75978963426e-16
1384750,8.54869737341e-16
1385000,1.15781798072e-15
1385250,7.26008852229e-16
1385500,1.19372048957e-15
1385750,1.19858800925e-15
1386000,1.90769638306e-15
1386250,2.11123530032e-15
1386500,4.40868064944e-15
1386750,2.92957027549e-15
1387000,8.30638765382e-15
1387250,6.76280788014e-15
1387500,8.22888198995e-15
1387750,7.02531343269e-15
1388000,3.09834858412e-15
1388250,4.5109940335e-15
1388500,6.32112262749e-16
1388750,2.41877137651e-15
1389000,2.1589305095e-15
1389250,1.98223968951e-15
1389500,2.73237765254e-15
1389750,6.74487153284e-16
1390000,8.45191509012e-16
1390250,1.33475625692e-15
1390500,1.22336388506e-15
1390750,1.57875044862e-15
1391000,4.58195848816e-16
1391250,6.51352285466e-16
1391500,1.61407239833e-15
1391750,2.22351053853e-15
1392000,4.27885477955e-15
1392250,5.14704780898e-15
1392500,5.93562372142e-15
1392750,5.7517786595e-15
1393000,5.23049717892e-15
1393250,3.9110631012e-15
1393500,3.65185081485e-15
1393750,9.0111677981e-16
1394000,1.09420494952e-15
1394250,1.37491661072e-15
1394500,9.98235857575e-16
1394750,1.18173924504e-15
1395000,8.69647405546e-16
1395250,7.95714387293e-16
1395500,4.23941186786e-16
1395750,9.43924482223e-16
1396000,1.28520485549e-15
1396250,1.21871717815e-15
1396500,1.034018308e-15
1396750,5.81930466112e-16
1397000,6.83447768965e-16
1397250,2.1935721122e-16
1397500,1.36232351052e-15
1397750,4.36483751929e-16
1398000,9.2124909085e-16
1398250,6.16236754809e-16
1398500,9.51977732878e-16
1398750,3.4921194995e-16
1399000,3.34922177737e-16
1399250,8.19873890528e-16
1399500,2.86439510098e-16
1399750,9.04082796767e-16
1400000,8.81502209228e-16
1400250,8.03170109375e-16
1400500,3.73951705108e-16
1400750,5.0777046319e-16
1401000,3.19341108556e-16
1401250,1.64392715034e-16
1401500,3.69908210307e-16
1401750,4.19666986945e-16
1402000,6.22490592716e-16
1402250,4.95035977551e-16
1402500,1.9731486938e-16
1402750,1.23499180682e-15
1403000,9.02497823939e-16
1403250,9.41805786532e-16
1403500,1.69112715603e-16
1403750,8.49355214014e-16
1404000,2.46088763271e-16
1404250,1.63445362822e-15
1404500,6.66476315626e-16
1404750,4.5687747029e-16
1405000,1.24672683785e-15
1405250,2.13611910638e-15
1405500,2.53759670991e-15
1405750,2.92942366002e-15
1406000,2.46576672823e-15
1406250,1.85516018772e-15
1406500,6.62910937549e-16
1406750,5.16926721411e-16
1407000,1.19539779571e-15
1407250,6.18672397732e-16
1407500,1.25632292674e-15
1407750,6.56861065736e-16
1408000,7.98724678288e-16
1408250,5.02583938245e-16
1408500,6.501437935e-16
1408750,7.26244059235e-16
1409000,2.12595583276e-16
1409250,3.96360786405e-16
1409500,2.87422119113e-16
1409750,2.56513160679e-16
1410000,5.92161837445e-16
1410250,6.75193924065e-16
1410500,1.15760039495e-15
1410750,8.08355818742e-16
1411000,1.64325664411e-15
1411250,6.55951777987e-16
1411500,4.98762759261e-16
1411750,3.59100445992e-16
1412000,5.52431105172e-16
1412250,7.85171521856e-16
1412500,5.73451847196e-16
1412750,3.40464403895e-16
1413000,2.33461141156e-16
1413250,7.98642348059e-16
1413500,2.57831580657e-16
1413750,1.92851085556e-16
1414000,1.26382571027e-16
1414250,4.51227113258e-16
1414500,5.66687299857e-16
1414750,7.13736393747e-16
1415000,8.02855467696e-17
1415250,9.2263160713e-16
1415500,3.28578397428e-16
1415750,5.09666906787e-16
1416000,4.94416838991e-16
1416250,7.33228303639e-16
1416500,2.62944470327e-16
1416750,3.37222097361e-16
1417000,6.06272495456e-16
1417250,6.41351971245e-16
1417500,7.71288817741e-16
1417750,6.90837559602e-16
1418000,8.86994674586e-16
1418250,2.91573479668e-16
1418500,9.21503271711e-16
1418750,1.25701505605e-15
1419000,2.19912378e-16
1419250,1.14091979851e-15
1419500,2.87376558026e-16
1419750,8.36142197518e-16
1420000,8.69693327741e-16
1420250,1.36115580801e-16
1420500,1.30728394373e-15
1420750,1.19678827101e-15
1421000,9.00196070415e-16
1421250,1.6764789757e-15
1421500,1.09276763249e-15
1421750,9.72789782532e-16
1422000,8.29807539724e-16
1422250,8.023562057e-16
1422500,6.02899422572e-16
1422750,5.69730418944e-16
1423000,9.16625786445e-16
1423250,2.99726312314e-15
1423500,5.15653479045e-15
1423750,1.3071714467e-14
1424000,2.63200186148e-15
1424250,2.59119356483e-15
1424500,1.71430239652e-15
1424750,1.19405277599e-15
1425000,1.57729961522e-15
1425250,1.60289080119e-15
1425500,7.23995721091e-16
1425750,1.49859140045e-16
1426000,4.76272172796e-16
1426250,1.07935874273e-15
1426500,9.55873892428e-16
1426750,5.6669044067e-16
1427000,2.01240420042e-15
1427250,1.4242983035e-15
1427500,4.99057692046e-16
1427750,2.20654431268e-16
1428000,6.92602553734e-16
1428250,6.74970583021e-16
1428500,4.78126019586e-16
1428750,6.95972409871e-16
1429000,2.81833899764e-16
1429250,2.49906595251e-16
1429500,5.09339369915e-16
1429750,7.27474586311e-16
1430000,8.79533527207e-16
1430250,6.25355636528e-16
1430500,1.94468143907e-16
1430750,1.47115707692e-15
1431000,6.74731123104e-16
1431250,3.57757941191e-16
1431500,7.09168661558e-16
1431750,4.98129152723e-16
1432000,3.29714427415e-16
1432250,5.21860681133e-16
1432500,3.18547874818e-16
1432750,6.21248804862e-16
1433000,4.46716331691e-16
1433250,4.38446040253e-16
1433500,3.8444751249e-16
1433750,2.03192393936e-16
1434000,2.44510144609e-16
1434250,3.12281072966e-16
1434500,6.34181203583e-16
1434750,5.58391557544e-16
1435000,2.36367796089e-16
1435250,4.16763091884e-16
1435500,5.3164731726e-16
1435750,4.61635830542e-16
1436000,4.87618654879e-16
1436250,1.02432395307e-15
1436500,4.50350256893e-16
1436750,4.12251405178e-16
1437000,4.74232747858e-16
1437250,1.22174176693e-15
1437500,1.12467627755e-15
1437750,5.33113635462e-16
1438000,3.9446427085e-16
1438250,1.39493179444e-15
1438500,9.39227677599e-16
1438750,1.38552048814e-16
1439000,6.21134259659e-16
1439250,4.78171295514e-16
1439500,2.87061228126e-16
1439750,2.26817587347e-16
1440000,6.31021858727e-16
1440250,1.24894077927e-15
1440500,3.16045122211e-16
1440750,6.07524988337e-16
1441000,3.59869105974e-16
1441250,8.66852637448e-16
1441500,3.34157133603e-16
1441750,1.46656523585e-15
1442000,9.9724693869e-16
1442250,4.82646294583e-16
1442500,1.36223068245e-15
1442750,8.58649269194e-16
1443000,1.04072305232e-15
1443250,2.6622121182e-15
1443500,3.12652954804e-15
1443750,1.77950426084e-15
1444000,1.63020577417e-15
1444250,9.76342706234e-16
1444500,8.72216833475e-16
1444750,1.26116296806e-15
1445000,1.50541743309e-15
1445250,8.44859597989e-16
1445500,1.33289772826e-15
1445750,3.3610926838e-16
1446000,7.46347338459e-16
1446250,1.05444350173e-15
1446500,5.26416914725e-16
1446750,6.80219180544e-16
1447000,1.22274379875e-15
1447250,3.85525545772e-16
1447500,3.68565334002e-16
1447750,4.14297419892e-16
1448000,7.68832066526e-16
1448250,3.23636672997e-16
1448500,1.08811095295e-15
1448750,9.42676786927e-16
1449000,5.22932316966e-16
1449250,1.09654002713e-15
1449500,1.26343571345e-15
1449750,6.97867102122e-16
1450000,2.88949964154e-16
1450250,6.4027379465e-16
1450500,1.00985168855e-15
1450750,2.34776977999e-16
1451000,1.65081487855e-15
1451250,1.20357399105e-15
1451500,1.68108076621e-15
1451750,8.76448127724e-16
1452000,1.14222412096e-15
1452250,6.30177343113e-16
1452500,7.66618255178e-16
1452750,4.41618583507e-16
1453000,1.4061045849e-16
1453250,5.97776232469e-16
1453500,4.85864431704e-16
1453750,3.03163548212e-16
1454000,2.45261658982e-16
1454250,1.29492257957e-15
1454500,1.59004294039e-15
1454750,2.02348708134e-15
1455000,2.24259472419e-15
1455250,1.71888006834e-15
1455500,1.12781763179e-15
1455750,2.6354231435e-16
1456000,1.32946674389e-16
1456250,2.12098525202e-15
1456500,7.30020364149e-16
1456750,1.34461376527e-15
1457000,8.69847541169e-16
1457250,5.35355475766e-16
1457500,5.77620136148e-16
1457750,2.09441530942e-16
1458000,1.08487668818e-15
1458250,7.14630990728e-16
1458500,6.46824679243e-16
1458750,4.04385807547e-16
1459000,6.4817201551e-16
1459250,1.4869648392e-15
1459500,1.04837923179e-15
1459750,1.22754440792e-15
1460000,1.83996002142e-15
1460250,8.90892483616e-16
1460500,5.68066585825e-16
1460750,1.05882065746e-15
1461000,7.0910029524e-16
1461250,1.04859619886e-15
1461500,9.51720555209e-16
1461750,8.50078331823e-16
1462000,1.07896784702e-16
1462250,1.20251918993e-15
1462500,1.0865675331e-15
1462750,6.98611169996e-16
1463000,1.45261994956e-15
1463250,7.54481085331e-16
1463500,5.60642863446e-16
1463750,8.5637004771e-16
1464000,1.34949935532e-15
1464250,1.21884764519e-15
1464500,2.07282672137e-15
1464750,1.56651236719e-15
1465000,8.26457641644e-16
1465250,4.46843433724e-16
1465500,1.49810084591e-15
1465750,1.24538763877e-15
1466000,1.51420878406e-15
1466250,1.76382902191e-15
1466500,3.69810734047e-16
1466750,8.0248172929e-16
1467000,1.804088667e-15
1467250,1.44068513649e-15
1467500,2.00255357215e-15
1467750,1.51054706964e-15
1468000,2.48874176507e-16
1468250,5.08346724645e-16
1468500,2.99165208956e-15
1468750,2.94756864629e-15
1469000,3.07055750992e-15
1469250,2.73497593251e-15
1469500,2.75924645144e-16
1469750,1.16551274387e-15
1470000,4.13083851412e-15
1470250,3.91655271865e-15
1470500,4.66845830858e-15
1470750,4.85718567158e-15
1471000,1.13896944063e-15
1471250,8.69380497073e-16
1471500,8.22209463719e-15
1471750,9.99713655817e-15
1472000,1.11603339879e-14
1472250,2.28698487088e-14
1472500,1.8024360188e-14
1472750,1.34636652643e-14
1473000,2.23854193057e-14
1473250,1.48220696141e-14
1473500,6.7018386986e-15
1473750,8.82772845727e-15
1474000,3.84948399882e-15
1474250,1.05704830271e-15
1474500,2.9687157841e-15
1474750,3.630952574e-15
1475000,1.79029418401e-15
1475250,3.96048256904e-15
1475500,2.14034003027e-15
1475750,9.66211596935e-16
1476000,8.49183225173e-16
1476250,1.70906482352e-15
1476500,1.68090106072e-15
1476750,2.05120793629e-15
1477000,2.21551674222e-15
1477250,1.03719029711e-15
1477500,2.41995277811e-15
1477750,1.79931182482e-15
1478000,4.70686784616e-15
1478250,3.39266228331e-15
1478500,2.42609673888e-15
1478750,5.0632339181e-15
1479000,4.27401274427e-15
1479250,2.24277554468e-15
1479500,1.98761138466e-15
1479750,2.54735451654e-15
1480000,1.57111971865e-15
1480250,1.07268788249e-15
1480500,1.02943913375e-15
1480750,9.38764254372e-16
1481000,9.59851617661e-16
1481250,1.52879272529e-15
1481500,1.48278768963e-15
1481750,1.0835246251e-15
1482000,7.80019627519e-16
1482250,5.99231679464e-16
1482500,1.03091183226e-15
1482750,9.11623957749e-16
1483000,1.00869392054e-15
1483250,3.94641285206e-16
1483500,5.27543268723e-16
1483750,1.24572602951e-15
1484000,9.24759401622e-16
1484250,9.0246749743e-16
1484500,9.03600139283e-16
1484750,2.43213433286e-16
1485000,2.48027429094e-16
1485250,1.91959506905e-15
1485500,1.92711315931e-15
1485750,1.57670064512e-15
1486000,2.64989785835e-15
1486250,1.05257107029e-15
1486500,1.33426692869e-15
1486750,5.67201187838e-16
1487000,3.40768716779e-16
1487250,1.4205037833e-15
1487500,1.34223788442e-15
1487750,2.52432135931e-16
1488000,5.90647325449e-16
1488250,5.67908198053e-16
1488500,6.93563426445e-16
1488750,6.73595233138e-16
1489000,1.18862797227e-15
1489250,1.53377848498e-15
1489500,7.30448475428e-16
1489750,4.28704293455e-16
1490000,7.15771218494e-16
1490250,3.475617284e-16
1490500,6.72518017348e-16
1490750,5.55616993089e-16
1491000,2.37031291443e-16
1491250,2.23021676297e-16
1491500,5.14754452589e-16
1491750,3.24003623576e-16
1492000,9.47736618657e-16
1492250,1.00476790673e-15
1492500,6.26097076572e-16
1492750,9.07573186007e-16
1493000,1.72562772224e-16
1493250,5.42083871015e-16
1493500,1.45563349336e-15
1493750,1.71222306547e-15
1494000,4.60584224459e-16
1494250,7.57398417239e-16
1494500,2.80428314303e-16
1494750,8.13511608592e-17
1495000,5.65999499026e-16
1495250,3.56482917892e-16
1495500,4.4510261715e-16
1495750,4.76634608744e-16
1496000,8.73748004292e-16
1496250,1.70744187413e-16
1496500,6.5562594168e-16
1496750,7.18457999279e-16
1497000,4.90470460838e-16
1497250,9.26959139792e-16
1497500,3.5848986694e-16
1497750,3.65452664664e-16
1498000,9.04544962372e-16
1498250,3.57743180503e-16
1498500,7.04862919411e-16
1498750,1.02213007079e-15
1499000,1.26817720961e-15
1499250,1.32093203201e-15
1499500,2.72186451551e-15
1499750,2.74898422533e-15
1500000,2.73301937462e-15
