time_s,voltage_mv
0,150
1.953125e-08,148.951568723
3.90625e-08,147.892526723
5.859375e-08,146.823146053
7.8125e-08,145.743702497
9.765625e-08,144.654475422
1.171875e-07,143.555747637
1.3671875e-07,142.447805244
1.5625e-07,141.330937492
1.7578125e-07,140.205436623
1.953125e-07,139.071597725
2.1484375e-07,137.929718571
2.34375e-07,136.780099471
2.5390625e-07,135.623043109
2.734375e-07,134.458854388
2.9296875e-07,133.287840273
3.125e-07,132.110309624
3.3203125e-07,130.926573043
3.515625e-07,129.736942705
3.7109375e-07,128.5417322
3.90625e-07,127.341256369
4.1015625e-07,126.135831138
4.296875e-07,124.925773359
4.4921875e-07,123.711400641
4.6875e-07,122.49303119
4.8828125e-07,121.270983643
5.078125e-07,120.045576905
5.2734375e-07,118.817129989
5.46875e-07,117.585961846
5.6640625e-07,116.35239121
5.859375e-07,115.116736436
6.0546875e-07,113.879315334
6.25e-07,112.640445015
6.4453125e-07,111.400441732
6.640625e-07,110.15962072
6.8359375e-07,108.918296044
7.03125e-07,107.67678044
7.2265625e-07,106.435385167
7.421875e-07,105.194419854
7.6171875e-07,103.954192347
7.8125e-07,102.715008568
8.0078125e-07,101.477172366
8.203125e-07,100.240985372
8.3984375e-07,99.0067468612
8.59375e-07,97.7747536111
8.7890625e-07,96.5452997668
8.984375e-07,95.3186767061
9.1796875e-07,94.0951729077
9.375e-07,92.8750738222
9.5703125e-07,91.6586617463
9.765625e-07,90.4462156988
9.9609375e-07,89.2380112998
1.015625e-06,88.0343206537
1.03515625e-06,86.8354122338
1.0546875e-06,85.6415507706
1.07421875e-06,84.452997144
1.09375e-06,83.2700082771
1.11328125e-06,82.0928370345
1.1328125e-06,80.9217321237
1.15234375e-06,79.756937999
1.171875e-06,78.59869477
1.19140625e-06,77.4472381128
1.2109375e-06,76.3027991846
1.23046875e-06,75.1656045421
1.25e-06,74.0358760635
1.26953125e-06,72.9138308738
1.2890625e-06,71.7996812737
1.30859375e-06,70.6936346724
1.328125e-06,69.5958935236
1.34765625e-06,68.5066552655
1.3671875e-06,67.4261122643
1.38671875e-06,66.3544517611
1.40625e-06,65.2918558231
1.42578125e-06,64.2385012978
1.4453125e-06,63.1945597712
1.46484375e-06,62.1601975297
1.484375e-06,61.135575525
1.50390625e-06,60.120849344
1.5234375e-06,59.1161691806
1.54296875e-06,58.1216798125
1.5625e-06,57.1375205807
1.58203125e-06,56.163825373
1.6015625e-06,55.2007226108
1.62109375e-06,54.2483352396
1.640625e-06,53.3067807225
1.66015625e-06,52.3761710379
1.6796875e-06,51.4566126798
1.69921875e-06,50.5482066618
1.71875e-06,49.6510485242
1.73828125e-06,48.765228345
1.7578125e-06,47.8908307531
1.77734375e-06,47.0279349455
1.796875e-06,46.1766147071
1.81640625e-06,45.3369384335
1.8359375e-06,44.5089691576
1.85546875e-06,43.6927645781
1.875e-06,42.8883770912
1.89453125e-06,42.0958538258
1.9140625e-06,41.31523668
1.93359375e-06,40.5465623622
1.953125e-06,39.7898624329
1.97265625e-06,39.0451633503
1.9921875e-06,38.3124865182
2.01171875e-06,37.5918483356
2.03125e-06,36.8832602498
2.05078125e-06,36.1867288107
2.0703125e-06,35.5022557278
2.08984375e-06,34.8298379294
2.109375e-06,34.1694676239
2.12890625e-06,33.5211323622
2.1484375e-06,32.8848151036
2.16796875e-06,32.2604942821
2.1875e-06,31.6481438749
2.20703125e-06,31.0477334732
2.2265625e-06,30.4592283535
2.24609375e-06,29.8825895512
2.265625e-06,29.3177739356
2.28515625e-06,28.7647342859
2.3046875e-06,28.2234193687
2.32421875e-06,27.6937740168
2.34375e-06,27.1757392092
2.36328125e-06,26.6692521518
2.3828125e-06,26.1742463596
2.40234375e-06,25.6906517391
2.421875e-06,25.2183946727
2.44140625e-06,24.7573981026
2.4609375e-06,24.3075816163
2.48046875e-06,23.8688615324
2.5e-06,23.4411509868
2.51953125e-06,23.0243600199
2.5390625e-06,22.6183956635
2.55859375e-06,22.223162029
2.578125e-06,21.8385603948
2.59765625e-06,21.464489295
2.6171875e-06,21.1008446072
2.63671875e-06,20.7475196416
2.65625e-06,20.404405229
2.67578125e-06,20.0713898093
2.6953125e-06,19.7483595201
2.71484375e-06,19.4351982849
2.734375e-06,19.1317879009
2.75390625e-06,18.8380081272
2.7734375e-06,18.5537367718
2.79296875e-06,18.2788497794
2.8125e-06,18.0132213173
2.83203125e-06,17.7567238624
2.8515625e-06,17.5092282866
2.87109375e-06,17.270603942
2.890625e-06,17.0407187458
2.91015625e-06,16.819439264
2.9296875e-06,16.6066307947
2.94921875e-06,16.4021574511
2.96875e-06,16.2058822426
2.98828125e-06,16.0176671568
3.0078125e-06,15.8373732388
3.02734375e-06,15.664860671
3.046875e-06,15.4999888516
3.06640625e-06,15.3426164719
3.0859375e-06,15.1926015931
3.10546875e-06,15.0498017218
3.125e-06,14.9140738845
3.14453125e-06,14.7852747013
3.1640625e-06,14.6632604583
3.18359375e-06,14.5478871794
3.203125e-06,14.4390106959
3.22265625e-06,14.3364867166
3.2421875e-06,14.2401708953
3.26171875e-06,14.1499188979
3.28125e-06,14.0655864686
3.30078125e-06,13.987029494
3.3203125e-06,13.9141040668
3.33984375e-06,13.8466665482
3.359375e-06,13.7845736288
3.37890625e-06,13.7276823885
3.3984375e-06,13.6758503554
3.41796875e-06,13.628935563
3.4375e-06,13.5867966065
3.45703125e-06,13.5492926979
3.4765625e-06,13.51628372
3.49609375e-06,13.4876302784
3.515625e-06,13.4631937537
3.53515625e-06,13.442836351
3.5546875e-06,13.4264211491
3.57421875e-06,13.4138121483
3.59375e-06,13.4048743171
3.61328125e-06,13.3994736372
3.6328125e-06,13.397477148
3.65234375e-06,13.3987529895
3.671875e-06,13.4031704441
3.69140625e-06,13.4105999774
3.7109375e-06,13.4209132777
3.73046875e-06,13.4339832944
3.75e-06,13.4496842753
3.76953125e-06,13.4678918029
3.7890625e-06,13.4884828293
3.80859375e-06,13.5113357104
3.828125e-06,13.5363302386
3.84765625e-06,13.5633476752
3.8671875e-06,13.5922707808
3.88671875e-06,13.6229838452
3.90625e-06,13.6553727165
3.92578125e-06,13.6893248291
3.9453125e-06,13.72472923
3.96484375e-06,13.7614766055
3.984375e-06,13.7994593056
4.00390625e-06,13.8385713688
4.0234375e-06,13.8787085448
4.04296875e-06,13.919768317
4.0625e-06,13.9616499243
4.08203125e-06,14.0042543816
4.1015625e-06,14.0474844995
4.12109375e-06,14.0912449037
4.140625e-06,14.1354420533
4.16015625e-06,14.1799842582
4.1796875e-06,14.2247816957
4.19921875e-06,14.2697464275
4.21875e-06,14.314792414
4.23828125e-06,14.3598355299
4.2578125e-06,14.4047935779
4.27734375e-06,14.4495863023
4.296875e-06,14.4941354015
4.31640625e-06,14.538364541
4.3359375e-06,14.5821993643
4.35546875e-06,14.6255675043
4.375e-06,14.6683985939
4.39453125e-06,14.7106242761
4.4140625e-06,14.7521782133
4.43359375e-06,14.7929960966
4.453125e-06,14.8330156542
4.47265625e-06,14.8721766596
4.4921875e-06,14.9104209392
4.51171875e-06,14.9476923796
4.53125e-06,14.9839369346
4.55078125e-06,15.0191026314
4.5703125e-06,15.0531395769
4.58984375e-06,15.0859999631
4.609375e-06,15.117638073
4.62890625e-06,15.1480102851
4.6484375e-06,15.1770750784
4.66796875e-06,15.2047930369
4.6875e-06,15.2311268532
4.70703125e-06,15.2560413331
4.7265625e-06,15.2795033983
4.74609375e-06,15.3014820902
4.765625e-06,15.321948573
4.78515625e-06,15.3408761359
4.8046875e-06,15.3582401963
4.82421875e-06,15.3740183017
4.84375e-06,15.3881901316
4.86328125e-06,15.4007375
4.8828125e-06,15.4116443563
4.90234375e-06,15.4208967875
4.921875e-06,15.4284830187
4.94140625e-06,15.4343934145
4.9609375e-06,15.4386204799
4.98046875e-06,15.4411588609
5e-06,15.4420053449
5.01953125e-06,15.4411588609
5.0390625e-06,15.4386204799
5.05859375e-06,15.4343934145
5.078125e-06,15.4284830187
5.09765625e-06,15.4208967875
5.1171875e-06,15.4116443563
5.13671875e-06,15.4007375
5.15625e-06,15.3881901316
5.17578125e-06,15.3740183017
5.1953125e-06,15.3582401963
5.21484375e-06,15.3408761359
5.234375e-06,15.321948573
5.25390625e-06,15.3014820902
5.2734375e-06,15.2795033983
5.29296875e-06,15.2560413331
5.3125e-06,15.2311268532
5.33203125e-06,15.2047930369
5.3515625e-06,15.1770750784
5.37109375e-06,15.1480102851
5.390625e-06,15.117638073
5.41015625e-06,15.0859999631
5.4296875e-06,15.0531395769
5.44921875e-06,15.0191026314
5.46875e-06,14.9839369346
5.48828125e-06,14.9476923796
5.5078125e-06,14.9104209392
5.52734375e-06,14.8721766596
5.546875e-06,14.8330156542
5.56640625e-06,14.7929960966
5.5859375e-06,14.7521782133
5.60546875e-06,14.7106242761
5.625e-06,14.6683985939
5.64453125e-06,14.6255675043
5.6640625e-06,14.5821993643
5.68359375e-06,14.538364541
5.703125e-06,14.4941354015
5.72265625e-06,14.4495863023
5.7421875e-06,14.4047935779
5.76171875e-06,14.3598355299
5.78125e-06,14.314792414
5.80078125e-06,14.2697464275
5.8203125e-06,14.2247816957
5.83984375e-06,14.1799842582
5.859375e-06,14.1354420533
5.87890625e-06,14.0912449037
5.8984375e-06,14.0474844995
5.91796875e-06,14.0042543816
5.9375e-06,13.9616499243
5.95703125e-06,13.919768317
5.9765625e-06,13.8787085448
5.99609375e-06,13.8385713688
6.015625e-06,13.7994593056
6.03515625e-06,13.7614766055
6.0546875e-06,13.72472923
6.07421875e-06,13.6893248291
6.09375e-06,13.6553727165
6.11328125e-06,13.6229838452
6.1328125e-06,13.5922707808
6.15234375e-06,13.5633476752
6.171875e-06,13.5363302386
6.19140625e-06,13.5113357104
6.2109375e-06,13.4884828293
6.23046875e-06,13.4678918029
6.25e-06,13.4496842753
6.26953125e-06,13.4339832944
6.2890625e-06,13.4209132777
6.30859375e-06,13.4105999774
6.328125e-06,13.4031704441
6.34765625e-06,13.3987529895
6.3671875e-06,13.397477148
6.38671875e-06,13.3994736372
6.40625e-06,13.4048743171
6.42578125e-06,13.4138121483
6.4453125e-06,13.4264211491
6.46484375e-06,13.442836351
6.484375e-06,13.4631937537
6.50390625e-06,13.4876302784
6.5234375e-06,13.51628372
6.54296875e-06,13.5492926979
6.5625e-06,13.5867966065
6.58203125e-06,13.628935563
6.6015625e-06,13.6758503554
6.62109375e-06,13.7276823885
6.640625e-06,13.7845736288
6.66015625e-06,13.8466665482
6.6796875e-06,13.9141040668
6.69921875e-06,13.987029494
6.71875e-06,14.0655864686
6.73828125e-06,14.1499188979
6.7578125e-06,14.2401708953
6.77734375e-06,14.3364867166
6.796875e-06,14.4390106959
6.81640625e-06,14.5478871794
6.8359375e-06,14.6632604583
6.85546875e-06,14.7852747013
6.875e-06,14.9140738845
6.89453125e-06,15.0498017218
6.9140625e-06,15.1926015931
6.93359375e-06,15.3426164719
6.953125e-06,15.4999888516
6.97265625e-06,15.664860671
6.9921875e-06,15.8373732388
7.01171875e-06,16.0176671568
7.03125e-06,16.2058822426
7.05078125e-06,16.4021574511
7.0703125e-06,16.6066307947
7.08984375e-06,16.819439264
7.109375e-06,17.0407187458
7.12890625e-06,17.270603942
7.1484375e-06,17.5092282866
7.16796875e-06,17.7567238624
7.1875e-06,18.0132213173
7.20703125e-06,18.2788497794
7.2265625e-06,18.5537367718
7.24609375e-06,18.8380081272
7.265625e-06,19.1317879009
7.28515625e-06,19.4351982849
7.3046875e-06,19.7483595201
7.32421875e-06,20.0713898093
7.34375e-06,20.404405229
7.36328125e-06,20.7475196416
7.3828125e-06,21.1008446072
7.40234375e-06,21.464489295
7.421875e-06,21.8385603948
7.44140625e-06,22.223162029
7.4609375e-06,22.6183956635
7.48046875e-06,23.0243600199
7.5e-06,23.4411509868
7.51953125e-06,23.8688615324
7.5390625e-06,24.3075816163
7.55859375e-06,24.7573981026
7.578125e-06,25.2183946727
7.59765625e-06,25.6906517391
7.6171875e-06,26.1742463596
7.63671875e-06,26.6692521518
7.65625e-06,27.1757392092
7.67578125e-06,27.6937740168
7.6953125e-06,28.2234193687
7.71484375e-06,28.7647342859
7.734375e-06,29.3177739356
7.75390625e-06,29.8825895512
7.7734375e-06,30.4592283535
7.79296875e-06,31.0477334732
7.8125e-06,31.6481438749
7.83203125e-06,32.2604942821
7.8515625e-06,32.8848151036
7.87109375e-06,33.5211323622
7.890625e-06,34.1694676239
7.91015625e-06,34.8298379294
7.9296875e-06,35.5022557278
7.94921875e-06,36.1867288107
7.96875e-06,36.8832602498
7.98828125e-06,37.5918483356
8.0078125e-06,38.3124865182
8.02734375e-06,39.0451633503
8.046875e-06,39.7898624329
8.06640625e-06,40.5465623622
8.0859375e-06,41.31523668
8.10546875e-06,42.0958538258
8.125e-06,42.8883770912
8.14453125e-06,43.6927645781
8.1640625e-06,44.5089691576
8.18359375e-06,45.3369384335
8.203125e-06,46.1766147071
8.22265625e-06,47.0279349455
8.2421875e-06,47.8908307531
8.26171875e-06,48.765228345
8.28125e-06,49.6510485242
8.30078125e-06,50.5482066618
8.3203125e-06,51.4566126798
8.33984375e-06,52.3761710379
8.359375e-06,53.3067807225
8.37890625e-06,54.2483352396
8.3984375e-06,55.2007226108
8.41796875e-06,56.163825373
8.4375e-06,57.1375205807
8.45703125e-06,58.1216798125
8.4765625e-06,59.1161691806
8.49609375e-06,60.120849344
8.515625e-06,61.135575525
8.53515625e-06,62.1601975297
8.5546875e-06,63.1945597712
8.57421875e-06,64.2385012978
8.59375e-06,65.2918558231
8.61328125e-06,66.3544517611
8.6328125e-06,67.4261122643
8.65234375e-06,68.5066552655
8.671875e-06,69.5958935236
8.69140625e-06,70.6936346724
8.7109375e-06,71.7996812737
8.73046875e-06,72.9138308738
8.75e-06,74.0358760635
8.76953125e-06,75.1656045421
8.7890625e-06,76.3027991846
8.80859375e-06,77.4472381128
8.828125e-06,78.59869477
8.84765625e-06,79.756937999
8.8671875e-06,80.9217321237
8.88671875e-06,82.0928370345
8.90625e-06,83.2700082771
8.92578125e-06,84.452997144
8.9453125e-06,85.6415507706
8.96484375e-06,86.8354122338
8.984375e-06,88.0343206537
9.00390625e-06,89.2380112998
9.0234375e-06,90.4462156988
9.04296875e-06,91.6586617463
9.0625e-06,92.8750738222
9.08203125e-06,94.0951729077
9.1015625e-06,95.3186767061
9.12109375e-06,96.5452997668
9.140625e-06,97.7747536111
9.16015625e-06,99.0067468612
9.1796875e-06,100.240985372
9.19921875e-06,101.477172366
9.21875e-06,102.715008568
9.23828125e-06,103.954192347
9.2578125e-06,105.194419854
9.27734375e-06,106.435385167
9.296875e-06,107.67678044
9.31640625e-06,108.918296044
9.3359375e-06,110.15962072
9.35546875e-06,111.400441732
9.375e-06,112.640445015
9.39453125e-06,113.879315334
9.4140625e-06,115.116736436
9.43359375e-06,116.35239121
9.453125e-06,117.585961846
9.47265625e-06,118.817129989
9.4921875e-06,120.045576905
9.51171875e-06,121.270983643
9.53125e-06,122.49303119
9.55078125e-06,123.711400641
9.5703125e-06,124.925773359
9.58984375e-06,126.135831138
9.609375e-06,127.341256369
9.62890625e-06,128.5417322
9.6484375e-06,129.736942705
9.66796875e-06,130.926573043
9.6875e-06,132.110309624
9.70703125e-06,133.287840273
9.7265625e-06,134.458854388
9.74609375e-06,135.623043109
9.765625e-06,136.780099471
9.78515625e-06,137.929718571
9.8046875e-06,139.071597725
9.82421875e-06,140.205436623
9.84375e-06,141.330937492
9.86328125e-06,142.447805244
9.8828125e-06,143.555747637
9.90234375e-06,144.654475422
9.921875e-06,145.743702497
9.94140625e-06,146.823146053
9.9609375e-06,147.892526723
9.98046875e-06,148.951568723
1e-05,150
1.001953125e-05,151.037552366
1.00390625e-05,152.063961638
1.005859375e-05,153.078967775
1.0078125e-05,154.082315007
1.009765625e-05,155.073751967
1.01171875e-05,156.053031816
1.013671875e-05,157.019912368
1.015625e-05,157.974156211
1.017578125e-05,158.915530823
1.01953125e-05,159.843808688
1.021484375e-05,160.758767407
1.0234375e-05,161.660189804
1.025390625e-05,162.547864033
1.02734375e-05,163.421583678
1.029296875e-05,164.281147848
1.03125e-05,165.126361271
1.033203125e-05,165.957034389
1.03515625e-05,166.772983435
1.037109375e-05,167.574030523
1.0390625e-05,168.360003721
1.041015625e-05,169.130737129
1.04296875e-05,169.886070946
1.044921875e-05,170.625851537
1.046875e-05,171.349931498
1.048828125e-05,172.058169711
1.05078125e-05,172.750431396
1.052734375e-05,173.426588165
1.0546875e-05,174.086518067
1.056640625e-05,174.730105625
1.05859375e-05,175.357241878
1.060546875e-05,175.967824411
1.0625e-05,176.561757383
1.064453125e-05,177.138951553
1.06640625e-05,177.6993243
1.068359375e-05,178.242799639
1.0703125e-05,178.769308229
1.072265625e-05,179.278787386
1.07421875e-05,179.771181082
1.076171875e-05,180.246439944
1.078125e-05,180.704521253
1.080078125e-05,181.145388929
1.08203125e-05,181.56901352
1.083984375e-05,181.975372188
1.0859375e-05,182.364448681
1.087890625e-05,182.736233312
1.08984375e-05,183.090722928
1.091796875e-05,183.427920878
1.09375e-05,183.747836973
1.095703125e-05,184.050487448
1.09765625e-05,184.335894917
1.099609375e-05,184.604088323
1.1015625e-05,184.855102886
1.103515625e-05,185.088980051
1.10546875e-05,185.305767426
1.107421875e-05,185.505518719
1.109375e-05,185.688293675
1.111328125e-05,185.854158006
1.11328125e-05,186.00318332
1.115234375e-05,186.135447044
1.1171875e-05,186.251032347
1.119140625e-05,186.350028059
1.12109375e-05,186.432528588
1.123046875e-05,186.498633833
1.125e-05,186.548449095
1.126953125e-05,186.582084984
1.12890625e-05,186.599657327
1.130859375e-05,186.601287072
1.1328125e-05,186.587100185
1.134765625e-05,186.557227554
1.13671875e-05,186.511804886
1.138671875e-05,186.450972597
1.140625e-05,186.374875711
1.142578125e-05,186.28366375
1.14453125e-05,186.17749062
1.146484375e-05,186.056514507
1.1484375e-05,185.920897757
1.150390625e-05,185.770806763
1.15234375e-05,185.606411853
1.154296875e-05,185.427887169
1.15625e-05,185.23541055
1.158203125e-05,185.029163417
1.16015625e-05,184.809330646
1.162109375e-05,184.576100455
1.1640625e-05,184.329664279
1.166015625e-05,184.070216648
1.16796875e-05,183.79795507
1.169921875e-05,183.513079901
1.171875e-05,183.215794228
1.173828125e-05,182.906303747
1.17578125e-05,182.584816634
1.177734375e-05,182.251543431
1.1796875e-05,181.906696916
1.181640625e-05,181.550491985
1.18359375e-05,181.183145527
1.185546875e-05,180.804876305
1.1875e-05,180.415904836
1.189453125e-05,180.016453267
1.19140625e-05,179.606745255
1.193359375e-05,179.187005852
1.1953125e-05,178.757461385
1.197265625e-05,178.318339335
1.19921875e-05,177.869868228
1.201171875e-05,177.412277512
1.203125e-05,176.945797448
1.205078125e-05,176.470658995
1.20703125e-05,175.987093698
1.208984375e-05,175.49533358
1.2109375e-05,174.99561103
1.212890625e-05,174.488158696
1.21484375e-05,173.973209383
1.216796875e-05,173.450995942
1.21875e-05,172.921751171
1.220703125e-05,172.385707716
1.22265625e-05,171.843097967
1.224609375e-05,171.294153963
1.2265625e-05,170.739107295
1.228515625e-05,170.178189012
1.23046875e-05,169.611629533
1.232421875e-05,169.03965855
1.234375e-05,168.462504944
1.236328125e-05,167.8803967
1.23828125e-05,167.29356082
1.240234375e-05,166.702223243
1.2421875e-05,166.106608762
1.244140625e-05,165.50694095
1.24609375e-05,164.903442085
1.248046875e-05,164.29633307
1.25e-05,163.685833369
1.251953125e-05,163.072160934
1.25390625e-05,162.455532138
1.255859375e-05,161.836161714
1.2578125e-05,161.214262685
1.259765625e-05,160.590046313
1.26171875e-05,159.963722033
1.263671875e-05,159.335497403
1.265625e-05,158.705578045
1.267578125e-05,158.074167601
1.26953125e-05,157.441467674
1.271484375e-05,156.807677791
1.2734375e-05,156.172995352
1.275390625e-05,155.537615588
1.27734375e-05,154.901731526
1.279296875e-05,154.265533942
1.28125e-05,153.629211333
1.283203125e-05,152.992949881
1.28515625e-05,152.356933418
1.287109375e-05,151.7213434
1.2890625e-05,151.086358878
1.291015625e-05,150.452156474
1.29296875e-05,149.818910356
1.294921875e-05,149.186792218
1.296875e-05,148.55597126
1.298828125e-05,147.926614168
1.30078125e-05,147.298885106
1.302734375e-05,146.672945692
1.3046875e-05,146.048954997
1.306640625e-05,145.427069528
1.30859375e-05,144.807443221
1.310546875e-05,144.190227439
1.3125e-05,143.57557096
1.314453125e-05,142.963619983
1.31640625e-05,142.354518121
1.318359375e-05,141.748406402
1.3203125e-05,141.145423274
1.322265625e-05,140.545704606
1.32421875e-05,139.949383695
1.326171875e-05,139.35659127
1.328125e-05,138.767455504
1.330078125e-05,138.18210202
1.33203125e-05,137.600653906
1.333984375e-05,137.023231723
1.3359375e-05,136.449953518
1.337890625e-05,135.880934846
1.33984375e-05,135.316288777
1.341796875e-05,134.756125919
1.34375e-05,134.200554433
1.345703125e-05,133.649680055
1.34765625e-05,133.103606112
1.349609375e-05,132.56243355
1.3515625e-05,132.026260951
1.353515625e-05,131.495184556
1.35546875e-05,130.969298292
1.357421875e-05,130.448693796
1.359375e-05,129.933460439
1.361328125e-05,129.423685354
1.36328125e-05,128.919453462
1.365234375e-05,128.420847501
1.3671875e-05,127.927948052
1.369140625e-05,127.44083357
1.37109375e-05,126.959580414
1.373046875e-05,126.484262875
1.375e-05,126.014953205
1.376953125e-05,125.551721653
1.37890625e-05,125.094636491
1.380859375e-05,124.643764048
1.3828125e-05,124.199168742
1.384765625e-05,123.760913109
1.38671875e-05,123.329057841
1.388671875e-05,122.903661811
1.390625e-05,122.484782112
1.392578125e-05,122.072474088
1.39453125e-05,121.666791365
1.396484375e-05,121.267785884
1.3984375e-05,120.875507937
1.400390625e-05,120.490006196
1.40234375e-05,120.111327749
1.404296875e-05,119.739518129
1.40625e-05,119.37462135
1.408203125e-05,119.016679939
1.41015625e-05,118.665734967
1.412109375e-05,118.321826081
1.4140625e-05,117.984991535
1.416015625e-05,117.655268226
1.41796875e-05,117.332691721
1.419921875e-05,117.017296287
1.421875e-05,116.709114926
1.423828125e-05,116.408179401
1.42578125e-05,116.114520271
1.427734375e-05,115.828166914
1.4296875e-05,115.549147559
1.431640625e-05,115.277489317
1.43359375e-05,115.013218203
1.435546875e-05,114.756359171
1.4375e-05,114.506936134
1.439453125e-05,114.264971993
1.44140625e-05,114.030488666
1.443359375e-05,113.803507107
1.4453125e-05,113.584047337
1.447265625e-05,113.372128462
1.44921875e-05,113.167768702
1.451171875e-05,112.970985407
1.453125e-05,112.781795086
1.455078125e-05,112.600213425
1.45703125e-05,112.426255305
1.458984375e-05,112.259934827
1.4609375e-05,112.101265327
1.462890625e-05,111.950259395
1.46484375e-05,111.806928896
1.466796875e-05,111.671284982
1.46875e-05,111.54333811
1.470703125e-05,111.423098058
1.47265625e-05,111.310573938
1.474609375e-05,111.20577421
1.4765625e-05,111.108706696
1.478515625e-05,111.019378589
1.48046875e-05,110.937796467
1.482421875e-05,110.8639663
1.484375e-05,110.797893463
1.486328125e-05,110.739582742
1.48828125e-05,110.689038342
1.490234375e-05,110.646263894
1.4921875e-05,110.611262459
1.494140625e-05,110.584036537
1.49609375e-05,110.564588068
1.498046875e-05,110.552918434
1.5e-05,110.549028463
1.501953125e-05,110.552918434
1.50390625e-05,110.564588068
1.505859375e-05,110.584036537
1.5078125e-05,110.611262459
1.509765625e-05,110.646263894
1.51171875e-05,110.689038342
1.513671875e-05,110.739582742
1.515625e-05,110.797893463
1.517578125e-05,110.8639663
1.51953125e-05,110.937796467
1.521484375e-05,111.019378589
1.5234375e-05,111.108706696
1.525390625e-05,111.20577421
1.52734375e-05,111.310573938
1.529296875e-05,111.423098058
1.53125e-05,111.54333811
1.533203125e-05,111.671284982
1.53515625e-05,111.806928896
1.537109375e-05,111.950259395
1.5390625e-05,112.101265327
1.541015625e-05,112.259934827
1.54296875e-05,112.426255305
1.544921875e-05,112.600213425
1.546875e-05,112.781795086
1.548828125e-05,112.970985407
1.55078125e-05,113.167768702
1.552734375e-05,113.372128462
1.5546875e-05,113.584047337
1.556640625e-05,113.803507107
1.55859375e-05,114.030488666
1.560546875e-05,114.264971993
1.5625e-05,114.506936134
1.564453125e-05,114.756359171
1.56640625e-05,115.013218203
1.568359375e-05,115.277489317
1.5703125e-05,115.549147559
1.572265625e-05,115.828166914
1.57421875e-05,116.114520271
1.576171875e-05,116.408179401
1.578125e-05,116.709114926
1.580078125e-05,117.017296287
1.58203125e-05,117.332691721
1.583984375e-05,117.655268226
1.5859375e-05,117.984991535
1.587890625e-05,118.321826081
1.58984375e-05,118.665734967
1.591796875e-05,119.016679939
1.59375e-05,119.37462135
1.595703125e-05,119.739518129
1.59765625e-05,120.111327749
1.599609375e-05,120.490006196
1.6015625e-05,120.875507937
1.603515625e-05,121.267785884
1.60546875e-05,121.666791365
1.607421875e-05,122.072474088
1.609375e-05,122.484782112
1.611328125e-05,122.903661811
1.61328125e-05,123.329057841
1.615234375e-05,123.760913109
1.6171875e-05,124.199168742
1.619140625e-05,124.643764048
1.62109375e-05,125.094636491
1.623046875e-05,125.551721653
1.625e-05,126.014953205
1.626953125e-05,126.484262875
1.62890625e-05,126.959580414
1.630859375e-05,127.44083357
1.6328125e-05,127.927948052
1.634765625e-05,128.420847501
1.63671875e-05,128.919453462
1.638671875e-05,129.423685354
1.640625e-05,129.933460439
1.642578125e-05,130.448693796
1.64453125e-05,130.969298292
1.646484375e-05,131.495184556
1.6484375e-05,132.026260951
1.650390625e-05,132.56243355
1.65234375e-05,133.103606112
1.654296875e-05,133.649680055
1.65625e-05,134.200554433
1.658203125e-05,134.756125919
1.66015625e-05,135.316288777
1.662109375e-05,135.880934846
1.6640625e-05,136.449953518
1.666015625e-05,137.023231723
1.66796875e-05,137.600653906
1.669921875e-05,138.18210202
1.671875e-05,138.767455504
1.673828125e-05,139.35659127
1.67578125e-05,139.949383695
1.677734375e-05,140.545704606
1.6796875e-05,141.145423274
1.681640625e-05,141.748406402
1.68359375e-05,142.354518121
1.685546875e-05,142.963619983
1.6875e-05,143.57557096
1.689453125e-05,144.190227439
1.69140625e-05,144.807443221
1.693359375e-05,145.427069528
1.6953125e-05,146.048954997
1.697265625e-05,146.672945692
1.69921875e-05,147.298885106
1.701171875e-05,147.926614168
1.703125e-05,148.55597126
1.705078125e-05,149.186792218
1.70703125e-05,149.818910356
1.708984375e-05,150.452156474
1.7109375e-05,151.086358878
1.712890625e-05,151.7213434
1.71484375e-05,152.356933418
1.716796875e-05,152.992949881
1.71875e-05,153.629211333
1.720703125e-05,154.265533942
1.72265625e-05,154.901731526
1.724609375e-05,155.537615588
1.7265625e-05,156.172995352
1.728515625e-05,156.807677791
1.73046875e-05,157.441467674
1.732421875e-05,158.074167601
1.734375e-05,158.705578045
1.736328125e-05,159.335497403
1.73828125e-05,159.963722033
1.740234375e-05,160.590046313
1.7421875e-05,161.214262685
1.744140625e-05,161.836161714
1.74609375e-05,162.455532138
1.748046875e-05,163.072160934
1.75e-05,163.685833369
1.751953125e-05,164.29633307
1.75390625e-05,164.903442085
1.755859375e-05,165.50694095
1.7578125e-05,166.106608762
1.759765625e-05,166.702223243
1.76171875e-05,167.29356082
1.763671875e-05,167.8803967
1.765625e-05,168.462504944
1.767578125e-05,169.03965855
1.76953125e-05,169.611629533
1.771484375e-05,170.178189012
1.7734375e-05,170.739107295
1.775390625e-05,171.294153963
1.77734375e-05,171.843097967
1.779296875e-05,172.385707716
1.78125e-05,172.921751171
1.783203125e-05,173.450995942
1.78515625e-05,173.973209383
1.787109375e-05,174.488158696
1.7890625e-05,174.99561103
1.791015625e-05,175.49533358
1.79296875e-05,175.987093698
1.794921875e-05,176.470658995
1.796875e-05,176.945797448
1.798828125e-05,177.412277512
1.80078125e-05,177.869868228
1.802734375e-05,178.318339335
1.8046875e-05,178.757461385
1.806640625e-05,179.187005852
1.80859375e-05,179.606745255
1.810546875e-05,180.016453267
1.8125e-05,180.415904836
1.814453125e-05,180.804876305
1.81640625e-05,181.183145527
1.818359375e-05,181.550491985
1.8203125e-05,181.906696916
1.822265625e-05,182.251543431
1.82421875e-05,182.584816634
1.826171875e-05,182.906303747
1.828125e-05,183.215794228
1.830078125e-05,183.513079901
1.83203125e-05,183.79795507
1.833984375e-05,184.070216648
1.8359375e-05,184.329664279
1.837890625e-05,184.576100455
1.83984375e-05,184.809330646
1.841796875e-05,185.029163417
1.84375e-05,185.23541055
1.845703125e-05,185.427887169
1.84765625e-05,185.606411853
1.849609375e-05,185.770806763
1.8515625e-05,185.920897757
1.853515625e-05,186.056514507
1.85546875e-05,186.17749062
1.857421875e-05,186.28366375
1.859375e-05,186.374875711
1.861328125e-05,186.450972597
1.86328125e-05,186.511804886
1.865234375e-05,186.557227554
1.8671875e-05,186.587100185
1.869140625e-05,186.601287072
1.87109375e-05,186.599657327
1.873046875e-05,186.582084984
1.875e-05,186.548449095
1.876953125e-05,186.498633833
1.87890625e-05,186.432528588
1.880859375e-05,186.350028059
1.8828125e-05,186.251032347
1.884765625e-05,186.135447044
1.88671875e-05,186.00318332
1.888671875e-05,185.854158006
1.890625e-05,185.688293675
1.892578125e-05,185.505518719
1.89453125e-05,185.305767426
1.896484375e-05,185.088980051
1.8984375e-05,184.855102886
1.900390625e-05,184.604088323
1.90234375e-05,184.335894917
1.904296875e-05,184.050487448
1.90625e-05,183.747836973
1.908203125e-05,183.427920878
1.91015625e-05,183.090722928
1.912109375e-05,182.736233312
1.9140625e-05,182.364448681
1.916015625e-05,181.975372188
1.91796875e-05,181.56901352
1.919921875e-05,181.145388929
1.921875e-05,180.704521253
1.923828125e-05,180.246439944
1.92578125e-05,179.771181082
1.927734375e-05,179.278787386
1.9296875e-05,178.769308229
1.931640625e-05,178.242799639
1.93359375e-05,177.6993243
1.935546875e-05,177.138951553
1.9375e-05,176.561757383
1.939453125e-05,175.967824411
1.94140625e-05,175.357241878
1.943359375e-05,174.730105625
1.9453125e-05,174.086518067
1.947265625e-05,173.426588165
1.94921875e-05,172.750431396
1.951171875e-05,172.058169711
1.953125e-05,171.349931498
1.955078125e-05,170.625851537
1.95703125e-05,169.886070946
1.958984375e-05,169.130737129
1.9609375e-05,168.360003721
1.962890625e-05,167.574030523
1.96484375e-05,166.772983435
1.966796875e-05,165.957034389
1.96875e-05,165.126361271
1.970703125e-05,164.281147848
1.97265625e-05,163.421583678
1.974609375e-05,162.547864033
1.9765625e-05,161.660189804
1.978515625e-05,160.758767407
1.98046875e-05,159.843808688
1.982421875e-05,158.915530823
1.984375e-05,157.974156211
1.986328125e-05,157.019912368
1.98828125e-05,156.053031816
1.990234375e-05,155.073751967
1.9921875e-05,154.082315007
1.994140625e-05,153.078967775
1.99609375e-05,152.063961638
1.998046875e-05,151.037552366
2e-05,150
2.001953125e-05,148.951568723
2.00390625e-05,147.892526723
2.005859375e-05,146.823146053
2.0078125e-05,145.743702497
2.009765625e-05,144.654475422
2.01171875e-05,143.555747637
2.013671875e-05,142.447805244
2.015625e-05,141.330937492
2.017578125e-05,140.205436623
2.01953125e-05,139.071597725
2.021484375e-05,137.929718571
2.0234375e-05,136.780099471
2.025390625e-05,135.623043109
2.02734375e-05,134.458854388
2.029296875e-05,133.287840273
2.03125e-05,132.110309624
2.033203125e-05,130.926573043
2.03515625e-05,129.736942705
2.037109375e-05,128.5417322
2.0390625e-05,127.341256369
2.041015625e-05,126.135831138
2.04296875e-05,124.925773359
2.044921875e-05,123.711400641
2.046875e-05,122.49303119
2.048828125e-05,121.270983643
2.05078125e-05,120.045576905
2.052734375e-05,118.817129989
2.0546875e-05,117.585961846
2.056640625e-05,116.35239121
2.05859375e-05,115.116736436
2.060546875e-05,113.879315334
2.0625e-05,112.640445015
2.064453125e-05,111.400441732
2.06640625e-05,110.15962072
2.068359375e-05,108.918296044
2.0703125e-05,107.67678044
2.072265625e-05,106.435385167
2.07421875e-05,105.194419854
2.076171875e-05,103.954192347
2.078125e-05,102.715008568
2.080078125e-05,101.477172366
2.08203125e-05,100.240985372
2.083984375e-05,99.0067468612
2.0859375e-05,97.7747536111
2.087890625e-05,96.5452997668
2.08984375e-05,95.3186767061
2.091796875e-05,94.0951729077
2.09375e-05,92.8750738222
2.095703125e-05,91.6586617463
2.09765625e-05,90.4462156988
2.099609375e-05,89.2380112998
2.1015625e-05,88.0343206537
2.103515625e-05,86.8354122338
2.10546875e-05,85.6415507706
2.107421875e-05,84.452997144
2.109375e-05,83.2700082771
2.111328125e-05,82.0928370345
2.11328125e-05,80.9217321237
2.115234375e-05,79.756937999
2.1171875e-05,78.59869477
2.119140625e-05,77.4472381128
2.12109375e-05,76.3027991846
2.123046875e-05,75.1656045421
2.125e-05,74.0358760635
2.126953125e-05,72.9138308738
2.12890625e-05,71.7996812737
2.130859375e-05,70.6936346724
2.1328125e-05,69.5958935236
2.134765625e-05,68.5066552655
2.13671875e-05,67.4261122643
2.138671875e-05,66.3544517611
2.140625e-05,65.2918558231
2.142578125e-05,64.2385012978
2.14453125e-05,63.1945597712
2.146484375e-05,62.1601975297
2.1484375e-05,61.135575525
2.150390625e-05,60.120849344
2.15234375e-05,59.1161691806
2.154296875e-05,58.1216798125
2.15625e-05,57.1375205807
2.158203125e-05,56.163825373
2.16015625e-05,55.2007226108
2.162109375e-05,54.2483352396
2.1640625e-05,53.3067807225
2.166015625e-05,52.3761710379
2.16796875e-05,51.4566126798
2.169921875e-05,50.5482066618
2.171875e-05,49.6510485242
2.173828125e-05,48.765228345
2.17578125e-05,47.8908307531
2.177734375e-05,47.0279349455
2.1796875e-05,46.1766147071
2.181640625e-05,45.3369384335
2.18359375e-05,44.5089691576
2.185546875e-05,43.6927645781
2.1875e-05,42.8883770912
2.189453125e-05,42.0958538258
2.19140625e-05,41.31523668
2.193359375e-05,40.5465623622
2.1953125e-05,39.7898624329
2.197265625e-05,39.0451633503
2.19921875e-05,38.3124865182
2.201171875e-05,37.5918483356
2.203125e-05,36.8832602498
2.205078125e-05,36.1867288107
2.20703125e-05,35.5022557278
2.208984375e-05,34.8298379294
2.2109375e-05,34.1694676239
2.212890625e-05,33.5211323622
2.21484375e-05,32.8848151036
2.216796875e-05,32.2604942821
2.21875e-05,31.6481438749
2.220703125e-05,31.0477334732
2.22265625e-05,30.4592283535
2.224609375e-05,29.8825895512
2.2265625e-05,29.3177739356
2.228515625e-05,28.7647342859
2.23046875e-05,28.2234193687
2.232421875e-05,27.6937740168
2.234375e-05,27.1757392092
2.236328125e-05,26.6692521518
2.23828125e-05,26.1742463596
2.240234375e-05,25.6906517391
2.2421875e-05,25.2183946727
2.244140625e-05,24.7573981026
2.24609375e-05,24.3075816163
2.248046875e-05,23.8688615324
2.25e-05,23.4411509868
2.251953125e-05,23.0243600199
2.25390625e-05,22.6183956635
2.255859375e-05,22.223162029
2.2578125e-05,21.8385603948
2.259765625e-05,21.464489295
2.26171875e-05,21.1008446072
2.263671875e-05,20.7475196416
2.265625e-05,20.404405229
2.267578125e-05,20.0713898093
2.26953125e-05,19.7483595201
2.271484375e-05,19.4351982849
2.2734375e-05,19.1317879009
2.275390625e-05,18.8380081272
2.27734375e-05,18.5537367718
2.279296875e-05,18.2788497794
2.28125e-05,18.0132213173
2.283203125e-05,17.7567238624
2.28515625e-05,17.5092282866
2.287109375e-05,17.270603942
2.2890625e-05,17.0407187458
2.291015625e-05,16.819439264
2.29296875e-05,16.6066307947
2.294921875e-05,16.4021574511
2.296875e-05,16.2058822426
2.298828125e-05,16.0176671568
2.30078125e-05,15.8373732388
2.302734375e-05,15.664860671
2.3046875e-05,15.4999888516
2.306640625e-05,15.3426164719
2.30859375e-05,15.1926015931
2.310546875e-05,15.0498017218
2.3125e-05,14.9140738845
2.314453125e-05,14.7852747013
2.31640625e-05,14.6632604583
2.318359375e-05,14.5478871794
2.3203125e-05,14.4390106959
2.322265625e-05,14.3364867166
2.32421875e-05,14.2401708953
2.326171875e-05,14.1499188979
2.328125e-05,14.0655864686
2.330078125e-05,13.987029494
2.33203125e-05,13.9141040668
2.333984375e-05,13.8466665482
2.3359375e-05,13.7845736288
2.337890625e-05,13.7276823885
2.33984375e-05,13.6758503554
2.341796875e-05,13.628935563
2.34375e-05,13.5867966065
2.345703125e-05,13.5492926979
2.34765625e-05,13.51628372
2.349609375e-05,13.4876302784
2.3515625e-05,13.4631937537
2.353515625e-05,13.442836351
2.35546875e-05,13.4264211491
2.357421875e-05,13.4138121483
2.359375e-05,13.4048743171
2.361328125e-05,13.3994736372
2.36328125e-05,13.397477148
2.365234375e-05,13.3987529895
2.3671875e-05,13.4031704441
2.369140625e-05,13.4105999774
2.37109375e-05,13.4209132777
2.373046875e-05,13.4339832944
2.375e-05,13.4496842753
2.376953125e-05,13.4678918029
2.37890625e-05,13.4884828293
2.380859375e-05,13.5113357104
2.3828125e-05,13.5363302386
2.384765625e-05,13.5633476752
2.38671875e-05,13.5922707808
2.388671875e-05,13.6229838452
2.390625e-05,13.6553727165
2.392578125e-05,13.6893248291
2.39453125e-05,13.72472923
2.396484375e-05,13.7614766055
2.3984375e-05,13.7994593056
2.400390625e-05,13.8385713688
2.40234375e-05,13.8787085448
2.404296875e-05,13.919768317
2.40625e-05,13.9616499243
2.408203125e-05,14.0042543816
2.41015625e-05,14.0474844995
2.412109375e-05,14.0912449037
2.4140625e-05,14.1354420533
2.416015625e-05,14.1799842582
2.41796875e-05,14.2247816957
2.419921875e-05,14.2697464275
2.421875e-05,14.314792414
2.423828125e-05,14.3598355299
2.42578125e-05,14.4047935779
2.427734375e-05,14.4495863023
2.4296875e-05,14.4941354015
2.431640625e-05,14.538364541
2.43359375e-05,14.5821993643
2.435546875e-05,14.6255675043
2.4375e-05,14.6683985939
2.439453125e-05,14.7106242761
2.44140625e-05,14.7521782133
2.443359375e-05,14.7929960966
2.4453125e-05,14.8330156542
2.447265625e-05,14.8721766596
2.44921875e-05,14.9104209392
2.451171875e-05,14.9476923796
2.453125e-05,14.9839369346
2.455078125e-05,15.0191026314
2.45703125e-05,15.0531395769
2.458984375e-05,15.0859999631
2.4609375e-05,15.117638073
2.462890625e-05,15.1480102851
2.46484375e-05,15.1770750784
2.466796875e-05,15.2047930369
2.46875e-05,15.2311268532
2.470703125e-05,15.2560413331
2.47265625e-05,15.2795033983
2.474609375e-05,15.3014820902
2.4765625e-05,15.321948573
2.478515625e-05,15.3408761359
2.48046875e-05,15.3582401963
2.482421875e-05,15.3740183017
2.484375e-05,15.3881901316
2.486328125e-05,15.4007375
2.48828125e-05,15.4116443563
2.490234375e-05,15.4208967875
2.4921875e-05,15.4284830187
2.494140625e-05,15.4343934145
2.49609375e-05,15.4386204799
2.498046875e-05,15.4411588609
2.5e-05,15.4420053449
2.501953125e-05,15.4411588609
2.50390625e-05,15.4386204799
2.505859375e-05,15.4343934145
2.5078125e-05,15.4284830187
2.509765625e-05,15.4208967875
2.51171875e-05,15.4116443563
2.513671875e-05,15.4007375
2.515625e-05,15.3881901316
2.517578125e-05,15.3740183017
2.51953125e-05,15.3582401963
2.521484375e-05,15.3408761359
2.5234375e-05,15.321948573
2.525390625e-05,15.3014820902
2.52734375e-05,15.2795033983
2.529296875e-05,15.2560413331
2.53125e-05,15.2311268532
2.533203125e-05,15.2047930369
2.53515625e-05,15.1770750784
2.537109375e-05,15.1480102851
2.5390625e-05,15.117638073
2.541015625e-05,15.0859999631
2.54296875e-05,15.0531395769
2.544921875e-05,15.0191026314
2.546875e-05,14.9839369346
2.548828125e-05,14.9476923796
2.55078125e-05,14.9104209392
2.552734375e-05,14.8721766596
2.5546875e-05,14.8330156542
2.556640625e-05,14.7929960966
2.55859375e-05,14.7521782133
2.560546875e-05,14.7106242761
2.5625e-05,14.6683985939
2.564453125e-05,14.6255675043
2.56640625e-05,14.5821993643
2.568359375e-05,14.538364541
2.5703125e-05,14.4941354015
2.572265625e-05,14.4495863023
2.57421875e-05,14.4047935779
2.576171875e-05,14.3598355299
2.578125e-05,14.314792414
2.580078125e-05,14.2697464275
2.58203125e-05,14.2247816957
2.583984375e-05,14.1799842582
2.5859375e-05,14.1354420533
2.587890625e-05,14.0912449037
2.58984375e-05,14.0474844995
2.591796875e-05,14.0042543816
2.59375e-05,13.9616499243
2.595703125e-05,13.919768317
2.59765625e-05,13.8787085448
2.599609375e-05,13.8385713688
2.6015625e-05,13.7994593056
2.603515625e-05,13.7614766055
2.60546875e-05,13.72472923
2.607421875e-05,13.6893248291
2.609375e-05,13.6553727165
2.611328125e-05,13.6229838452
2.61328125e-05,13.5922707808
2.615234375e-05,13.5633476752
2.6171875e-05,13.5363302386
2.619140625e-05,13.5113357104
2.62109375e-05,13.4884828293
2.623046875e-05,13.4678918029
2.625e-05,13.4496842753
2.626953125e-05,13.4339832944
2.62890625e-05,13.4209132777
2.630859375e-05,13.4105999774
2.6328125e-05,13.4031704441
2.634765625e-05,13.3987529895
2.63671875e-05,13.397477148
2.638671875e-05,13.3994736372
2.640625e-05,13.4048743171
2.642578125e-05,13.4138121483
2.64453125e-05,13.4264211491
2.646484375e-05,13.442836351
2.6484375e-05,13.4631937537
2.650390625e-05,13.4876302784
2.65234375e-05,13.51628372
2.654296875e-05,13.5492926979
2.65625e-05,13.5867966065
2.658203125e-05,13.628935563
2.66015625e-05,13.6758503554
2.662109375e-05,13.7276823885
2.6640625e-05,13.7845736288
2.666015625e-05,13.8466665482
2.66796875e-05,13.9141040668
2.669921875e-05,13.987029494
2.671875e-05,14.0655864686
2.673828125e-05,14.1499188979
2.67578125e-05,14.2401708953
2.677734375e-05,14.3364867166
2.6796875e-05,14.4390106959
2.681640625e-05,14.5478871794
2.68359375e-05,14.6632604583
2.685546875e-05,14.7852747013
2.6875e-05,14.9140738845
2.689453125e-05,15.0498017218
2.69140625e-05,15.1926015931
2.693359375e-05,15.3426164719
2.6953125e-05,15.4999888516
2.697265625e-05,15.664860671
2.69921875e-05,15.8373732388
2.701171875e-05,16.0176671568
2.703125e-05,16.2058822426
2.705078125e-05,16.4021574511
2.70703125e-05,16.6066307947
2.708984375e-05,16.819439264
2.7109375e-05,17.0407187458
2.712890625e-05,17.270603942
2.71484375e-05,17.5092282866
2.716796875e-05,17.7567238624
2.71875e-05,18.0132213173
2.720703125e-05,18.2788497794
2.72265625e-05,18.5537367718
2.724609375e-05,18.8380081272
2.7265625e-05,19.1317879009
2.728515625e-05,19.4351982849
2.73046875e-05,19.7483595201
2.732421875e-05,20.0713898093
2.734375e-05,20.404405229
2.736328125e-05,20.7475196416
2.73828125e-05,21.1008446072
2.740234375e-05,21.464489295
2.7421875e-05,21.8385603948
2.744140625e-05,22.223162029
2.74609375e-05,22.6183956635
2.748046875e-05,23.0243600199
2.75e-05,23.4411509868
2.751953125e-05,23.8688615324
2.75390625e-05,24.3075816163
2.755859375e-05,24.7573981026
2.7578125e-05,25.2183946727
2.759765625e-05,25.6906517391
2.76171875e-05,26.1742463596
2.763671875e-05,26.6692521518
2.765625e-05,27.1757392092
2.767578125e-05,27.6937740168
2.76953125e-05,28.2234193687
2.771484375e-05,28.7647342859
2.7734375e-05,29.3177739356
2.775390625e-05,29.8825895512
2.77734375e-05,30.4592283535
2.779296875e-05,31.0477334732
2.78125e-05,31.6481438749
2.783203125e-05,32.2604942821
2.78515625e-05,32.8848151036
2.787109375e-05,33.5211323622
2.7890625e-05,34.1694676239
2.791015625e-05,34.8298379294
2.79296875e-05,35.5022557278
2.794921875e-05,36.1867288107
2.796875e-05,36.8832602498
2.798828125e-05,37.5918483356
2.80078125e-05,38.3124865182
2.802734375e-05,39.0451633503
2.8046875e-05,39.7898624329
2.806640625e-05,40.5465623622
2.80859375e-05,41.31523668
2.810546875e-05,42.0958538258
2.8125e-05,42.8883770912
2.814453125e-05,43.6927645781
2.81640625e-05,44.5089691576
2.818359375e-05,45.3369384335
2.8203125e-05,46.1766147071
2.822265625e-05,47.0279349455
2.82421875e-05,47.8908307531
2.826171875e-05,48.765228345
2.828125e-05,49.6510485242
2.830078125e-05,50.5482066618
2.83203125e-05,51.4566126798
2.833984375e-05,52.3761710379
2.8359375e-05,53.3067807225
2.837890625e-05,54.2483352396
2.83984375e-05,55.2007226108
2.841796875e-05,56.163825373
2.84375e-05,57.1375205807
2.845703125e-05,58.1216798125
2.84765625e-05,59.1161691806
2.849609375e-05,60.120849344
2.8515625e-05,61.135575525
2.853515625e-05,62.1601975297
2.85546875e-05,63.1945597712
2.857421875e-05,64.2385012978
2.859375e-05,65.2918558231
2.861328125e-05,66.3544517611
2.86328125e-05,67.4261122643
2.865234375e-05,68.5066552655
2.8671875e-05,69.5958935236
2.869140625e-05,70.6936346724
2.87109375e-05,71.7996812737
2.873046875e-05,72.9138308738
2.875e-05,74.0358760635
2.876953125e-05,75.1656045421
2.87890625e-05,76.3027991846
2.880859375e-05,77.4472381128
2.8828125e-05,78.59869477
2.884765625e-05,79.756937999
2.88671875e-05,80.9217321237
2.888671875e-05,82.0928370345
2.890625e-05,83.2700082771
2.892578125e-05,84.452997144
2.89453125e-05,85.6415507706
2.896484375e-05,86.8354122338
2.8984375e-05,88.0343206537
2.900390625e-05,89.2380112998
2.90234375e-05,90.4462156988
2.904296875e-05,91.6586617463
2.90625e-05,92.8750738222
2.908203125e-05,94.0951729077
2.91015625e-05,95.3186767061
2.912109375e-05,96.5452997668
2.9140625e-05,97.7747536111
2.916015625e-05,99.0067468612
2.91796875e-05,100.240985372
2.919921875e-05,101.477172366
2.921875e-05,102.715008568
2.923828125e-05,103.954192347
2.92578125e-05,105.194419854
2.927734375e-05,106.435385167
2.9296875e-05,107.67678044
2.931640625e-05,108.918296044
2.93359375e-05,110.15962072
2.935546875e-05,111.400441732
2.9375e-05,112.640445015
2.939453125e-05,113.879315334
2.94140625e-05,115.116736436
2.943359375e-05,116.35239121
2.9453125e-05,117.585961846
2.947265625e-05,118.817129989
2.94921875e-05,120.045576905
2.951171875e-05,121.270983643
2.953125e-05,122.49303119
2.955078125e-05,123.711400641
2.95703125e-05,124.925773359
2.958984375e-05,126.135831138
2.9609375e-05,127.341256369
2.962890625e-05,128.5417322
2.96484375e-05,129.736942705
2.966796875e-05,130.926573043
2.96875e-05,132.110309624
2.970703125e-05,133.287840273
2.97265625e-05,134.458854388
2.974609375e-05,135.623043109
2.9765625e-05,136.780099471
2.978515625e-05,137.929718571
2.98046875e-05,139.071597725
2.982421875e-05,140.205436623
2.984375e-05,141.330937492
2.986328125e-05,142.447805244
2.98828125e-05,143.555747637
2.990234375e-05,144.654475422
2.9921875e-05,145.743702497
2.994140625e-05,146.823146053
2.99609375e-05,147.892526723
2.998046875e-05,148.951568723
3e-05,150
3.001953125e-05,151.037552366
3.00390625e-05,152.063961638
3.005859375e-05,153.078967775
3.0078125e-05,154.082315007
3.009765625e-05,155.073751967
3.01171875e-05,156.053031816
3.013671875e-05,157.019912368
3.015625e-05,157.974156211
3.017578125e-05,158.915530823
3.01953125e-05,159.843808688
3.021484375e-05,160.758767407
3.0234375e-05,161.660189804
3.025390625e-05,162.547864033
3.02734375e-05,163.421583678
3.029296875e-05,164.281147848
3.03125e-05,165.126361271
3.033203125e-05,165.957034389
3.03515625e-05,166.772983435
3.037109375e-05,167.574030523
3.0390625e-05,168.360003721
3.041015625e-05,169.130737129
3.04296875e-05,169.886070946
3.044921875e-05,170.625851537
3.046875e-05,171.349931498
3.048828125e-05,172.058169711
3.05078125e-05,172.750431396
3.052734375e-05,173.426588165
3.0546875e-05,174.086518067
3.056640625e-05,174.730105625
3.05859375e-05,175.357241878
3.060546875e-05,175.967824411
3.0625e-05,176.561757383
3.064453125e-05,177.138951553
3.06640625e-05,177.6993243
3.068359375e-05,178.242799639
3.0703125e-05,178.769308229
3.072265625e-05,179.278787386
3.07421875e-05,179.771181082
3.076171875e-05,180.246439944
3.078125e-05,180.704521253
3.080078125e-05,181.145388929
3.08203125e-05,181.56901352
3.083984375e-05,181.975372188
3.0859375e-05,182.364448681
3.087890625e-05,182.736233312
3.08984375e-05,183.090722928
3.091796875e-05,183.427920878
3.09375e-05,183.747836973
3.095703125e-05,184.050487448
3.09765625e-05,184.335894917
3.099609375e-05,184.604088323
3.1015625e-05,184.855102886
3.103515625e-05,185.088980051
3.10546875e-05,185.305767426
3.107421875e-05,185.505518719
3.109375e-05,185.688293675
3.111328125e-05,185.854158006
3.11328125e-05,186.00318332
3.115234375e-05,186.135447044
3.1171875e-05,186.251032347
3.119140625e-05,186.350028059
3.12109375e-05,186.432528588
3.123046875e-05,186.498633833
3.125e-05,186.548449095
3.126953125e-05,186.582084984
3.12890625e-05,186.599657327
3.130859375e-05,186.601287072
3.1328125e-05,186.587100185
3.134765625e-05,186.557227554
3.13671875e-05,186.511804886
3.138671875e-05,186.450972597
3.140625e-05,186.374875711
3.142578125e-05,186.28366375
3.14453125e-05,186.17749062
3.146484375e-05,186.056514507
3.1484375e-05,185.920897757
3.150390625e-05,185.770806763
3.15234375e-05,185.606411853
3.154296875e-05,185.427887169
3.15625e-05,185.23541055
3.158203125e-05,185.029163417
3.16015625e-05,184.809330646
3.162109375e-05,184.576100455
3.1640625e-05,184.329664279
3.166015625e-05,184.070216648
3.16796875e-05,183.79795507
3.169921875e-05,183.513079901
3.171875e-05,183.215794228
3.173828125e-05,182.906303747
3.17578125e-05,182.584816634
3.177734375e-05,182.251543431
3.1796875e-05,181.906696916
3.181640625e-05,181.550491985
3.18359375e-05,181.183145527
3.185546875e-05,180.804876305
3.1875e-05,180.415904836
3.189453125e-05,180.016453267
3.19140625e-05,179.606745255
3.193359375e-05,179.187005852
3.1953125e-05,178.757461385
3.197265625e-05,178.318339335
3.19921875e-05,177.869868228
3.201171875e-05,177.412277512
3.203125e-05,176.945797448
3.205078125e-05,176.470658995
3.20703125e-05,175.987093698
3.208984375e-05,175.49533358
3.2109375e-05,174.99561103
3.212890625e-05,174.488158696
3.21484375e-05,173.973209383
3.216796875e-05,173.450995942
3.21875e-05,172.921751171
3.220703125e-05,172.385707716
3.22265625e-05,171.843097967
3.224609375e-05,171.294153963
3.2265625e-05,170.739107295
3.228515625e-05,170.178189012
3.23046875e-05,169.611629533
3.232421875e-05,169.03965855
3.234375e-05,168.462504944
3.236328125e-05,167.8803967
3.23828125e-05,167.29356082
3.240234375e-05,166.702223243
3.2421875e-05,166.106608762
3.244140625e-05,165.50694095
3.24609375e-05,164.903442085
3.248046875e-05,164.29633307
3.25e-05,163.685833369
3.251953125e-05,163.072160934
3.25390625e-05,162.455532138
3.255859375e-05,161.836161714
3.2578125e-05,161.214262685
3.259765625e-05,160.590046313
3.26171875e-05,159.963722033
3.263671875e-05,159.335497403
3.265625e-05,158.705578045
3.267578125e-05,158.074167601
3.26953125e-05,157.441467674
3.271484375e-05,156.807677791
3.2734375e-05,156.172995352
3.275390625e-05,155.537615588
3.27734375e-05,154.901731526
3.279296875e-05,154.265533942
3.28125e-05,153.629211333
3.283203125e-05,152.992949881
3.28515625e-05,152.356933418
3.287109375e-05,151.7213434
3.2890625e-05,151.086358878
3.291015625e-05,150.452156474
3.29296875e-05,149.818910356
3.294921875e-05,149.186792218
3.296875e-05,148.55597126
3.298828125e-05,147.926614168
3.30078125e-05,147.298885106
3.302734375e-05,146.672945692
3.3046875e-05,146.048954997
3.306640625e-05,145.427069528
3.30859375e-05,144.807443221
3.310546875e-05,144.190227439
3.3125e-05,143.57557096
3.314453125e-05,142.963619983
3.31640625e-05,142.354518121
3.318359375e-05,141.748406402
3.3203125e-05,141.145423274
3.322265625e-05,140.545704606
3.32421875e-05,139.949383695
3.326171875e-05,139.35659127
3.328125e-05,138.767455504
3.330078125e-05,138.18210202
3.33203125e-05,137.600653906
3.333984375e-05,137.023231723
3.3359375e-05,136.449953518
3.337890625e-05,135.880934846
3.33984375e-05,135.316288777
3.341796875e-05,134.756125919
3.34375e-05,134.200554433
3.345703125e-05,133.649680055
3.34765625e-05,133.103606112
3.349609375e-05,132.56243355
3.3515625e-05,132.026260951
3.353515625e-05,131.495184556
3.35546875e-05,130.969298292
3.357421875e-05,130.448693796
3.359375e-05,129.933460439
3.361328125e-05,129.423685354
3.36328125e-05,128.919453462
3.365234375e-05,128.420847501
3.3671875e-05,127.927948052
3.369140625e-05,127.44083357
3.37109375e-05,126.959580414
3.373046875e-05,126.484262875
3.375e-05,126.014953205
3.376953125e-05,125.551721653
3.37890625e-05,125.094636491
3.380859375e-05,124.643764048
3.3828125e-05,124.199168742
3.384765625e-05,123.760913109
3.38671875e-05,123.329057841
3.388671875e-05,122.903661811
3.390625e-05,122.484782112
3.392578125e-05,122.072474088
3.39453125e-05,121.666791365
3.396484375e-05,121.267785884
3.3984375e-05,120.875507937
3.400390625e-05,120.490006196
3.40234375e-05,120.111327749
3.404296875e-05,119.739518129
3.40625e-05,119.37462135
3.408203125e-05,119.016679939
3.41015625e-05,118.665734967
3.412109375e-05,118.321826081
3.4140625e-05,117.984991535
3.416015625e-05,117.655268226
3.41796875e-05,117.332691721
3.419921875e-05,117.017296287
3.421875e-05,116.709114926
3.423828125e-05,116.408179401
3.42578125e-05,116.114520271
3.427734375e-05,115.828166914
3.4296875e-05,115.549147559
3.431640625e-05,115.277489317
3.43359375e-05,115.013218203
3.435546875e-05,114.756359171
3.4375e-05,114.506936134
3.439453125e-05,114.264971993
3.44140625e-05,114.030488666
3.443359375e-05,113.803507107
3.4453125e-05,113.584047337
3.447265625e-05,113.372128462
3.44921875e-05,113.167768702
3.451171875e-05,112.970985407
3.453125e-05,112.781795086
3.455078125e-05,112.600213425
3.45703125e-05,112.426255305
3.458984375e-05,112.259934827
3.4609375e-05,112.101265327
3.462890625e-05,111.950259395
3.46484375e-05,111.806928896
3.466796875e-05,111.671284982
3.46875e-05,111.54333811
3.470703125e-05,111.423098058
3.47265625e-05,111.310573938
3.474609375e-05,111.20577421
3.4765625e-05,111.108706696
3.478515625e-05,111.019378589
3.48046875e-05,110.937796467
3.482421875e-05,110.8639663
3.484375e-05,110.797893463
3.486328125e-05,110.739582742
3.48828125e-05,110.689038342
3.490234375e-05,110.646263894
3.4921875e-05,110.611262459
3.494140625e-05,110.584036537
3.49609375e-05,110.564588068
3.498046875e-05,110.552918434
3.5e-05,110.549028463
3.501953125e-05,110.552918434
3.50390625e-05,110.564588068
3.505859375e-05,110.584036537
3.5078125e-05,110.611262459
3.509765625e-05,110.646263894
3.51171875e-05,110.689038342
3.513671875e-05,110.739582742
3.515625e-05,110.797893463
3.517578125e-05,110.8639663
3.51953125e-05,110.937796467
3.521484375e-05,111.019378589
3.5234375e-05,111.108706696
3.525390625e-05,111.20577421
3.52734375e-05,111.310573938
3.529296875e-05,111.423098058
3.53125e-05,111.54333811
3.533203125e-05,111.671284982
3.53515625e-05,111.806928896
3.537109375e-05,111.950259395
3.5390625e-05,112.101265327
3.541015625e-05,112.259934827
3.54296875e-05,112.426255305
3.544921875e-05,112.600213425
3.546875e-05,112.781795086
3.548828125e-05,112.970985407
3.55078125e-05,113.167768702
3.552734375e-05,113.372128462
3.5546875e-05,113.584047337
3.556640625e-05,113.803507107
3.55859375e-05,114.030488666
3.560546875e-05,114.264971993
3.5625e-05,114.506936134
3.564453125e-05,114.756359171
3.56640625e-05,115.013218203
3.568359375e-05,115.277489317
3.5703125e-05,115.549147559
3.572265625e-05,115.828166914
3.57421875e-05,116.114520271
3.576171875e-05,116.408179401
3.578125e-05,116.709114926
3.580078125e-05,117.017296287
3.58203125e-05,117.332691721
3.583984375e-05,117.655268226
3.5859375e-05,117.984991535
3.587890625e-05,118.321826081
3.58984375e-05,118.665734967
3.591796875e-05,119.016679939
3.59375e-05,119.37462135
3.595703125e-05,119.739518129
3.59765625e-05,120.111327749
3.599609375e-05,120.490006196
3.6015625e-05,120.875507937
3.603515625e-05,121.267785884
3.60546875e-05,121.666791365
3.607421875e-05,122.072474088
3.609375e-05,122.484782112
3.611328125e-05,122.903661811
3.61328125e-05,123.329057841
3.615234375e-05,123.760913109
3.6171875e-05,124.199168742
3.619140625e-05,124.643764048
3.62109375e-05,125.094636491
3.623046875e-05,125.551721653
3.625e-05,126.014953205
3.626953125e-05,126.484262875
3.62890625e-05,126.959580414
3.630859375e-05,127.44083357
3.6328125e-05,127.927948052
3.634765625e-05,128.420847501
3.63671875e-05,128.919453462
3.638671875e-05,129.423685354
3.640625e-05,129.933460439
3.642578125e-05,130.448693796
3.64453125e-05,130.969298292
3.646484375e-05,131.495184556
3.6484375e-05,132.026260951
3.650390625e-05,132.56243355
3.65234375e-05,133.103606112
3.654296875e-05,133.649680055
3.65625e-05,134.200554433
3.658203125e-05,134.756125919
3.66015625e-05,135.316288777
3.662109375e-05,135.880934846
3.6640625e-05,136.449953518
3.666015625e-05,137.023231723
3.66796875e-05,137.600653906
3.669921875e-05,138.18210202
3.671875e-05,138.767455504
3.673828125e-05,139.35659127
3.67578125e-05,139.949383695
3.677734375e-05,140.545704606
3.6796875e-05,141.145423274
3.681640625e-05,141.748406402
3.68359375e-05,142.354518121
3.685546875e-05,142.963619983
3.6875e-05,143.57557096
3.689453125e-05,144.190227439
3.69140625e-05,144.807443221
3.693359375e-05,145.427069528
3.6953125e-05,146.048954997
3.697265625e-05,146.672945692
3.69921875e-05,147.298885106
3.701171875e-05,147.926614168
3.703125e-05,148.55597126
3.705078125e-05,149.186792218
3.70703125e-05,149.818910356
3.708984375e-05,150.452156474
3.7109375e-05,151.086358878
3.712890625e-05,151.7213434
3.71484375e-05,152.356933418
3.716796875e-05,152.992949881
3.71875e-05,153.629211333
3.720703125e-05,154.265533942
3.72265625e-05,154.901731526
3.724609375e-05,155.537615588
3.7265625e-05,156.172995352
3.728515625e-05,156.807677791
3.73046875e-05,157.441467674
3.732421875e-05,158.074167601
3.734375e-05,158.705578045
3.736328125e-05,159.335497403
3.73828125e-05,159.963722033
3.740234375e-05,160.590046313
3.7421875e-05,161.214262685
3.744140625e-05,161.836161714
3.74609375e-05,162.455532138
3.748046875e-05,163.072160934
3.75e-05,163.685833369
3.751953125e-05,164.29633307
3.75390625e-05,164.903442085
3.755859375e-05,165.50694095
3.7578125e-05,166.106608762
3.759765625e-05,166.702223243
3.76171875e-05,167.29356082
3.763671875e-05,167.8803967
3.765625e-05,168.462504944
3.767578125e-05,169.03965855
3.76953125e-05,169.611629533
3.771484375e-05,170.178189012
3.7734375e-05,170.739107295
3.775390625e-05,171.294153963
3.77734375e-05,171.843097967
3.779296875e-05,172.385707716
3.78125e-05,172.921751171
3.783203125e-05,173.450995942
3.78515625e-05,173.973209383
3.787109375e-05,174.488158696
3.7890625e-05,174.99561103
3.791015625e-05,175.49533358
3.79296875e-05,175.987093698
3.794921875e-05,176.470658995
3.796875e-05,176.945797448
3.798828125e-05,177.412277512
3.80078125e-05,177.869868228
3.802734375e-05,178.318339335
3.8046875e-05,178.757461385
3.806640625e-05,179.187005852
3.80859375e-05,179.606745255
3.810546875e-05,180.016453267
3.8125e-05,180.415904836
3.814453125e-05,180.804876305
3.81640625e-05,181.183145527
3.818359375e-05,181.550491985
3.8203125e-05,181.906696916
3.822265625e-05,182.251543431
3.82421875e-05,182.584816634
3.826171875e-05,182.906303747
3.828125e-05,183.215794228
3.830078125e-05,183.513079901
3.83203125e-05,183.79795507
3.833984375e-05,184.070216648
3.8359375e-05,184.329664279
3.837890625e-05,184.576100455
3.83984375e-05,184.809330646
3.841796875e-05,185.029163417
3.84375e-05,185.23541055
3.845703125e-05,185.427887169
3.84765625e-05,185.606411853
3.849609375e-05,185.770806763
3.8515625e-05,185.920897757
3.853515625e-05,186.056514507
3.85546875e-05,186.17749062
3.857421875e-05,186.28366375
3.859375e-05,186.374875711
3.861328125e-05,186.450972597
3.86328125e-05,186.511804886
3.865234375e-05,186.557227554
3.8671875e-05,186.587100185
3.869140625e-05,186.601287072
3.87109375e-05,186.599657327
3.873046875e-05,186.582084984
3.875e-05,186.548449095
3.876953125e-05,186.498633833
3.87890625e-05,186.432528588
3.880859375e-05,186.350028059
3.8828125e-05,186.251032347
3.884765625e-05,186.135447044
3.88671875e-05,186.00318332
3.888671875e-05,185.854158006
3.890625e-05,185.688293675
3.892578125e-05,185.505518719
3.89453125e-05,185.305767426
3.896484375e-05,185.088980051
3.8984375e-05,184.855102886
3.900390625e-05,184.604088323
3.90234375e-05,184.335894917
3.904296875e-05,184.050487448
3.90625e-05,183.747836973
3.908203125e-05,183.427920878
3.91015625e-05,183.090722928
3.912109375e-05,182.736233312
3.9140625e-05,182.364448681
3.916015625e-05,181.975372188
3.91796875e-05,181.56901352
3.919921875e-05,181.145388929
3.921875e-05,180.704521253
3.923828125e-05,180.246439944
3.92578125e-05,179.771181082
3.927734375e-05,179.278787386
3.9296875e-05,178.769308229
3.931640625e-05,178.242799639
3.93359375e-05,177.6993243
3.935546875e-05,177.138951553
3.9375e-05,176.561757383
3.939453125e-05,175.967824411
3.94140625e-05,175.357241878
3.943359375e-05,174.730105625
3.9453125e-05,174.086518067
3.947265625e-05,173.426588165
3.94921875e-05,172.750431396
3.951171875e-05,172.058169711
3.953125e-05,171.349931498
3.955078125e-05,170.625851537
3.95703125e-05,169.886070946
3.958984375e-05,169.130737129
3.9609375e-05,168.360003721
3.962890625e-05,167.574030523
3.96484375e-05,166.772983435
3.966796875e-05,165.957034389
3.96875e-05,165.126361271
3.970703125e-05,164.281147848
3.97265625e-05,163.421583678
3.974609375e-05,162.547864033
3.9765625e-05,161.660189804
3.978515625e-05,160.758767407
3.98046875e-05,159.843808688
3.982421875e-05,158.915530823
3.984375e-05,157.974156211
3.986328125e-05,157.019912368
3.98828125e-05,156.053031816
3.990234375e-05,155.073751967
3.9921875e-05,154.082315007
3.994140625e-05,153.078967775
3.99609375e-05,152.063961638
3.998046875e-05,151.037552366
4e-05,150
4.001953125e-05,148.951568723
4.00390625e-05,147.892526723
4.005859375e-05,146.823146053
4.0078125e-05,145.743702497
4.009765625e-05,144.654475422
4.01171875e-05,143.555747637
4.013671875e-05,142.447805244
4.015625e-05,141.330937492
4.017578125e-05,140.205436623
4.01953125e-05,139.071597725
4.021484375e-05,137.929718571
4.0234375e-05,136.780099471
4.025390625e-05,135.623043109
4.02734375e-05,134.458854388
4.029296875e-05,133.287840273
4.03125e-05,132.110309624
4.033203125e-05,130.926573043
4.03515625e-05,129.736942705
4.037109375e-05,128.5417322
4.0390625e-05,127.341256369
4.041015625e-05,126.135831138
4.04296875e-05,124.925773359
4.044921875e-05,123.711400641
4.046875e-05,122.49303119
4.048828125e-05,121.270983643
4.05078125e-05,120.045576905
4.052734375e-05,118.817129989
4.0546875e-05,117.585961846
4.056640625e-05,116.35239121
4.05859375e-05,115.116736436
4.060546875e-05,113.879315334
4.0625e-05,112.640445015
4.064453125e-05,111.400441732
4.06640625e-05,110.15962072
4.068359375e-05,108.918296044
4.0703125e-05,107.67678044
4.072265625e-05,106.435385167
4.07421875e-05,105.194419854
4.076171875e-05,103.954192347
4.078125e-05,102.715008568
4.080078125e-05,101.477172366
4.08203125e-05,100.240985372
4.083984375e-05,99.0067468612
4.0859375e-05,97.7747536111
4.087890625e-05,96.5452997668
4.08984375e-05,95.3186767061
4.091796875e-05,94.0951729077
4.09375e-05,92.8750738222
4.095703125e-05,91.6586617463
4.09765625e-05,90.4462156988
4.099609375e-05,89.2380112998
4.1015625e-05,88.0343206537
4.103515625e-05,86.8354122338
4.10546875e-05,85.6415507706
4.107421875e-05,84.452997144
4.109375e-05,83.2700082771
4.111328125e-05,82.0928370345
4.11328125e-05,80.9217321237
4.115234375e-05,79.756937999
4.1171875e-05,78.59869477
4.119140625e-05,77.4472381128
4.12109375e-05,76.3027991846
4.123046875e-05,75.1656045421
4.125e-05,74.0358760635
4.126953125e-05,72.9138308738
4.12890625e-05,71.7996812737
4.130859375e-05,70.6936346724
4.1328125e-05,69.5958935236
4.134765625e-05,68.5066552655
4.13671875e-05,67.4261122643
4.138671875e-05,66.3544517611
4.140625e-05,65.2918558231
4.142578125e-05,64.2385012978
4.14453125e-05,63.1945597712
4.146484375e-05,62.1601975297
4.1484375e-05,61.135575525
4.150390625e-05,60.120849344
4.15234375e-05,59.1161691806
4.154296875e-05,58.1216798125
4.15625e-05,57.1375205807
4.158203125e-05,56.163825373
4.16015625e-05,55.2007226108
4.162109375e-05,54.2483352396
4.1640625e-05,53.3067807225
4.166015625e-05,52.3761710379
4.16796875e-05,51.4566126798
4.169921875e-05,50.5482066618
4.171875e-05,49.6510485242
4.173828125e-05,48.765228345
4.17578125e-05,47.8908307531
4.177734375e-05,47.0279349455
4.1796875e-05,46.1766147071
4.181640625e-05,45.3369384335
4.18359375e-05,44.5089691576
4.185546875e-05,43.6927645781
4.1875e-05,42.8883770912
4.189453125e-05,42.0958538258
4.19140625e-05,41.31523668
4.193359375e-05,40.5465623622
4.1953125e-05,39.7898624329
4.197265625e-05,39.0451633503
4.19921875e-05,38.3124865182
4.201171875e-05,37.5918483356
4.203125e-05,36.8832602498
4.205078125e-05,36.1867288107
4.20703125e-05,35.5022557278
4.208984375e-05,34.8298379294
4.2109375e-05,34.1694676239
4.212890625e-05,33.5211323622
4.21484375e-05,32.8848151036
4.216796875e-05,32.2604942821
4.21875e-05,31.6481438749
4.220703125e-05,31.0477334732
4.22265625e-05,30.4592283535
4.224609375e-05,29.8825895512
4.2265625e-05,29.3177739356
4.228515625e-05,28.7647342859
4.23046875e-05,28.2234193687
4.232421875e-05,27.6937740168
4.234375e-05,27.1757392092
4.236328125e-05,26.6692521518
4.23828125e-05,26.1742463596
4.240234375e-05,25.6906517391
4.2421875e-05,25.2183946727
4.244140625e-05,24.7573981026
4.24609375e-05,24.3075816163
4.248046875e-05,23.8688615324
4.25e-05,23.4411509868
4.251953125e-05,23.0243600199
4.25390625e-05,22.6183956635
4.255859375e-05,22.223162029
4.2578125e-05,21.8385603948
4.259765625e-05,21.464489295
4.26171875e-05,21.1008446072
4.263671875e-05,20.7475196416
4.265625e-05,20.404405229
4.267578125e-05,20.0713898093
4.26953125e-05,19.7483595201
4.271484375e-05,19.4351982849
4.2734375e-05,19.1317879009
4.275390625e-05,18.8380081272
4.27734375e-05,18.5537367718
4.279296875e-05,18.2788497794
4.28125e-05,18.0132213173
4.283203125e-05,17.7567238624
4.28515625e-05,17.5092282866
4.287109375e-05,17.270603942
4.2890625e-05,17.0407187458
4.291015625e-05,16.819439264
4.29296875e-05,16.6066307947
4.294921875e-05,16.4021574511
4.296875e-05,16.2058822426
4.298828125e-05,16.0176671568
4.30078125e-05,15.8373732388
4.302734375e-05,15.664860671
4.3046875e-05,15.4999888516
4.306640625e-05,15.3426164719
4.30859375e-05,15.1926015931
4.310546875e-05,15.0498017218
4.3125e-05,14.9140738845
4.314453125e-05,14.7852747013
4.31640625e-05,14.6632604583
4.318359375e-05,14.5478871794
4.3203125e-05,14.4390106959
4.322265625e-05,14.3364867166
4.32421875e-05,14.2401708953
4.326171875e-05,14.1499188979
4.328125e-05,14.0655864686
4.330078125e-05,13.987029494
4.33203125e-05,13.9141040668
4.333984375e-05,13.8466665482
4.3359375e-05,13.7845736288
4.337890625e-05,13.7276823885
4.33984375e-05,13.6758503554
4.341796875e-05,13.628935563
4.34375e-05,13.5867966065
4.345703125e-05,13.5492926979
4.34765625e-05,13.51628372
4.349609375e-05,13.4876302784
4.3515625e-05,13.4631937537
4.353515625e-05,13.442836351
4.35546875e-05,13.4264211491
4.357421875e-05,13.4138121483
4.359375e-05,13.4048743171
4.361328125e-05,13.3994736372
4.36328125e-05,13.397477148
4.365234375e-05,13.3987529895
4.3671875e-05,13.4031704441
4.369140625e-05,13.4105999774
4.37109375e-05,13.4209132777
4.373046875e-05,13.4339832944
4.375e-05,13.4496842753
4.376953125e-05,13.4678918029
4.37890625e-05,13.4884828293
4.380859375e-05,13.5113357104
4.3828125e-05,13.5363302386
4.384765625e-05,13.5633476752
4.38671875e-05,13.5922707808
4.388671875e-05,13.6229838452
4.390625e-05,13.6553727165
4.392578125e-05,13.6893248291
4.39453125e-05,13.72472923
4.396484375e-05,13.7614766055
4.3984375e-05,13.7994593056
4.400390625e-05,13.8385713688
4.40234375e-05,13.8787085448
4.404296875e-05,13.919768317
4.40625e-05,13.9616499243
4.408203125e-05,14.0042543816
4.41015625e-05,14.0474844995
4.412109375e-05,14.0912449037
4.4140625e-05,14.1354420533
4.416015625e-05,14.1799842582
4.41796875e-05,14.2247816957
4.419921875e-05,14.2697464275
4.421875e-05,14.314792414
4.423828125e-05,14.3598355299
4.42578125e-05,14.4047935779
4.427734375e-05,14.4495863023
4.4296875e-05,14.4941354015
4.431640625e-05,14.538364541
4.43359375e-05,14.5821993643
4.435546875e-05,14.6255675043
4.4375e-05,14.6683985939
4.439453125e-05,14.7106242761
4.44140625e-05,14.7521782133
4.443359375e-05,14.7929960966
4.4453125e-05,14.8330156542
4.447265625e-05,14.8721766596
4.44921875e-05,14.9104209392
4.451171875e-05,14.9476923796
4.453125e-05,14.9839369346
4.455078125e-05,15.0191026314
4.45703125e-05,15.0531395769
4.458984375e-05,15.0859999631
4.4609375e-05,15.117638073
4.462890625e-05,15.1480102851
4.46484375e-05,15.1770750784
4.466796875e-05,15.2047930369
4.46875e-05,15.2311268532
4.470703125e-05,15.2560413331
4.47265625e-05,15.2795033983
4.474609375e-05,15.3014820902
4.4765625e-05,15.321948573
4.478515625e-05,15.3408761359
4.48046875e-05,15.3582401963
4.482421875e-05,15.3740183017
4.484375e-05,15.3881901316
4.486328125e-05,15.4007375
4.48828125e-05,15.4116443563
4.490234375e-05,15.4208967875
4.4921875e-05,15.4284830187
4.494140625e-05,15.4343934145
4.49609375e-05,15.4386204799
4.498046875e-05,15.4411588609
4.5e-05,15.4420053449
4.501953125e-05,15.4411588609
4.50390625e-05,15.4386204799
4.505859375e-05,15.4343934145
4.5078125e-05,15.4284830187
4.509765625e-05,15.4208967875
4.51171875e-05,15.4116443563
4.513671875e-05,15.4007375
4.515625e-05,15.3881901316
4.517578125e-05,15.3740183017
4.51953125e-05,15.3582401963
4.521484375e-05,15.3408761359
4.5234375e-05,15.321948573
4.525390625e-05,15.3014820902
4.52734375e-05,15.2795033983
4.529296875e-05,15.2560413331
4.53125e-05,15.2311268532
4.533203125e-05,15.2047930369
4.53515625e-05,15.1770750784
4.537109375e-05,15.1480102851
4.5390625e-05,15.117638073
4.541015625e-05,15.0859999631
4.54296875e-05,15.0531395769
4.544921875e-05,15.0191026314
4.546875e-05,14.9839369346
4.548828125e-05,14.9476923796
4.55078125e-05,14.9104209392
4.552734375e-05,14.8721766596
4.5546875e-05,14.8330156542
4.556640625e-05,14.7929960966
4.55859375e-05,14.7521782133
4.560546875e-05,14.7106242761
4.5625e-05,14.6683985939
4.564453125e-05,14.6255675043
4.56640625e-05,14.5821993643
4.568359375e-05,14.538364541
4.5703125e-05,14.4941354015
4.572265625e-05,14.4495863023
4.57421875e-05,14.4047935779
4.576171875e-05,14.3598355299
4.578125e-05,14.314792414
4.580078125e-05,14.2697464275
4.58203125e-05,14.2247816957
4.583984375e-05,14.1799842582
4.5859375e-05,14.1354420533
4.587890625e-05,14.0912449037
4.58984375e-05,14.0474844995
4.591796875e-05,14.0042543816
4.59375e-05,13.9616499243
4.595703125e-05,13.919768317
4.59765625e-05,13.8787085448
4.599609375e-05,13.8385713688
4.6015625e-05,13.7994593056
4.603515625e-05,13.7614766055
4.60546875e-05,13.72472923
4.607421875e-05,13.6893248291
4.609375e-05,13.6553727165
4.611328125e-05,13.6229838452
4.61328125e-05,13.5922707808
4.615234375e-05,13.5633476752
4.6171875e-05,13.5363302386
4.619140625e-05,13.5113357104
4.62109375e-05,13.4884828293
4.623046875e-05,13.4678918029
4.625e-05,13.4496842753
4.626953125e-05,13.4339832944
4.62890625e-05,13.4209132777
4.630859375e-05,13.4105999774
4.6328125e-05,13.4031704441
4.634765625e-05,13.3987529895
4.63671875e-05,13.397477148
4.638671875e-05,13.3994736372
4.640625e-05,13.4048743171
4.642578125e-05,13.4138121483
4.64453125e-05,13.4264211491
4.646484375e-05,13.442836351
4.6484375e-05,13.4631937537
4.650390625e-05,13.4876302784
4.65234375e-05,13.51628372
4.654296875e-05,13.5492926979
4.65625e-05,13.5867966065
4.658203125e-05,13.628935563
4.66015625e-05,13.6758503554
4.662109375e-05,13.7276823885
4.6640625e-05,13.7845736288
4.666015625e-05,13.8466665482
4.66796875e-05,13.9141040668
4.669921875e-05,13.987029494
4.671875e-05,14.0655864686
4.673828125e-05,14.1499188979
4.67578125e-05,14.2401708953
4.677734375e-05,14.3364867166
4.6796875e-05,14.4390106959
4.681640625e-05,14.5478871794
4.68359375e-05,14.6632604583
4.685546875e-05,14.7852747013
4.6875e-05,14.9140738845
4.689453125e-05,15.0498017218
4.69140625e-05,15.1926015931
4.693359375e-05,15.3426164719
4.6953125e-05,15.4999888516
4.697265625e-05,15.664860671
4.69921875e-05,15.8373732388
4.701171875e-05,16.0176671568
4.703125e-05,16.2058822426
4.705078125e-05,16.4021574511
4.70703125e-05,16.6066307947
4.708984375e-05,16.819439264
4.7109375e-05,17.0407187458
4.712890625e-05,17.270603942
4.71484375e-05,17.5092282866
4.716796875e-05,17.7567238624
4.71875e-05,18.0132213173
4.720703125e-05,18.2788497794
4.72265625e-05,18.5537367718
4.724609375e-05,18.8380081272
4.7265625e-05,19.1317879009
4.728515625e-05,19.4351982849
4.73046875e-05,19.7483595201
4.732421875e-05,20.0713898093
4.734375e-05,20.404405229
4.736328125e-05,20.7475196416
4.73828125e-05,21.1008446072
4.740234375e-05,21.464489295
4.7421875e-05,21.8385603948
4.744140625e-05,22.223162029
4.74609375e-05,22.6183956635
4.748046875e-05,23.0243600199
4.75e-05,23.4411509868
4.751953125e-05,23.8688615324
4.75390625e-05,24.3075816163
4.755859375e-05,24.7573981026
4.7578125e-05,25.2183946727
4.759765625e-05,25.6906517391
4.76171875e-05,26.1742463596
4.763671875e-05,26.6692521518
4.765625e-05,27.1757392092
4.767578125e-05,27.6937740168
4.76953125e-05,28.2234193687
4.771484375e-05,28.7647342859
4.7734375e-05,29.3177739356
4.775390625e-05,29.8825895512
4.77734375e-05,30.4592283535
4.779296875e-05,31.0477334732
4.78125e-05,31.6481438749
4.783203125e-05,32.2604942821
4.78515625e-05,32.8848151036
4.787109375e-05,33.5211323622
4.7890625e-05,34.1694676239
4.791015625e-05,34.8298379294
4.79296875e-05,35.5022557278
4.794921875e-05,36.1867288107
4.796875e-05,36.8832602498
4.798828125e-05,37.5918483356
4.80078125e-05,38.3124865182
4.802734375e-05,39.0451633503
4.8046875e-05,39.7898624329
4.806640625e-05,40.5465623622
4.80859375e-05,41.31523668
4.810546875e-05,42.0958538258
4.8125e-05,42.8883770912
4.814453125e-05,43.6927645781
4.81640625e-05,44.5089691576
4.818359375e-05,45.3369384335
4.8203125e-05,46.1766147071
4.822265625e-05,47.0279349455
4.82421875e-05,47.8908307531
4.826171875e-05,48.765228345
4.828125e-05,49.6510485242
4.830078125e-05,50.5482066618
4.83203125e-05,51.4566126798
4.833984375e-05,52.3761710379
4.8359375e-05,53.3067807225
4.837890625e-05,54.2483352396
4.83984375e-05,55.2007226108
4.841796875e-05,56.163825373
4.84375e-05,57.1375205807
4.845703125e-05,58.1216798125
4.84765625e-05,59.1161691806
4.849609375e-05,60.120849344
4.8515625e-05,61.135575525
4.853515625e-05,62.1601975297
4.85546875e-05,63.1945597712
4.857421875e-05,64.2385012978
4.859375e-05,65.2918558231
4.861328125e-05,66.3544517611
4.86328125e-05,67.4261122643
4.865234375e-05,68.5066552655
4.8671875e-05,69.5958935236
4.869140625e-05,70.6936346724
4.87109375e-05,71.7996812737
4.873046875e-05,72.9138308738
4.875e-05,74.0358760635
4.876953125e-05,75.1656045421
4.87890625e-05,76.3027991846
4.880859375e-05,77.4472381128
4.8828125e-05,78.59869477
4.884765625e-05,79.756937999
4.88671875e-05,80.9217321237
4.888671875e-05,82.0928370345
4.890625e-05,83.2700082771
4.892578125e-05,84.452997144
4.89453125e-05,85.6415507706
4.896484375e-05,86.8354122338
4.8984375e-05,88.0343206537
4.900390625e-05,89.2380112998
4.90234375e-05,90.4462156988
4.904296875e-05,91.6586617463
4.90625e-05,92.8750738222
4.908203125e-05,94.0951729077
4.91015625e-05,95.3186767061
4.912109375e-05,96.5452997668
4.9140625e-05,97.7747536111
4.916015625e-05,99.0067468612
4.91796875e-05,100.240985372
4.919921875e-05,101.477172366
4.921875e-05,102.715008568
4.923828125e-05,103.954192347
4.92578125e-05,105.194419854
4.927734375e-05,106.435385167
4.9296875e-05,107.67678044
4.931640625e-05,108.918296044
4.93359375e-05,110.15962072
4.935546875e-05,111.400441732
4.9375e-05,112.640445015
4.939453125e-05,113.879315334
4.94140625e-05,115.116736436
4.943359375e-05,116.35239121
4.9453125e-05,117.585961846
4.947265625e-05,118.817129989
4.94921875e-05,120.045576905
4.951171875e-05,121.270983643
4.953125e-05,122.49303119
4.955078125e-05,123.711400641
4.95703125e-05,124.925773359
4.958984375e-05,126.135831138
4.9609375e-05,127.341256369
4.962890625e-05,128.5417322
4.96484375e-05,129.736942705
4.966796875e-05,130.926573043
4.96875e-05,132.110309624
4.970703125e-05,133.287840273
4.97265625e-05,134.458854388
4.974609375e-05,135.623043109
4.9765625e-05,136.780099471
4.978515625e-05,137.929718571
4.98046875e-05,139.071597725
4.982421875e-05,140.205436623
4.984375e-05,141.330937492
4.986328125e-05,142.447805244
4.98828125e-05,143.555747637
4.990234375e-05,144.654475422
4.9921875e-05,145.743702497
4.994140625e-05,146.823146053
4.99609375e-05,147.892526723
4.998046875e-05,148.951568723
5e-05,150
5.001953125e-05,151.037552366
5.00390625e-05,152.063961638
5.005859375e-05,153.078967775
5.0078125e-05,154.082315007
5.009765625e-05,155.073751967
5.01171875e-05,156.053031816
5.013671875e-05,157.019912368
5.015625e-05,157.974156211
5.017578125e-05,158.915530823
5.01953125e-05,159.843808688
5.021484375e-05,160.758767407
5.0234375e-05,161.660189804
5.025390625e-05,162.547864033
5.02734375e-05,163.421583678
5.029296875e-05,164.281147848
5.03125e-05,165.126361271
5.033203125e-05,165.957034389
5.03515625e-05,166.772983435
5.037109375e-05,167.574030523
5.0390625e-05,168.360003721
5.041015625e-05,169.130737129
5.04296875e-05,169.886070946
5.044921875e-05,170.625851537
5.046875e-05,171.349931498
5.048828125e-05,172.058169711
5.05078125e-05,172.750431396
5.052734375e-05,173.426588165
5.0546875e-05,174.086518067
5.056640625e-05,174.730105625
5.05859375e-05,175.357241878
5.060546875e-05,175.967824411
5.0625e-05,176.561757383
5.064453125e-05,177.138951553
5.06640625e-05,177.6993243
5.068359375e-05,178.242799639
5.0703125e-05,178.769308229
5.072265625e-05,179.278787386
5.07421875e-05,179.771181082
5.076171875e-05,180.246439944
5.078125e-05,180.704521253
5.080078125e-05,181.145388929
5.08203125e-05,181.56901352
5.083984375e-05,181.975372188
5.0859375e-05,182.364448681
5.087890625e-05,182.736233312
5.08984375e-05,183.090722928
5.091796875e-05,183.427920878
5.09375e-05,183.747836973
5.095703125e-05,184.050487448
5.09765625e-05,184.335894917
5.099609375e-05,184.604088323
5.1015625e-05,184.855102886
5.103515625e-05,185.088980051
5.10546875e-05,185.305767426
5.107421875e-05,185.505518719
5.109375e-05,185.688293675
5.111328125e-05,185.854158006
5.11328125e-05,186.00318332
5.115234375e-05,186.135447044
5.1171875e-05,186.251032347
5.119140625e-05,186.350028059
5.12109375e-05,186.432528588
5.123046875e-05,186.498633833
5.125e-05,186.548449095
5.126953125e-05,186.582084984
5.12890625e-05,186.599657327
5.130859375e-05,186.601287072
5.1328125e-05,186.587100185
5.134765625e-05,186.557227554
5.13671875e-05,186.511804886
5.138671875e-05,186.450972597
5.140625e-05,186.374875711
5.142578125e-05,186.28366375
5.14453125e-05,186.17749062
5.146484375e-05,186.056514507
5.1484375e-05,185.920897757
5.150390625e-05,185.770806763
5.15234375e-05,185.606411853
5.154296875e-05,185.427887169
5.15625e-05,185.23541055
5.158203125e-05,185.029163417
5.16015625e-05,184.809330646
5.162109375e-05,184.576100455
5.1640625e-05,184.329664279
5.166015625e-05,184.070216648
5.16796875e-05,183.79795507
5.169921875e-05,183.513079901
5.171875e-05,183.215794228
5.173828125e-05,182.906303747
5.17578125e-05,182.584816634
5.177734375e-05,182.251543431
5.1796875e-05,181.906696916
5.181640625e-05,181.550491985
5.18359375e-05,181.183145527
5.185546875e-05,180.804876305
5.1875e-05,180.415904836
5.189453125e-05,180.016453267
5.19140625e-05,179.606745255
5.193359375e-05,179.187005852
5.1953125e-05,178.757461385
5.197265625e-05,178.318339335
5.19921875e-05,177.869868228
5.201171875e-05,177.412277512
5.203125e-05,176.945797448
5.205078125e-05,176.470658995
5.20703125e-05,175.987093698
5.208984375e-05,175.49533358
5.2109375e-05,174.99561103
5.212890625e-05,174.488158696
5.21484375e-05,173.973209383
5.216796875e-05,173.450995942
5.21875e-05,172.921751171
5.220703125e-05,172.385707716
5.22265625e-05,171.843097967
5.224609375e-05,171.294153963
5.2265625e-05,170.739107295
5.228515625e-05,170.178189012
5.23046875e-05,169.611629533
5.232421875e-05,169.03965855
5.234375e-05,168.462504944
5.236328125e-05,167.8803967
5.23828125e-05,167.29356082
5.240234375e-05,166.702223243
5.2421875e-05,166.106608762
5.244140625e-05,165.50694095
5.24609375e-05,164.903442085
5.248046875e-05,164.29633307
5.25e-05,163.685833369
5.251953125e-05,163.072160934
5.25390625e-05,162.455532138
5.255859375e-05,161.836161714
5.2578125e-05,161.214262685
5.259765625e-05,160.590046313
5.26171875e-05,159.963722033
5.263671875e-05,159.335497403
5.265625e-05,158.705578045
5.267578125e-05,158.074167601
5.26953125e-05,157.441467674
5.271484375e-05,156.807677791
5.2734375e-05,156.172995352
5.275390625e-05,155.537615588
5.27734375e-05,154.901731526
5.279296875e-05,154.265533942
5.28125e-05,153.629211333
5.283203125e-05,152.992949881
5.28515625e-05,152.356933418
5.287109375e-05,151.7213434
5.2890625e-05,151.086358878
5.291015625e-05,150.452156474
5.29296875e-05,149.818910356
5.294921875e-05,149.186792218
5.296875e-05,148.55597126
5.298828125e-05,147.926614168
5.30078125e-05,147.298885106
5.302734375e-05,146.672945692
5.3046875e-05,146.048954997
5.306640625e-05,145.427069528
5.30859375e-05,144.807443221
5.310546875e-05,144.190227439
5.3125e-05,143.57557096
5.314453125e-05,142.963619983
5.31640625e-05,142.354518121
5.318359375e-05,141.748406402
5.3203125e-05,141.145423274
5.322265625e-05,140.545704606
5.32421875e-05,139.949383695
5.326171875e-05,139.35659127
5.328125e-05,138.767455504
5.330078125e-05,138.18210202
5.33203125e-05,137.600653906
5.333984375e-05,137.023231723
5.3359375e-05,136.449953518
5.337890625e-05,135.880934846
5.33984375e-05,135.316288777
5.341796875e-05,134.756125919
5.34375e-05,134.200554433
5.345703125e-05,133.649680055
5.34765625e-05,133.103606112
5.349609375e-05,132.56243355
5.3515625e-05,132.026260951
5.353515625e-05,131.495184556
5.35546875e-05,130.969298292
5.357421875e-05,130.448693796
5.359375e-05,129.933460439
5.361328125e-05,129.423685354
5.36328125e-05,128.919453462
5.365234375e-05,128.420847501
5.3671875e-05,127.927948052
5.369140625e-05,127.44083357
5.37109375e-05,126.959580414
5.373046875e-05,126.484262875
5.375e-05,126.014953205
5.376953125e-05,125.551721653
5.37890625e-05,125.094636491
5.380859375e-05,124.643764048
5.3828125e-05,124.199168742
5.384765625e-05,123.760913109
5.38671875e-05,123.329057841
5.388671875e-05,122.903661811
5.390625e-05,122.484782112
5.392578125e-05,122.072474088
5.39453125e-05,121.666791365
5.396484375e-05,121.267785884
5.3984375e-05,120.875507937
5.400390625e-05,120.490006196
5.40234375e-05,120.111327749
5.404296875e-05,119.739518129
5.40625e-05,119.37462135
5.408203125e-05,119.016679939
5.41015625e-05,118.665734967
5.412109375e-05,118.321826081
5.4140625e-05,117.984991535
5.416015625e-05,117.655268226
5.41796875e-05,117.332691721
5.419921875e-05,117.017296287
5.421875e-05,116.709114926
5.423828125e-05,116.408179401
5.42578125e-05,116.114520271
5.427734375e-05,115.828166914
5.4296875e-05,115.549147559
5.431640625e-05,115.277489317
5.43359375e-05,115.013218203
5.435546875e-05,114.756359171
5.4375e-05,114.506936134
5.439453125e-05,114.264971993
5.44140625e-05,114.030488666
5.443359375e-05,113.803507107
5.4453125e-05,113.584047337
5.447265625e-05,113.372128462
5.44921875e-05,113.167768702
5.451171875e-05,112.970985407
5.453125e-05,112.781795086
5.455078125e-05,112.600213425
5.45703125e-05,112.426255305
5.458984375e-05,112.259934827
5.4609375e-05,112.101265327
5.462890625e-05,111.950259395
5.46484375e-05,111.806928896
5.466796875e-05,111.671284982
5.46875e-05,111.54333811
5.470703125e-05,111.423098058
5.47265625e-05,111.310573938
5.474609375e-05,111.20577421
5.4765625e-05,111.108706696
5.478515625e-05,111.019378589
5.48046875e-05,110.937796467
5.482421875e-05,110.8639663
5.484375e-05,110.797893463
5.486328125e-05,110.739582742
5.48828125e-05,110.689038342
5.490234375e-05,110.646263894
5.4921875e-05,110.611262459
5.494140625e-05,110.584036537
5.49609375e-05,110.564588068
5.498046875e-05,110.552918434
5.5e-05,110.549028463
5.501953125e-05,110.552918434
5.50390625e-05,110.564588068
5.505859375e-05,110.584036537
5.5078125e-05,110.611262459
5.509765625e-05,110.646263894
5.51171875e-05,110.689038342
5.513671875e-05,110.739582742
5.515625e-05,110.797893463
5.517578125e-05,110.8639663
5.51953125e-05,110.937796467
5.521484375e-05,111.019378589
5.5234375e-05,111.108706696
5.525390625e-05,111.20577421
5.52734375e-05,111.310573938
5.529296875e-05,111.423098058
5.53125e-05,111.54333811
5.533203125e-05,111.671284982
5.53515625e-05,111.806928896
5.537109375e-05,111.950259395
5.5390625e-05,112.101265327
5.541015625e-05,112.259934827
5.54296875e-05,112.426255305
5.544921875e-05,112.600213425
5.546875e-05,112.781795086
5.548828125e-05,112.970985407
5.55078125e-05,113.167768702
5.552734375e-05,113.372128462
5.5546875e-05,113.584047337
5.556640625e-05,113.803507107
5.55859375e-05,114.030488666
5.560546875e-05,114.264971993
5.5625e-05,114.506936134
5.564453125e-05,114.756359171
5.56640625e-05,115.013218203
5.568359375e-05,115.277489317
5.5703125e-05,115.549147559
5.572265625e-05,115.828166914
5.57421875e-05,116.114520271
5.576171875e-05,116.408179401
5.578125e-05,116.709114926
5.580078125e-05,117.017296287
5.58203125e-05,117.332691721
5.583984375e-05,117.655268226
5.5859375e-05,117.984991535
5.587890625e-05,118.321826081
5.58984375e-05,118.665734967
5.591796875e-05,119.016679939
5.59375e-05,119.37462135
5.595703125e-05,119.739518129
5.59765625e-05,120.111327749
5.599609375e-05,120.490006196
5.6015625e-05,120.875507937
5.603515625e-05,121.267785884
5.60546875e-05,121.666791365
5.607421875e-05,122.072474088
5.609375e-05,122.484782112
5.611328125e-05,122.903661811
5.61328125e-05,123.329057841
5.615234375e-05,123.760913109
5.6171875e-05,124.199168742
5.619140625e-05,124.643764048
5.62109375e-05,125.094636491
5.623046875e-05,125.551721653
5.625e-05,126.014953205
5.626953125e-05,126.484262875
5.62890625e-05,126.959580414
5.630859375e-05,127.44083357
5.6328125e-05,127.927948052
5.634765625e-05,128.420847501
5.63671875e-05,128.919453462
5.638671875e-05,129.423685354
5.640625e-05,129.933460439
5.642578125e-05,130.448693796
5.64453125e-05,130.969298292
5.646484375e-05,131.495184556
5.6484375e-05,132.026260951
5.650390625e-05,132.56243355
5.65234375e-05,133.103606112
5.654296875e-05,133.649680055
5.65625e-05,134.200554433
5.658203125e-05,134.756125919
5.66015625e-05,135.316288777
5.662109375e-05,135.880934846
5.6640625e-05,136.449953518
5.666015625e-05,137.023231723
5.66796875e-05,137.600653906
5.669921875e-05,138.18210202
5.671875e-05,138.767455504
5.673828125e-05,139.35659127
5.67578125e-05,139.949383695
5.677734375e-05,140.545704606
5.6796875e-05,141.145423274
5.681640625e-05,141.748406402
5.68359375e-05,142.354518121
5.685546875e-05,142.963619983
5.6875e-05,143.57557096
5.689453125e-05,144.190227439
5.69140625e-05,144.807443221
5.693359375e-05,145.427069528
5.6953125e-05,146.048954997
5.697265625e-05,146.672945692
5.69921875e-05,147.298885106
5.701171875e-05,147.926614168
5.703125e-05,148.55597126
5.705078125e-05,149.186792218
5.70703125e-05,149.818910356
5.708984375e-05,150.452156474
5.7109375e-05,151.086358878
5.712890625e-05,151.7213434
5.71484375e-05,152.356933418
5.716796875e-05,152.992949881
5.71875e-05,153.629211333
5.720703125e-05,154.265533942
5.72265625e-05,154.901731526
5.724609375e-05,155.537615588
5.7265625e-05,156.172995352
5.728515625e-05,156.807677791
5.73046875e-05,157.441467674
5.732421875e-05,158.074167601
5.734375e-05,158.705578045
5.736328125e-05,159.335497403
5.73828125e-05,159.963722033
5.740234375e-05,160.590046313
5.7421875e-05,161.214262685
5.744140625e-05,161.836161714
5.74609375e-05,162.455532138
5.748046875e-05,163.072160934
5.75e-05,163.685833369
5.751953125e-05,164.29633307
5.75390625e-05,164.903442085
5.755859375e-05,165.50694095
5.7578125e-05,166.106608762
5.759765625e-05,166.702223243
5.76171875e-05,167.29356082
5.763671875e-05,167.8803967
5.765625e-05,168.462504944
5.767578125e-05,169.03965855
5.76953125e-05,169.611629533
5.771484375e-05,170.178189012
5.7734375e-05,170.739107295
5.775390625e-05,171.294153963
5.77734375e-05,171.843097967
5.779296875e-05,172.385707716
5.78125e-05,172.921751171
5.783203125e-05,173.450995942
5.78515625e-05,173.973209383
5.787109375e-05,174.488158696
5.7890625e-05,174.99561103
5.791015625e-05,175.49533358
5.79296875e-05,175.987093698
5.794921875e-05,176.470658995
5.796875e-05,176.945797448
5.798828125e-05,177.412277512
5.80078125e-05,177.869868228
5.802734375e-05,178.318339335
5.8046875e-05,178.757461385
5.806640625e-05,179.187005852
5.80859375e-05,179.606745255
5.810546875e-05,180.016453267
5.8125e-05,180.415904836
5.814453125e-05,180.804876305
5.81640625e-05,181.183145527
5.818359375e-05,181.550491985
5.8203125e-05,181.906696916
5.822265625e-05,182.251543431
5.82421875e-05,182.584816634
5.826171875e-05,182.906303747
5.828125e-05,183.215794228
5.830078125e-05,183.513079901
5.83203125e-05,183.79795507
5.833984375e-05,184.070216648
5.8359375e-05,184.329664279
5.837890625e-05,184.576100455
5.83984375e-05,184.809330646
5.841796875e-05,185.029163417
5.84375e-05,185.23541055
5.845703125e-05,185.427887169
5.84765625e-05,185.606411853
5.849609375e-05,185.770806763
5.8515625e-05,185.920897757
5.853515625e-05,186.056514507
5.85546875e-05,186.17749062
5.857421875e-05,186.28366375
5.859375e-05,186.374875711
5.861328125e-05,186.450972597
5.86328125e-05,186.511804886
5.865234375e-05,186.557227554
5.8671875e-05,186.587100185
5.869140625e-05,186.601287072
5.87109375e-05,186.599657327
5.873046875e-05,186.582084984
5.875e-05,186.548449095
5.876953125e-05,186.498633833
5.87890625e-05,186.432528588
5.880859375e-05,186.350028059
5.8828125e-05,186.251032347
5.884765625e-05,186.135447044
5.88671875e-05,186.00318332
5.888671875e-05,185.854158006
5.890625e-05,185.688293675
5.892578125e-05,185.505518719
5.89453125e-05,185.305767426
5.896484375e-05,185.088980051
5.8984375e-05,184.855102886
5.900390625e-05,184.604088323
5.90234375e-05,184.335894917
5.904296875e-05,184.050487448
5.90625e-05,183.747836973
5.908203125e-05,183.427920878
5.91015625e-05,183.090722928
5.912109375e-05,182.736233312
5.9140625e-05,182.364448681
5.916015625e-05,181.975372188
5.91796875e-05,181.56901352
5.919921875e-05,181.145388929
5.921875e-05,180.704521253
5.923828125e-05,180.246439944
5.92578125e-05,179.771181082
5.927734375e-05,179.278787386
5.9296875e-05,178.769308229
5.931640625e-05,178.242799639
5.93359375e-05,177.6993243
5.935546875e-05,177.138951553
5.9375e-05,176.561757383
5.939453125e-05,175.967824411
5.94140625e-05,175.357241878
5.943359375e-05,174.730105625
5.9453125e-05,174.086518067
5.947265625e-05,173.426588165
5.94921875e-05,172.750431396
5.951171875e-05,172.058169711
5.953125e-05,171.349931498
5.955078125e-05,170.625851537
5.95703125e-05,169.886070946
5.958984375e-05,169.130737129
5.9609375e-05,168.360003721
5.962890625e-05,167.574030523
5.96484375e-05,166.772983435
5.966796875e-05,165.957034389
5.96875e-05,165.126361271
5.970703125e-05,164.281147848
5.97265625e-05,163.421583678
5.974609375e-05,162.547864033
5.9765625e-05,161.660189804
5.978515625e-05,160.758767407
5.98046875e-05,159.843808688
5.982421875e-05,158.915530823
5.984375e-05,157.974156211
5.986328125e-05,157.019912368
5.98828125e-05,156.053031816
5.990234375e-05,155.073751967
5.9921875e-05,154.082315007
5.994140625e-05,153.078967775
5.99609375e-05,152.063961638
5.998046875e-05,151.037552366
6e-05,150
6.001953125e-05,148.951568723
6.00390625e-05,147.892526723
6.005859375e-05,146.823146053
6.0078125e-05,145.743702497
6.009765625e-05,144.654475422
6.01171875e-05,143.555747637
6.013671875e-05,142.447805244
6.015625e-05,141.330937492
6.017578125e-05,140.205436623
6.01953125e-05,139.071597725
6.021484375e-05,137.929718571
6.0234375e-05,136.780099471
6.025390625e-05,135.623043109
6.02734375e-05,134.458854388
6.029296875e-05,133.287840273
6.03125e-05,132.110309624
6.033203125e-05,130.926573043
6.03515625e-05,129.736942705
6.037109375e-05,128.5417322
6.0390625e-05,127.341256369
6.041015625e-05,126.135831138
6.04296875e-05,124.925773359
6.044921875e-05,123.711400641
6.046875e-05,122.49303119
6.048828125e-05,121.270983643
6.05078125e-05,120.045576905
6.052734375e-05,118.817129989
6.0546875e-05,117.585961846
6.056640625e-05,116.35239121
6.05859375e-05,115.116736436
6.060546875e-05,113.879315334
6.0625e-05,112.640445015
6.064453125e-05,111.400441732
6.06640625e-05,110.15962072
6.068359375e-05,108.918296044
6.0703125e-05,107.67678044
6.072265625e-05,106.435385167
6.07421875e-05,105.194419854
6.076171875e-05,103.954192347
6.078125e-05,102.715008568
6.080078125e-05,101.477172366
6.08203125e-05,100.240985372
6.083984375e-05,99.0067468612
6.0859375e-05,97.7747536111
6.087890625e-05,96.5452997668
6.08984375e-05,95.3186767061
6.091796875e-05,94.0951729077
6.09375e-05,92.8750738222
6.095703125e-05,91.6586617463
6.09765625e-05,90.4462156988
6.099609375e-05,89.2380112998
6.1015625e-05,88.0343206537
6.103515625e-05,86.8354122338
6.10546875e-05,85.6415507706
6.107421875e-05,84.452997144
6.109375e-05,83.2700082771
6.111328125e-05,82.0928370345
6.11328125e-05,80.9217321237
6.115234375e-05,79.756937999
6.1171875e-05,78.59869477
6.119140625e-05,77.4472381128
6.12109375e-05,76.3027991846
6.123046875e-05,75.1656045421
6.125e-05,74.0358760635
6.126953125e-05,72.9138308738
6.12890625e-05,71.7996812737
6.130859375e-05,70.6936346724
6.1328125e-05,69.5958935236
6.134765625e-05,68.5066552655
6.13671875e-05,67.4261122643
6.138671875e-05,66.3544517611
6.140625e-05,65.2918558231
6.142578125e-05,64.2385012978
6.14453125e-05,63.1945597712
6.146484375e-05,62.1601975297
6.1484375e-05,61.135575525
6.150390625e-05,60.120849344
6.15234375e-05,59.1161691806
6.154296875e-05,58.1216798125
6.15625e-05,57.1375205807
6.158203125e-05,56.163825373
6.16015625e-05,55.2007226108
6.162109375e-05,54.2483352396
6.1640625e-05,53.3067807225
6.166015625e-05,52.3761710379
6.16796875e-05,51.4566126798
6.169921875e-05,50.5482066618
6.171875e-05,49.6510485242
6.173828125e-05,48.765228345
6.17578125e-05,47.8908307531
6.177734375e-05,47.0279349455
6.1796875e-05,46.1766147071
6.181640625e-05,45.3369384335
6.18359375e-05,44.5089691576
6.185546875e-05,43.6927645781
6.1875e-05,42.8883770912
6.189453125e-05,42.0958538258
6.19140625e-05,41.31523668
6.193359375e-05,40.5465623622
6.1953125e-05,39.7898624329
6.197265625e-05,39.0451633503
6.19921875e-05,38.3124865182
6.201171875e-05,37.5918483356
6.203125e-05,36.8832602498
6.205078125e-05,36.1867288107
6.20703125e-05,35.5022557278
6.208984375e-05,34.8298379294
6.2109375e-05,34.1694676239
6.212890625e-05,33.5211323622
6.21484375e-05,32.8848151036
6.216796875e-05,32.2604942821
6.21875e-05,31.6481438749
6.220703125e-05,31.0477334732
6.22265625e-05,30.4592283535
6.224609375e-05,29.8825895512
6.2265625e-05,29.3177739356
6.228515625e-05,28.7647342859
6.23046875e-05,28.2234193687
6.232421875e-05,27.6937740168
6.234375e-05,27.1757392092
6.236328125e-05,26.6692521518
6.23828125e-05,26.1742463596
6.240234375e-05,25.6906517391
6.2421875e-05,25.2183946727
6.244140625e-05,24.7573981026
6.24609375e-05,24.3075816163
6.248046875e-05,23.8688615324
6.25e-05,23.4411509868
6.251953125e-05,23.0243600199
6.25390625e-05,22.6183956635
6.255859375e-05,22.223162029
6.2578125e-05,21.8385603948
6.259765625e-05,21.464489295
6.26171875e-05,21.1008446072
6.263671875e-05,20.7475196416
6.265625e-05,20.404405229
6.267578125e-05,20.0713898093
6.26953125e-05,19.7483595201
6.271484375e-05,19.4351982849
6.2734375e-05,19.1317879009
6.275390625e-05,18.8380081272
6.27734375e-05,18.5537367718
6.279296875e-05,18.2788497794
6.28125e-05,18.0132213173
6.283203125e-05,17.7567238624
6.28515625e-05,17.5092282866
6.287109375e-05,17.270603942
6.2890625e-05,17.0407187458
6.291015625e-05,16.819439264
6.29296875e-05,16.6066307947
6.294921875e-05,16.4021574511
6.296875e-05,16.2058822426
6.298828125e-05,16.0176671568
6.30078125e-05,15.8373732388
6.302734375e-05,15.664860671
6.3046875e-05,15.4999888516
6.306640625e-05,15.3426164719
6.30859375e-05,15.1926015931
6.310546875e-05,15.0498017218
6.3125e-05,14.9140738845
6.314453125e-05,14.7852747013
6.31640625e-05,14.6632604583
6.318359375e-05,14.5478871794
6.3203125e-05,14.4390106959
6.322265625e-05,14.3364867166
6.32421875e-05,14.2401708953
6.326171875e-05,14.1499188979
6.328125e-05,14.0655864686
6.330078125e-05,13.987029494
6.33203125e-05,13.9141040668
6.333984375e-05,13.8466665482
6.3359375e-05,13.7845736288
6.337890625e-05,13.7276823885
6.33984375e-05,13.6758503554
6.341796875e-05,13.628935563
6.34375e-05,13.5867966065
6.345703125e-05,13.5492926979
6.34765625e-05,13.51628372
6.349609375e-05,13.4876302784
6.3515625e-05,13.4631937537
6.353515625e-05,13.442836351
6.35546875e-05,13.4264211491
6.357421875e-05,13.4138121483
6.359375e-05,13.4048743171
6.361328125e-05,13.3994736372
6.36328125e-05,13.397477148
6.365234375e-05,13.3987529895
6.3671875e-05,13.4031704441
6.369140625e-05,13.4105999774
6.37109375e-05,13.4209132777
6.373046875e-05,13.4339832944
6.375e-05,13.4496842753
6.376953125e-05,13.4678918029
6.37890625e-05,13.4884828293
6.380859375e-05,13.5113357104
6.3828125e-05,13.5363302386
6.384765625e-05,13.5633476752
6.38671875e-05,13.5922707808
6.388671875e-05,13.6229838452
6.390625e-05,13.6553727165
6.392578125e-05,13.6893248291
6.39453125e-05,13.72472923
6.396484375e-05,13.7614766055
6.3984375e-05,13.7994593056
6.400390625e-05,13.8385713688
6.40234375e-05,13.8787085448
6.404296875e-05,13.919768317
6.40625e-05,13.9616499243
6.408203125e-05,14.0042543816
6.41015625e-05,14.0474844995
6.412109375e-05,14.0912449037
6.4140625e-05,14.1354420533
6.416015625e-05,14.1799842582
6.41796875e-05,14.2247816957
6.419921875e-05,14.2697464275
6.421875e-05,14.314792414
6.423828125e-05,14.3598355299
6.42578125e-05,14.4047935779
6.427734375e-05,14.4495863023
6.4296875e-05,14.4941354015
6.431640625e-05,14.538364541
6.43359375e-05,14.5821993643
6.435546875e-05,14.6255675043
6.4375e-05,14.6683985939
6.439453125e-05,14.7106242761
6.44140625e-05,14.7521782133
6.443359375e-05,14.7929960966
6.4453125e-05,14.8330156542
6.447265625e-05,14.8721766596
6.44921875e-05,14.9104209392
6.451171875e-05,14.9476923796
6.453125e-05,14.9839369346
6.455078125e-05,15.0191026314
6.45703125e-05,15.0531395769
6.458984375e-05,15.0859999631
6.4609375e-05,15.117638073
6.462890625e-05,15.1480102851
6.46484375e-05,15.1770750784
6.466796875e-05,15.2047930369
6.46875e-05,15.2311268532
6.470703125e-05,15.2560413331
6.47265625e-05,15.2795033983
6.474609375e-05,15.3014820902
6.4765625e-05,15.321948573
6.478515625e-05,15.3408761359
6.48046875e-05,15.3582401963
6.482421875e-05,15.3740183017
6.484375e-05,15.3881901316
6.486328125e-05,15.4007375
6.48828125e-05,15.4116443563
6.490234375e-05,15.4208967875
6.4921875e-05,15.4284830187
6.494140625e-05,15.4343934145
6.49609375e-05,15.4386204799
6.498046875e-05,15.4411588609
6.5e-05,15.4420053449
6.501953125e-05,15.4411588609
6.50390625e-05,15.4386204799
6.505859375e-05,15.4343934145
6.5078125e-05,15.4284830187
6.509765625e-05,15.4208967875
6.51171875e-05,15.4116443563
6.513671875e-05,15.4007375
6.515625e-05,15.3881901316
6.517578125e-05,15.3740183017
6.51953125e-05,15.3582401963
6.521484375e-05,15.3408761359
6.5234375e-05,15.321948573
6.525390625e-05,15.3014820902
6.52734375e-05,15.2795033983
6.529296875e-05,15.2560413331
6.53125e-05,15.2311268532
6.533203125e-05,15.2047930369
6.53515625e-05,15.1770750784
6.537109375e-05,15.1480102851
6.5390625e-05,15.117638073
6.541015625e-05,15.0859999631
6.54296875e-05,15.0531395769
6.544921875e-05,15.0191026314
6.546875e-05,14.9839369346
6.548828125e-05,14.9476923796
6.55078125e-05,14.9104209392
6.552734375e-05,14.8721766596
6.5546875e-05,14.8330156542
6.556640625e-05,14.7929960966
6.55859375e-05,14.7521782133
6.560546875e-05,14.7106242761
6.5625e-05,14.6683985939
6.564453125e-05,14.6255675043
6.56640625e-05,14.5821993643
6.568359375e-05,14.538364541
6.5703125e-05,14.4941354015
6.572265625e-05,14.4495863023
6.57421875e-05,14.4047935779
6.576171875e-05,14.3598355299
6.578125e-05,14.314792414
6.580078125e-05,14.2697464275
6.58203125e-05,14.2247816957
6.583984375e-05,14.1799842582
6.5859375e-05,14.1354420533
6.587890625e-05,14.0912449037
6.58984375e-05,14.0474844995
6.591796875e-05,14.0042543816
6.59375e-05,13.9616499243
6.595703125e-05,13.919768317
6.59765625e-05,13.8787085448
6.599609375e-05,13.8385713688
6.6015625e-05,13.7994593056
6.603515625e-05,13.7614766055
6.60546875e-05,13.72472923
6.607421875e-05,13.6893248291
6.609375e-05,13.6553727165
6.611328125e-05,13.6229838452
6.61328125e-05,13.5922707808
6.615234375e-05,13.5633476752
6.6171875e-05,13.5363302386
6.619140625e-05,13.5113357104
6.62109375e-05,13.4884828293
6.623046875e-05,13.4678918029
6.625e-05,13.4496842753
6.626953125e-05,13.4339832944
6.62890625e-05,13.4209132777
6.630859375e-05,13.4105999774
6.6328125e-05,13.4031704441
6.634765625e-05,13.3987529895
6.63671875e-05,13.397477148
6.638671875e-05,13.3994736372
6.640625e-05,13.4048743171
6.642578125e-05,13.4138121483
6.64453125e-05,13.4264211491
6.646484375e-05,13.442836351
6.6484375e-05,13.4631937537
6.650390625e-05,13.4876302784
6.65234375e-05,13.51628372
6.654296875e-05,13.5492926979
6.65625e-05,13.5867966065
6.658203125e-05,13.628935563
6.66015625e-05,13.6758503554
6.662109375e-05,13.7276823885
6.6640625e-05,13.7845736288
6.666015625e-05,13.8466665482
6.66796875e-05,13.9141040668
6.669921875e-05,13.987029494
6.671875e-05,14.0655864686
6.673828125e-05,14.1499188979
6.67578125e-05,14.2401708953
6.677734375e-05,14.3364867166
6.6796875e-05,14.4390106959
6.681640625e-05,14.5478871794
6.68359375e-05,14.6632604583
6.685546875e-05,14.7852747013
6.6875e-05,14.9140738845
6.689453125e-05,15.0498017218
6.69140625e-05,15.1926015931
6.693359375e-05,15.3426164719
6.6953125e-05,15.4999888516
6.697265625e-05,15.664860671
6.69921875e-05,15.8373732388
6.701171875e-05,16.0176671568
6.703125e-05,16.2058822426
6.705078125e-05,16.4021574511
6.70703125e-05,16.6066307947
6.708984375e-05,16.819439264
6.7109375e-05,17.0407187458
6.712890625e-05,17.270603942
6.71484375e-05,17.5092282866
6.716796875e-05,17.7567238624
6.71875e-05,18.0132213173
6.720703125e-05,18.2788497794
6.72265625e-05,18.5537367718
6.724609375e-05,18.8380081272
6.7265625e-05,19.1317879009
6.728515625e-05,19.4351982849
6.73046875e-05,19.7483595201
6.732421875e-05,20.0713898093
6.734375e-05,20.404405229
6.736328125e-05,20.7475196416
6.73828125e-05,21.1008446072
6.740234375e-05,21.464489295
6.7421875e-05,21.8385603948
6.744140625e-05,22.223162029
6.74609375e-05,22.6183956635
6.748046875e-05,23.0243600199
6.75e-05,23.4411509868
6.751953125e-05,23.8688615324
6.75390625e-05,24.3075816163
6.755859375e-05,24.7573981026
6.7578125e-05,25.2183946727
6.759765625e-05,25.6906517391
6.76171875e-05,26.1742463596
6.763671875e-05,26.6692521518
6.765625e-05,27.1757392092
6.767578125e-05,27.6937740168
6.76953125e-05,28.2234193687
6.771484375e-05,28.7647342859
6.7734375e-05,29.3177739356
6.775390625e-05,29.8825895512
6.77734375e-05,30.4592283535
6.779296875e-05,31.0477334732
6.78125e-05,31.6481438749
6.783203125e-05,32.2604942821
6.78515625e-05,32.8848151036
6.787109375e-05,33.5211323622
6.7890625e-05,34.1694676239
6.791015625e-05,34.8298379294
6.79296875e-05,35.5022557278
6.794921875e-05,36.1867288107
6.796875e-05,36.8832602498
6.798828125e-05,37.5918483356
6.80078125e-05,38.3124865182
6.802734375e-05,39.0451633503
6.8046875e-05,39.7898624329
6.806640625e-05,40.5465623622
6.80859375e-05,41.31523668
6.810546875e-05,42.0958538258
6.8125e-05,42.8883770912
6.814453125e-05,43.6927645781
6.81640625e-05,44.5089691576
6.818359375e-05,45.3369384335
6.8203125e-05,46.1766147071
6.822265625e-05,47.0279349455
6.82421875e-05,47.8908307531
6.826171875e-05,48.765228345
6.828125e-05,49.6510485242
6.830078125e-05,50.5482066618
6.83203125e-05,51.4566126798
6.833984375e-05,52.3761710379
6.8359375e-05,53.3067807225
6.837890625e-05,54.2483352396
6.83984375e-05,55.2007226108
6.841796875e-05,56.163825373
6.84375e-05,57.1375205807
6.845703125e-05,58.1216798125
6.84765625e-05,59.1161691806
6.849609375e-05,60.120849344
6.8515625e-05,61.135575525
6.853515625e-05,62.1601975297
6.85546875e-05,63.1945597712
6.857421875e-05,64.2385012978
6.859375e-05,65.2918558231
6.861328125e-05,66.3544517611
6.86328125e-05,67.4261122643
6.865234375e-05,68.5066552655
6.8671875e-05,69.5958935236
6.869140625e-05,70.6936346724
6.87109375e-05,71.7996812737
6.873046875e-05,72.9138308738
6.875e-05,74.0358760635
6.876953125e-05,75.1656045421
6.87890625e-05,76.3027991846
6.880859375e-05,77.4472381128
6.8828125e-05,78.59869477
6.884765625e-05,79.756937999
6.88671875e-05,80.9217321237
6.888671875e-05,82.0928370345
6.890625e-05,83.2700082771
6.892578125e-05,84.452997144
6.89453125e-05,85.6415507706
6.896484375e-05,86.8354122338
6.8984375e-05,88.0343206537
6.900390625e-05,89.2380112998
6.90234375e-05,90.4462156988
6.904296875e-05,91.6586617463
6.90625e-05,92.8750738222
6.908203125e-05,94.0951729077
6.91015625e-05,95.3186767061
6.912109375e-05,96.5452997668
6.9140625e-05,97.7747536111
6.916015625e-05,99.0067468612
6.91796875e-05,100.240985372
6.919921875e-05,101.477172366
6.921875e-05,102.715008568
6.923828125e-05,103.954192347
6.92578125e-05,105.194419854
6.927734375e-05,106.435385167
6.9296875e-05,107.67678044
6.931640625e-05,108.918296044
6.93359375e-05,110.15962072
6.935546875e-05,111.400441732
6.9375e-05,112.640445015
6.939453125e-05,113.879315334
6.94140625e-05,115.116736436
6.943359375e-05,116.35239121
6.9453125e-05,117.585961846
6.947265625e-05,118.817129989
6.94921875e-05,120.045576905
6.951171875e-05,121.270983643
6.953125e-05,122.49303119
6.955078125e-05,123.711400641
6.95703125e-05,124.925773359
6.958984375e-05,126.135831138
6.9609375e-05,127.341256369
6.962890625e-05,128.5417322
6.96484375e-05,129.736942705
6.966796875e-05,130.926573043
6.96875e-05,132.110309624
6.970703125e-05,133.287840273
6.97265625e-05,134.458854388
6.974609375e-05,135.623043109
6.9765625e-05,136.780099471
6.978515625e-05,137.929718571
6.98046875e-05,139.071597725
6.982421875e-05,140.205436623
6.984375e-05,141.330937492
6.986328125e-05,142.447805244
6.98828125e-05,143.555747637
6.990234375e-05,144.654475422
6.9921875e-05,145.743702497
6.994140625e-05,146.823146053
6.99609375e-05,147.892526723
6.998046875e-05,148.951568723
7e-05,150
7.001953125e-05,151.037552366
7.00390625e-05,152.063961638
7.005859375e-05,153.078967775
7.0078125e-05,154.082315007
7.009765625e-05,155.073751967
7.01171875e-05,156.053031816
7.013671875e-05,157.019912368
7.015625e-05,157.974156211
7.017578125e-05,158.915530823
7.01953125e-05,159.843808688
7.021484375e-05,160.758767407
7.0234375e-05,161.660189804
7.025390625e-05,162.547864033
7.02734375e-05,163.421583678
7.029296875e-05,164.281147848
7.03125e-05,165.126361271
7.033203125e-05,165.957034389
7.03515625e-05,166.772983435
7.037109375e-05,167.574030523
7.0390625e-05,168.360003721
7.041015625e-05,169.130737129
7.04296875e-05,169.886070946
7.044921875e-05,170.625851537
7.046875e-05,171.349931498
7.048828125e-05,172.058169711
7.05078125e-05,172.750431396
7.052734375e-05,173.426588165
7.0546875e-05,174.086518067
7.056640625e-05,174.730105625
7.05859375e-05,175.357241878
7.060546875e-05,175.967824411
7.0625e-05,176.561757383
7.064453125e-05,177.138951553
7.06640625e-05,177.6993243
7.068359375e-05,178.242799639
7.0703125e-05,178.769308229
7.072265625e-05,179.278787386
7.07421875e-05,179.771181082
7.076171875e-05,180.246439944
7.078125e-05,180.704521253
7.080078125e-05,181.145388929
7.08203125e-05,181.56901352
7.083984375e-05,181.975372188
7.0859375e-05,182.364448681
7.087890625e-05,182.736233312
7.08984375e-05,183.090722928
7.091796875e-05,183.427920878
7.09375e-05,183.747836973
7.095703125e-05,184.050487448
7.09765625e-05,184.335894917
7.099609375e-05,184.604088323
7.1015625e-05,184.855102886
7.103515625e-05,185.088980051
7.10546875e-05,185.305767426
7.107421875e-05,185.505518719
7.109375e-05,185.688293675
7.111328125e-05,185.854158006
7.11328125e-05,186.00318332
7.115234375e-05,186.135447044
7.1171875e-05,186.251032347
7.119140625e-05,186.350028059
7.12109375e-05,186.432528588
7.123046875e-05,186.498633833
7.125e-05,186.548449095
7.126953125e-05,186.582084984
7.12890625e-05,186.599657327
7.130859375e-05,186.601287072
7.1328125e-05,186.587100185
7.134765625e-05,186.557227554
7.13671875e-05,186.511804886
7.138671875e-05,186.450972597
7.140625e-05,186.374875711
7.142578125e-05,186.28366375
7.14453125e-05,186.17749062
7.146484375e-05,186.056514507
7.1484375e-05,185.920897757
7.150390625e-05,185.770806763
7.15234375e-05,185.606411853
7.154296875e-05,185.427887169
7.15625e-05,185.23541055
7.158203125e-05,185.029163417
7.16015625e-05,184.809330646
7.162109375e-05,184.576100455
7.1640625e-05,184.329664279
7.166015625e-05,184.070216648
7.16796875e-05,183.79795507
7.169921875e-05,183.513079901
7.171875e-05,183.215794228
7.173828125e-05,182.906303747
7.17578125e-05,182.584816634
7.177734375e-05,182.251543431
7.1796875e-05,181.906696916
7.181640625e-05,181.550491985
7.18359375e-05,181.183145527
7.185546875e-05,180.804876305
7.1875e-05,180.415904836
7.189453125e-05,180.016453267
7.19140625e-05,179.606745255
7.193359375e-05,179.187005852
7.1953125e-05,178.757461385
7.197265625e-05,178.318339335
7.19921875e-05,177.869868228
7.201171875e-05,177.412277512
7.203125e-05,176.945797448
7.205078125e-05,176.470658995
7.20703125e-05,175.987093698
7.208984375e-05,175.49533358
7.2109375e-05,174.99561103
7.212890625e-05,174.488158696
7.21484375e-05,173.973209383
7.216796875e-05,173.450995942
7.21875e-05,172.921751171
7.220703125e-05,172.385707716
7.22265625e-05,171.843097967
7.224609375e-05,171.294153963
7.2265625e-05,170.739107295
7.228515625e-05,170.178189012
7.23046875e-05,169.611629533
7.232421875e-05,169.03965855
7.234375e-05,168.462504944
7.236328125e-05,167.8803967
7.23828125e-05,167.29356082
7.240234375e-05,166.702223243
7.2421875e-05,166.106608762
7.244140625e-05,165.50694095
7.24609375e-05,164.903442085
7.248046875e-05,164.29633307
7.25e-05,163.685833369
7.251953125e-05,163.072160934
7.25390625e-05,162.455532138
7.255859375e-05,161.836161714
7.2578125e-05,161.214262685
7.259765625e-05,160.590046313
7.26171875e-05,159.963722033
7.263671875e-05,159.335497403
7.265625e-05,158.705578045
7.267578125e-05,158.074167601
7.26953125e-05,157.441467674
7.271484375e-05,156.807677791
7.2734375e-05,156.172995352
7.275390625e-05,155.537615588
7.27734375e-05,154.901731526
7.279296875e-05,154.265533942
7.28125e-05,153.629211333
7.283203125e-05,152.992949881
7.28515625e-05,152.356933418
7.287109375e-05,151.7213434
7.2890625e-05,151.086358878
7.291015625e-05,150.452156474
7.29296875e-05,149.818910356
7.294921875e-05,149.186792218
7.296875e-05,148.55597126
7.298828125e-05,147.926614168
7.30078125e-05,147.298885106
7.302734375e-05,146.672945692
7.3046875e-05,146.048954997
7.306640625e-05,145.427069528
7.30859375e-05,144.807443221
7.310546875e-05,144.190227439
7.3125e-05,143.57557096
7.314453125e-05,142.963619983
7.31640625e-05,142.354518121
7.318359375e-05,141.748406402
7.3203125e-05,141.145423274
7.322265625e-05,140.545704606
7.32421875e-05,139.949383695
7.326171875e-05,139.35659127
7.328125e-05,138.767455504
7.330078125e-05,138.18210202
7.33203125e-05,137.600653906
7.333984375e-05,137.023231723
7.3359375e-05,136.449953518
7.337890625e-05,135.880934846
7.33984375e-05,135.316288777
7.341796875e-05,134.756125919
7.34375e-05,134.200554433
7.345703125e-05,133.649680055
7.34765625e-05,133.103606112
7.349609375e-05,132.56243355
7.3515625e-05,132.026260951
7.353515625e-05,131.495184556
7.35546875e-05,130.969298292
7.357421875e-05,130.448693796
7.359375e-05,129.933460439
7.361328125e-05,129.423685354
7.36328125e-05,128.919453462
7.365234375e-05,128.420847501
7.3671875e-05,127.927948052
7.369140625e-05,127.44083357
7.37109375e-05,126.959580414
7.373046875e-05,126.484262875
7.375e-05,126.014953205
7.376953125e-05,125.551721653
7.37890625e-05,125.094636491
7.380859375e-05,124.643764048
7.3828125e-05,124.199168742
7.384765625e-05,123.760913109
7.38671875e-05,123.329057841
7.388671875e-05,122.903661811
7.390625e-05,122.484782112
7.392578125e-05,122.072474088
7.39453125e-05,121.666791365
7.396484375e-05,121.267785884
7.3984375e-05,120.875507937
7.400390625e-05,120.490006196
7.40234375e-05,120.111327749
7.404296875e-05,119.739518129
7.40625e-05,119.37462135
7.408203125e-05,119.016679939
7.41015625e-05,118.665734967
7.412109375e-05,118.321826081
7.4140625e-05,117.984991535
7.416015625e-05,117.655268226
7.41796875e-05,117.332691721
7.419921875e-05,117.017296287
7.421875e-05,116.709114926
7.423828125e-05,116.408179401
7.42578125e-05,116.114520271
7.427734375e-05,115.828166914
7.4296875e-05,115.549147559
7.431640625e-05,115.277489317
7.43359375e-05,115.013218203
7.435546875e-05,114.756359171
7.4375e-05,114.506936134
7.439453125e-05,114.264971993
7.44140625e-05,114.030488666
7.443359375e-05,113.803507107
7.4453125e-05,113.584047337
7.447265625e-05,113.372128462
7.44921875e-05,113.167768702
7.451171875e-05,112.970985407
7.453125e-05,112.781795086
7.455078125e-05,112.600213425
7.45703125e-05,112.426255305
7.458984375e-05,112.259934827
7.4609375e-05,112.101265327
7.462890625e-05,111.950259395
7.46484375e-05,111.806928896
7.466796875e-05,111.671284982
7.46875e-05,111.54333811
7.470703125e-05,111.423098058
7.47265625e-05,111.310573938
7.474609375e-05,111.20577421
7.4765625e-05,111.108706696
7.478515625e-05,111.019378589
7.48046875e-05,110.937796467
7.482421875e-05,110.8639663
7.484375e-05,110.797893463
7.486328125e-05,110.739582742
7.48828125e-05,110.689038342
7.490234375e-05,110.646263894
7.4921875e-05,110.611262459
7.494140625e-05,110.584036537
7.49609375e-05,110.564588068
7.498046875e-05,110.552918434
7.5e-05,110.549028463
7.501953125e-05,110.552918434
7.50390625e-05,110.564588068
7.505859375e-05,110.584036537
7.5078125e-05,110.611262459
7.509765625e-05,110.646263894
7.51171875e-05,110.689038342
7.513671875e-05,110.739582742
7.515625e-05,110.797893463
7.517578125e-05,110.8639663
7.51953125e-05,110.937796467
7.521484375e-05,111.019378589
7.5234375e-05,111.108706696
7.525390625e-05,111.20577421
7.52734375e-05,111.310573938
7.529296875e-05,111.423098058
7.53125e-05,111.54333811
7.533203125e-05,111.671284982
7.53515625e-05,111.806928896
7.537109375e-05,111.950259395
7.5390625e-05,112.101265327
7.541015625e-05,112.259934827
7.54296875e-05,112.426255305
7.544921875e-05,112.600213425
7.546875e-05,112.781795086
7.548828125e-05,112.970985407
7.55078125e-05,113.167768702
7.552734375e-05,113.372128462
7.5546875e-05,113.584047337
7.556640625e-05,113.803507107
7.55859375e-05,114.030488666
7.560546875e-05,114.264971993
7.5625e-05,114.506936134
7.564453125e-05,114.756359171
7.56640625e-05,115.013218203
7.568359375e-05,115.277489317
7.5703125e-05,115.549147559
7.572265625e-05,115.828166914
7.57421875e-05,116.114520271
7.576171875e-05,116.408179401
7.578125e-05,116.709114926
7.580078125e-05,117.017296287
7.58203125e-05,117.332691721
7.583984375e-05,117.655268226
7.5859375e-05,117.984991535
7.587890625e-05,118.321826081
7.58984375e-05,118.665734967
7.591796875e-05,119.016679939
7.59375e-05,119.37462135
7.595703125e-05,119.739518129
7.59765625e-05,120.111327749
7.599609375e-05,120.490006196
7.6015625e-05,120.875507937
7.603515625e-05,121.267785884
7.60546875e-05,121.666791365
7.607421875e-05,122.072474088
7.609375e-05,122.484782112
7.611328125e-05,122.903661811
7.61328125e-05,123.329057841
7.615234375e-05,123.760913109
7.6171875e-05,124.199168742
7.619140625e-05,124.643764048
7.62109375e-05,125.094636491
7.623046875e-05,125.551721653
7.625e-05,126.014953205
7.626953125e-05,126.484262875
7.62890625e-05,126.959580414
7.630859375e-05,127.44083357
7.6328125e-05,127.927948052
7.634765625e-05,128.420847501
7.63671875e-05,128.919453462
7.638671875e-05,129.423685354
7.640625e-05,129.933460439
7.642578125e-05,130.448693796
7.64453125e-05,130.969298292
7.646484375e-05,131.495184556
7.6484375e-05,132.026260951
7.650390625e-05,132.56243355
7.65234375e-05,133.103606112
7.654296875e-05,133.649680055
7.65625e-05,134.200554433
7.658203125e-05,134.756125919
7.66015625e-05,135.316288777
7.662109375e-05,135.880934846
7.6640625e-05,136.449953518
7.666015625e-05,137.023231723
7.66796875e-05,137.600653906
7.669921875e-05,138.18210202
7.671875e-05,138.767455504
7.673828125e-05,139.35659127
7.67578125e-05,139.949383695
7.677734375e-05,140.545704606
7.6796875e-05,141.145423274
7.681640625e-05,141.748406402
7.68359375e-05,142.354518121
7.685546875e-05,142.963619983
7.6875e-05,143.57557096
7.689453125e-05,144.190227439
7.69140625e-05,144.807443221
7.693359375e-05,145.427069528
7.6953125e-05,146.048954997
7.697265625e-05,146.672945692
7.69921875e-05,147.298885106
7.701171875e-05,147.926614168
7.703125e-05,148.55597126
7.705078125e-05,149.186792218
7.70703125e-05,149.818910356
7.708984375e-05,150.452156474
7.7109375e-05,151.086358878
7.712890625e-05,151.7213434
7.71484375e-05,152.356933418
7.716796875e-05,152.992949881
7.71875e-05,153.629211333
7.720703125e-05,154.265533942
7.72265625e-05,154.901731526
7.724609375e-05,155.537615588
7.7265625e-05,156.172995352
7.728515625e-05,156.807677791
7.73046875e-05,157.441467674
7.732421875e-05,158.074167601
7.734375e-05,158.705578045
7.736328125e-05,159.335497403
7.73828125e-05,159.963722033
7.740234375e-05,160.590046313
7.7421875e-05,161.214262685
7.744140625e-05,161.836161714
7.74609375e-05,162.455532138
7.748046875e-05,163.072160934
7.75e-05,163.685833369
7.751953125e-05,164.29633307
7.75390625e-05,164.903442085
7.755859375e-05,165.50694095
7.7578125e-05,166.106608762
7.759765625e-05,166.702223243
7.76171875e-05,167.29356082
7.763671875e-05,167.8803967
7.765625e-05,168.462504944
7.767578125e-05,169.03965855
7.76953125e-05,169.611629533
7.771484375e-05,170.178189012
7.7734375e-05,170.739107295
7.775390625e-05,171.294153963
7.77734375e-05,171.843097967
7.779296875e-05,172.385707716
7.78125e-05,172.921751171
7.783203125e-05,173.450995942
7.78515625e-05,173.973209383
7.787109375e-05,174.488158696
7.7890625e-05,174.99561103
7.791015625e-05,175.49533358
7.79296875e-05,175.987093698
7.794921875e-05,176.470658995
7.796875e-05,176.945797448
7.798828125e-05,177.412277512
7.80078125e-05,177.869868228
7.802734375e-05,178.318339335
7.8046875e-05,178.757461385
7.806640625e-05,179.187005852
7.80859375e-05,179.606745255
7.810546875e-05,180.016453267
7.8125e-05,180.415904836
7.814453125e-05,180.804876305
7.81640625e-05,181.183145527
7.818359375e-05,181.550491985
7.8203125e-05,181.906696916
7.822265625e-05,182.251543431
7.82421875e-05,182.584816634
7.826171875e-05,182.906303747
7.828125e-05,183.215794228
7.830078125e-05,183.513079901
7.83203125e-05,183.79795507
7.833984375e-05,184.070216648
7.8359375e-05,184.329664279
7.837890625e-05,184.576100455
7.83984375e-05,184.809330646
7.841796875e-05,185.029163417
7.84375e-05,185.23541055
7.845703125e-05,185.427887169
7.84765625e-05,185.606411853
7.849609375e-05,185.770806763
7.8515625e-05,185.920897757
7.853515625e-05,186.056514507
7.85546875e-05,186.17749062
7.857421875e-05,186.28366375
7.859375e-05,186.374875711
7.861328125e-05,186.450972597
7.86328125e-05,186.511804886
7.865234375e-05,186.557227554
7.8671875e-05,186.587100185
7.869140625e-05,186.601287072
7.87109375e-05,186.599657327
7.873046875e-05,186.582084984
7.875e-05,186.548449095
7.876953125e-05,186.498633833
7.87890625e-05,186.432528588
7.880859375e-05,186.350028059
7.8828125e-05,186.251032347
7.884765625e-05,186.135447044
7.88671875e-05,186.00318332
7.888671875e-05,185.854158006
7.890625e-05,185.688293675
7.892578125e-05,185.505518719
7.89453125e-05,185.305767426
7.896484375e-05,185.088980051
7.8984375e-05,184.855102886
7.900390625e-05,184.604088323
7.90234375e-05,184.335894917
7.904296875e-05,184.050487448
7.90625e-05,183.747836973
7.908203125e-05,183.427920878
7.91015625e-05,183.090722928
7.912109375e-05,182.736233312
7.9140625e-05,182.364448681
7.916015625e-05,181.975372188
7.91796875e-05,181.56901352
7.919921875e-05,181.145388929
7.921875e-05,180.704521253
7.923828125e-05,180.246439944
7.92578125e-05,179.771181082
7.927734375e-05,179.278787386
7.9296875e-05,178.769308229
7.931640625e-05,178.242799639
7.93359375e-05,177.6993243
7.935546875e-05,177.138951553
7.9375e-05,176.561757383
7.939453125e-05,175.967824411
7.94140625e-05,175.357241878
7.943359375e-05,174.730105625
7.9453125e-05,174.086518067
7.947265625e-05,173.426588165
7.94921875e-05,172.750431396
7.951171875e-05,172.058169711
7.953125e-05,171.349931498
7.955078125e-05,170.625851537
7.95703125e-05,169.886070946
7.958984375e-05,169.130737129
7.9609375e-05,168.360003721
7.962890625e-05,167.574030523
7.96484375e-05,166.772983435
7.966796875e-05,165.957034389
7.96875e-05,165.126361271
7.970703125e-05,164.281147848
7.97265625e-05,163.421583678
7.974609375e-05,162.547864033
7.9765625e-05,161.660189804
7.978515625e-05,160.758767407
7.98046875e-05,159.843808688
7.982421875e-05,158.915530823
7.984375e-05,157.974156211
7.986328125e-05,157.019912368
7.98828125e-05,156.053031816
7.990234375e-05,155.073751967
7.9921875e-05,154.082315007
7.994140625e-05,153.078967775
7.99609375e-05,152.063961638
7.998046875e-05,151.037552366
8e-05,150
8.001953125e-05,148.951568723
8.00390625e-05,147.892526723
8.005859375e-05,146.823146053
8.0078125e-05,145.743702497
8.009765625e-05,144.654475422
8.01171875e-05,143.555747637
8.013671875e-05,142.447805244
8.015625e-05,141.330937492
8.017578125e-05,140.205436623
8.01953125e-05,139.071597725
8.021484375e-05,137.929718571
8.0234375e-05,136.780099471
8.025390625e-05,135.623043109
8.02734375e-05,134.458854388
8.029296875e-05,133.287840273
8.03125e-05,132.110309624
8.033203125e-05,130.926573043
8.03515625e-05,129.736942705
8.037109375e-05,128.5417322
8.0390625e-05,127.341256369
8.041015625e-05,126.135831138
8.04296875e-05,124.925773359
8.044921875e-05,123.711400641
8.046875e-05,122.49303119
8.048828125e-05,121.270983643
8.05078125e-05,120.045576905
8.052734375e-05,118.817129989
8.0546875e-05,117.585961846
8.056640625e-05,116.35239121
8.05859375e-05,115.116736436
8.060546875e-05,113.879315334
8.0625e-05,112.640445015
8.064453125e-05,111.400441732
8.06640625e-05,110.15962072
8.068359375e-05,108.918296044
8.0703125e-05,107.67678044
8.072265625e-05,106.435385167
8.07421875e-05,105.194419854
8.076171875e-05,103.954192347
8.078125e-05,102.715008568
8.080078125e-05,101.477172366
8.08203125e-05,100.240985372
8.083984375e-05,99.0067468612
8.0859375e-05,97.7747536111
8.087890625e-05,96.5452997668
8.08984375e-05,95.3186767061
8.091796875e-05,94.0951729077
8.09375e-05,92.8750738222
8.095703125e-05,91.6586617463
8.09765625e-05,90.4462156988
8.099609375e-05,89.2380112998
8.1015625e-05,88.0343206537
8.103515625e-05,86.8354122338
8.10546875e-05,85.6415507706
8.107421875e-05,84.452997144
8.109375e-05,83.2700082771
8.111328125e-05,82.0928370345
8.11328125e-05,80.9217321237
8.115234375e-05,79.756937999
8.1171875e-05,78.59869477
8.119140625e-05,77.4472381128
8.12109375e-05,76.3027991846
8.123046875e-05,75.1656045421
8.125e-05,74.0358760635
8.126953125e-05,72.9138308738
8.12890625e-05,71.7996812737
8.130859375e-05,70.6936346724
8.1328125e-05,69.5958935236
8.134765625e-05,68.5066552655
8.13671875e-05,67.4261122643
8.138671875e-05,66.3544517611
8.140625e-05,65.2918558231
8.142578125e-05,64.2385012978
8.14453125e-05,63.1945597712
8.146484375e-05,62.1601975297
8.1484375e-05,61.135575525
8.150390625e-05,60.120849344
8.15234375e-05,59.1161691806
8.154296875e-05,58.1216798125
8.15625e-05,57.1375205807
8.158203125e-05,56.163825373
8.16015625e-05,55.2007226108
8.162109375e-05,54.2483352396
8.1640625e-05,53.3067807225
8.166015625e-05,52.3761710379
8.16796875e-05,51.4566126798
8.169921875e-05,50.5482066618
8.171875e-05,49.6510485242
8.173828125e-05,48.765228345
8.17578125e-05,47.8908307531
8.177734375e-05,47.0279349455
8.1796875e-05,46.1766147071
8.181640625e-05,45.3369384335
8.18359375e-05,44.5089691576
8.185546875e-05,43.6927645781
8.1875e-05,42.8883770912
8.189453125e-05,42.0958538258
8.19140625e-05,41.31523668
8.193359375e-05,40.5465623622
8.1953125e-05,39.7898624329
8.197265625e-05,39.0451633503
8.19921875e-05,38.3124865182
8.201171875e-05,37.5918483356
8.203125e-05,36.8832602498
8.205078125e-05,36.1867288107
8.20703125e-05,35.5022557278
8.208984375e-05,34.8298379294
8.2109375e-05,34.1694676239
8.212890625e-05,33.5211323622
8.21484375e-05,32.8848151036
8.216796875e-05,32.2604942821
8.21875e-05,31.6481438749
8.220703125e-05,31.0477334732
8.22265625e-05,30.4592283535
8.224609375e-05,29.8825895512
8.2265625e-05,29.3177739356
8.228515625e-05,28.7647342859
8.23046875e-05,28.2234193687
8.232421875e-05,27.6937740168
8.234375e-05,27.1757392092
8.236328125e-05,26.6692521518
8.23828125e-05,26.1742463596
8.240234375e-05,25.6906517391
8.2421875e-05,25.2183946727
8.244140625e-05,24.7573981026
8.24609375e-05,24.3075816163
8.248046875e-05,23.8688615324
8.25e-05,23.4411509868
8.251953125e-05,23.0243600199
8.25390625e-05,22.6183956635
8.255859375e-05,22.223162029
8.2578125e-05,21.8385603948
8.259765625e-05,21.464489295
8.26171875e-05,21.1008446072
8.263671875e-05,20.7475196416
8.265625e-05,20.404405229
8.267578125e-05,20.0713898093
8.26953125e-05,19.7483595201
8.271484375e-05,19.4351982849
8.2734375e-05,19.1317879009
8.275390625e-05,18.8380081272
8.27734375e-05,18.5537367718
8.279296875e-05,18.2788497794
8.28125e-05,18.0132213173
8.283203125e-05,17.7567238624
8.28515625e-05,17.5092282866
8.287109375e-05,17.270603942
8.2890625e-05,17.0407187458
8.291015625e-05,16.819439264
8.29296875e-05,16.6066307947
8.294921875e-05,16.4021574511
8.296875e-05,16.2058822426
8.298828125e-05,16.0176671568
8.30078125e-05,15.8373732388
8.302734375e-05,15.664860671
8.3046875e-05,15.4999888516
8.306640625e-05,15.3426164719
8.30859375e-05,15.1926015931
8.310546875e-05,15.0498017218
8.3125e-05,14.9140738845
8.314453125e-05,14.7852747013
8.31640625e-05,14.6632604583
8.318359375e-05,14.5478871794
8.3203125e-05,14.4390106959
8.322265625e-05,14.3364867166
8.32421875e-05,14.2401708953
8.326171875e-05,14.1499188979
8.328125e-05,14.0655864686
8.330078125e-05,13.987029494
8.33203125e-05,13.9141040668
8.333984375e-05,13.8466665482
8.3359375e-05,13.7845736288
8.337890625e-05,13.7276823885
8.33984375e-05,13.6758503554
8.341796875e-05,13.628935563
8.34375e-05,13.5867966065
8.345703125e-05,13.5492926979
8.34765625e-05,13.51628372
8.349609375e-05,13.4876302784
8.3515625e-05,13.4631937537
8.353515625e-05,13.442836351
8.35546875e-05,13.4264211491
8.357421875e-05,13.4138121483
8.359375e-05,13.4048743171
8.361328125e-05,13.3994736372
8.36328125e-05,13.397477148
8.365234375e-05,13.3987529895
8.3671875e-05,13.4031704441
8.369140625e-05,13.4105999774
8.37109375e-05,13.4209132777
8.373046875e-05,13.4339832944
8.375e-05,13.4496842753
8.376953125e-05,13.4678918029
8.37890625e-05,13.4884828293
8.380859375e-05,13.5113357104
8.3828125e-05,13.5363302386
8.384765625e-05,13.5633476752
8.38671875e-05,13.5922707808
8.388671875e-05,13.6229838452
8.390625e-05,13.6553727165
8.392578125e-05,13.6893248291
8.39453125e-05,13.72472923
8.396484375e-05,13.7614766055
8.3984375e-05,13.7994593056
8.400390625e-05,13.8385713688
8.40234375e-05,13.8787085448
8.404296875e-05,13.919768317
8.40625e-05,13.9616499243
8.408203125e-05,14.0042543816
8.41015625e-05,14.0474844995
8.412109375e-05,14.0912449037
8.4140625e-05,14.1354420533
8.416015625e-05,14.1799842582
8.41796875e-05,14.2247816957
8.419921875e-05,14.2697464275
8.421875e-05,14.314792414
8.423828125e-05,14.3598355299
8.42578125e-05,14.4047935779
8.427734375e-05,14.4495863023
8.4296875e-05,14.4941354015
8.431640625e-05,14.538364541
8.43359375e-05,14.5821993643
8.435546875e-05,14.6255675043
8.4375e-05,14.6683985939
8.439453125e-05,14.7106242761
8.44140625e-05,14.7521782133
8.443359375e-05,14.7929960966
8.4453125e-05,14.8330156542
8.447265625e-05,14.8721766596
8.44921875e-05,14.9104209392
8.451171875e-05,14.9476923796
8.453125e-05,14.9839369346
8.455078125e-05,15.0191026314
8.45703125e-05,15.0531395769
8.458984375e-05,15.0859999631
8.4609375e-05,15.117638073
8.462890625e-05,15.1480102851
8.46484375e-05,15.1770750784
8.466796875e-05,15.2047930369
8.46875e-05,15.2311268532
8.470703125e-05,15.2560413331
8.47265625e-05,15.2795033983
8.474609375e-05,15.3014820902
8.4765625e-05,15.321948573
8.478515625e-05,15.3408761359
8.48046875e-05,15.3582401963
8.482421875e-05,15.3740183017
8.484375e-05,15.3881901316
8.486328125e-05,15.4007375
8.48828125e-05,15.4116443563
8.490234375e-05,15.4208967875
8.4921875e-05,15.4284830187
8.494140625e-05,15.4343934145
8.49609375e-05,15.4386204799
8.498046875e-05,15.4411588609
8.5e-05,15.4420053449
8.501953125e-05,15.4411588609
8.50390625e-05,15.4386204799
8.505859375e-05,15.4343934145
8.5078125e-05,15.4284830187
8.509765625e-05,15.4208967875
8.51171875e-05,15.4116443563
8.513671875e-05,15.4007375
8.515625e-05,15.3881901316
8.517578125e-05,15.3740183017
8.51953125e-05,15.3582401963
8.521484375e-05,15.3408761359
8.5234375e-05,15.321948573
8.525390625e-05,15.3014820902
8.52734375e-05,15.2795033983
8.529296875e-05,15.2560413331
8.53125e-05,15.2311268532
8.533203125e-05,15.2047930369
8.53515625e-05,15.1770750784
8.537109375e-05,15.1480102851
8.5390625e-05,15.117638073
8.541015625e-05,15.0859999631
8.54296875e-05,15.0531395769
8.544921875e-05,15.0191026314
8.546875e-05,14.9839369346
8.548828125e-05,14.9476923796
8.55078125e-05,14.9104209392
8.552734375e-05,14.8721766596
8.5546875e-05,14.8330156542
8.556640625e-05,14.7929960966
8.55859375e-05,14.7521782133
8.560546875e-05,14.7106242761
8.5625e-05,14.6683985939
8.564453125e-05,14.6255675043
8.56640625e-05,14.5821993643
8.568359375e-05,14.538364541
8.5703125e-05,14.4941354015
8.572265625e-05,14.4495863023
8.57421875e-05,14.4047935779
8.576171875e-05,14.3598355299
8.578125e-05,14.314792414
8.580078125e-05,14.2697464275
8.58203125e-05,14.2247816957
8.583984375e-05,14.1799842582
8.5859375e-05,14.1354420533
8.587890625e-05,14.0912449037
8.58984375e-05,14.0474844995
8.591796875e-05,14.0042543816
8.59375e-05,13.9616499243
8.595703125e-05,13.919768317
8.59765625e-05,13.8787085448
8.599609375e-05,13.8385713688
8.6015625e-05,13.7994593056
8.603515625e-05,13.7614766055
8.60546875e-05,13.72472923
8.607421875e-05,13.6893248291
8.609375e-05,13.6553727165
8.611328125e-05,13.6229838452
8.61328125e-05,13.5922707808
8.615234375e-05,13.5633476752
8.6171875e-05,13.5363302386
8.619140625e-05,13.5113357104
8.62109375e-05,13.4884828293
8.623046875e-05,13.4678918029
8.625e-05,13.4496842753
8.626953125e-05,13.4339832944
8.62890625e-05,13.4209132777
8.630859375e-05,13.4105999774
8.6328125e-05,13.4031704441
8.634765625e-05,13.3987529895
8.63671875e-05,13.397477148
8.638671875e-05,13.3994736372
8.640625e-05,13.4048743171
8.642578125e-05,13.4138121483
8.64453125e-05,13.4264211491
8.646484375e-05,13.442836351
8.6484375e-05,13.4631937537
8.650390625e-05,13.4876302784
8.65234375e-05,13.51628372
8.654296875e-05,13.5492926979
8.65625e-05,13.5867966065
8.658203125e-05,13.628935563
8.66015625e-05,13.6758503554
8.662109375e-05,13.7276823885
8.6640625e-05,13.7845736288
8.666015625e-05,13.8466665482
8.66796875e-05,13.9141040668
8.669921875e-05,13.987029494
8.671875e-05,14.0655864686
8.673828125e-05,14.1499188979
8.67578125e-05,14.2401708953
8.677734375e-05,14.3364867166
8.6796875e-05,14.4390106959
8.681640625e-05,14.5478871794
8.68359375e-05,14.6632604583
8.685546875e-05,14.7852747013
8.6875e-05,14.9140738845
8.689453125e-05,15.0498017218
8.69140625e-05,15.1926015931
8.693359375e-05,15.3426164719
8.6953125e-05,15.4999888516
8.697265625e-05,15.664860671
8.69921875e-05,15.8373732388
8.701171875e-05,16.0176671568
8.703125e-05,16.2058822426
8.705078125e-05,16.4021574511
8.70703125e-05,16.6066307947
8.708984375e-05,16.819439264
8.7109375e-05,17.0407187458
8.712890625e-05,17.270603942
8.71484375e-05,17.5092282866
8.716796875e-05,17.7567238624
8.71875e-05,18.0132213173
8.720703125e-05,18.2788497794
8.72265625e-05,18.5537367718
8.724609375e-05,18.8380081272
8.7265625e-05,19.1317879009
8.728515625e-05,19.4351982849
8.73046875e-05,19.7483595201
8.732421875e-05,20.0713898093
8.734375e-05,20.404405229
8.736328125e-05,20.7475196416
8.73828125e-05,21.1008446072
8.740234375e-05,21.464489295
8.7421875e-05,21.8385603948
8.744140625e-05,22.223162029
8.74609375e-05,22.6183956635
8.748046875e-05,23.0243600199
8.75e-05,23.4411509868
8.751953125e-05,23.8688615324
8.75390625e-05,24.3075816163
8.755859375e-05,24.7573981026
8.7578125e-05,25.2183946727
8.759765625e-05,25.6906517391
8.76171875e-05,26.1742463596
8.763671875e-05,26.6692521518
8.765625e-05,27.1757392092
8.767578125e-05,27.6937740168
8.76953125e-05,28.2234193687
8.771484375e-05,28.7647342859
8.7734375e-05,29.3177739356
8.775390625e-05,29.8825895512
8.77734375e-05,30.4592283535
8.779296875e-05,31.0477334732
8.78125e-05,31.6481438749
8.783203125e-05,32.2604942821
8.78515625e-05,32.8848151036
8.787109375e-05,33.5211323622
8.7890625e-05,34.1694676239
8.791015625e-05,34.8298379294
8.79296875e-05,35.5022557278
8.794921875e-05,36.1867288107
8.796875e-05,36.8832602498
8.798828125e-05,37.5918483356
8.80078125e-05,38.3124865182
8.802734375e-05,39.0451633503
8.8046875e-05,39.7898624329
8.806640625e-05,40.5465623622
8.80859375e-05,41.31523668
8.810546875e-05,42.0958538258
8.8125e-05,42.8883770912
8.814453125e-05,43.6927645781
8.81640625e-05,44.5089691576
8.818359375e-05,45.3369384335
8.8203125e-05,46.1766147071
8.822265625e-05,47.0279349455
8.82421875e-05,47.8908307531
8.826171875e-05,48.765228345
8.828125e-05,49.6510485242
8.830078125e-05,50.5482066618
8.83203125e-05,51.4566126798
8.833984375e-05,52.3761710379
8.8359375e-05,53.3067807225
8.837890625e-05,54.2483352396
8.83984375e-05,55.2007226108
8.841796875e-05,56.163825373
8.84375e-05,57.1375205807
8.845703125e-05,58.1216798125
8.84765625e-05,59.1161691806
8.849609375e-05,60.120849344
8.8515625e-05,61.135575525
8.853515625e-05,62.1601975297
8.85546875e-05,63.1945597712
8.857421875e-05,64.2385012978
8.859375e-05,65.2918558231
8.861328125e-05,66.3544517611
8.86328125e-05,67.4261122643
8.865234375e-05,68.5066552655
8.8671875e-05,69.5958935236
8.869140625e-05,70.6936346724
8.87109375e-05,71.7996812737
8.873046875e-05,72.9138308738
8.875e-05,74.0358760635
8.876953125e-05,75.1656045421
8.87890625e-05,76.3027991846
8.880859375e-05,77.4472381128
8.8828125e-05,78.59869477
8.884765625e-05,79.756937999
8.88671875e-05,80.9217321237
8.888671875e-05,82.0928370345
8.890625e-05,83.2700082771
8.892578125e-05,84.452997144
8.89453125e-05,85.6415507706
8.896484375e-05,86.8354122338
8.8984375e-05,88.0343206537
8.900390625e-05,89.2380112998
8.90234375e-05,90.4462156988
8.904296875e-05,91.6586617463
8.90625e-05,92.8750738222
8.908203125e-05,94.0951729077
8.91015625e-05,95.3186767061
8.912109375e-05,96.5452997668
8.9140625e-05,97.7747536111
8.916015625e-05,99.0067468612
8.91796875e-05,100.240985372
8.919921875e-05,101.477172366
8.921875e-05,102.715008568
8.923828125e-05,103.954192347
8.92578125e-05,105.194419854
8.927734375e-05,106.435385167
8.9296875e-05,107.67678044
8.931640625e-05,108.918296044
8.93359375e-05,110.15962072
8.935546875e-05,111.400441732
8.9375e-05,112.640445015
8.939453125e-05,113.879315334
8.94140625e-05,115.116736436
8.943359375e-05,116.35239121
8.9453125e-05,117.585961846
8.947265625e-05,118.817129989
8.94921875e-05,120.045576905
8.951171875e-05,121.270983643
8.953125e-05,122.49303119
8.955078125e-05,123.711400641
8.95703125e-05,124.925773359
8.958984375e-05,126.135831138
8.9609375e-05,127.341256369
8.962890625e-05,128.5417322
8.96484375e-05,129.736942705
8.966796875e-05,130.926573043
8.96875e-05,132.110309624
8.970703125e-05,133.287840273
8.97265625e-05,134.458854388
8.974609375e-05,135.623043109
8.9765625e-05,136.780099471
8.978515625e-05,137.929718571
8.98046875e-05,139.071597725
8.982421875e-05,140.205436623
8.984375e-05,141.330937492
8.986328125e-05,142.447805244
8.98828125e-05,143.555747637
8.990234375e-05,144.654475422
8.9921875e-05,145.743702497
8.994140625e-05,146.823146053
8.99609375e-05,147.892526723
8.998046875e-05,148.951568723
9e-05,150
9.001953125e-05,151.037552366
9.00390625e-05,152.063961638
9.005859375e-05,153.078967775
9.0078125e-05,154.082315007
9.009765625e-05,155.073751967
9.01171875e-05,156.053031816
9.013671875e-05,157.019912368
9.015625e-05,157.974156211
9.017578125e-05,158.915530823
9.01953125e-05,159.843808688
9.021484375e-05,160.758767407
9.0234375e-05,161.660189804
9.025390625e-05,162.547864033
9.02734375e-05,163.421583678
9.029296875e-05,164.281147848
9.03125e-05,165.126361271
9.033203125e-05,165.957034389
9.03515625e-05,166.772983435
9.037109375e-05,167.574030523
9.0390625e-05,168.360003721
9.041015625e-05,169.130737129
9.04296875e-05,169.886070946
9.044921875e-05,170.625851537
9.046875e-05,171.349931498
9.048828125e-05,172.058169711
9.05078125e-05,172.750431396
9.052734375e-05,173.426588165
9.0546875e-05,174.086518067
9.056640625e-05,174.730105625
9.05859375e-05,175.357241878
9.060546875e-05,175.967824411
9.0625e-05,176.561757383
9.064453125e-05,177.138951553
9.06640625e-05,177.6993243
9.068359375e-05,178.242799639
9.0703125e-05,178.769308229
9.072265625e-05,179.278787386
9.07421875e-05,179.771181082
9.076171875e-05,180.246439944
9.078125e-05,180.704521253
9.080078125e-05,181.145388929
9.08203125e-05,181.56901352
9.083984375e-05,181.975372188
9.0859375e-05,182.364448681
9.087890625e-05,182.736233312
9.08984375e-05,183.090722928
9.091796875e-05,183.427920878
9.09375e-05,183.747836973
9.095703125e-05,184.050487448
9.09765625e-05,184.335894917
9.099609375e-05,184.604088323
9.1015625e-05,184.855102886
9.103515625e-05,185.088980051
9.10546875e-05,185.305767426
9.107421875e-05,185.505518719
9.109375e-05,185.688293675
9.111328125e-05,185.854158006
9.11328125e-05,186.00318332
9.115234375e-05,186.135447044
9.1171875e-05,186.251032347
9.119140625e-05,186.350028059
9.12109375e-05,186.432528588
9.123046875e-05,186.498633833
9.125e-05,186.548449095
9.126953125e-05,186.582084984
9.12890625e-05,186.599657327
9.130859375e-05,186.601287072
9.1328125e-05,186.587100185
9.134765625e-05,186.557227554
9.13671875e-05,186.511804886
9.138671875e-05,186.450972597
9.140625e-05,186.374875711
9.142578125e-05,186.28366375
9.14453125e-05,186.17749062
9.146484375e-05,186.056514507
9.1484375e-05,185.920897757
9.150390625e-05,185.770806763
9.15234375e-05,185.606411853
9.154296875e-05,185.427887169
9.15625e-05,185.23541055
9.158203125e-05,185.029163417
9.16015625e-05,184.809330646
9.162109375e-05,184.576100455
9.1640625e-05,184.329664279
9.166015625e-05,184.070216648
9.16796875e-05,183.79795507
9.169921875e-05,183.513079901
9.171875e-05,183.215794228
9.173828125e-05,182.906303747
9.17578125e-05,182.584816634
9.177734375e-05,182.251543431
9.1796875e-05,181.906696916
9.181640625e-05,181.550491985
9.18359375e-05,181.183145527
9.185546875e-05,180.804876305
9.1875e-05,180.415904836
9.189453125e-05,180.016453267
9.19140625e-05,179.606745255
9.193359375e-05,179.187005852
9.1953125e-05,178.757461385
9.197265625e-05,178.318339335
9.19921875e-05,177.869868228
9.201171875e-05,177.412277512
9.203125e-05,176.945797448
9.205078125e-05,176.470658995
9.20703125e-05,175.987093698
9.208984375e-05,175.49533358
9.2109375e-05,174.99561103
9.212890625e-05,174.488158696
9.21484375e-05,173.973209383
9.216796875e-05,173.450995942
9.21875e-05,172.921751171
9.220703125e-05,172.385707716
9.22265625e-05,171.843097967
9.224609375e-05,171.294153963
9.2265625e-05,170.739107295
9.228515625e-05,170.178189012
9.23046875e-05,169.611629533
9.232421875e-05,169.03965855
9.234375e-05,168.462504944
9.236328125e-05,167.8803967
9.23828125e-05,167.29356082
9.240234375e-05,166.702223243
9.2421875e-05,166.106608762
9.244140625e-05,165.50694095
9.24609375e-05,164.903442085
9.248046875e-05,164.29633307
9.25e-05,163.685833369
9.251953125e-05,163.072160934
9.25390625e-05,162.455532138
9.255859375e-05,161.836161714
9.2578125e-05,161.214262685
9.259765625e-05,160.590046313
9.26171875e-05,159.963722033
9.263671875e-05,159.335497403
9.265625e-05,158.705578045
9.267578125e-05,158.074167601
9.26953125e-05,157.441467674
9.271484375e-05,156.807677791
9.2734375e-05,156.172995352
9.275390625e-05,155.537615588
9.27734375e-05,154.901731526
9.279296875e-05,154.265533942
9.28125e-05,153.629211333
9.283203125e-05,152.992949881
9.28515625e-05,152.356933418
9.287109375e-05,151.7213434
9.2890625e-05,151.086358878
9.291015625e-05,150.452156474
9.29296875e-05,149.818910356
9.294921875e-05,149.186792218
9.296875e-05,148.55597126
9.298828125e-05,147.926614168
9.30078125e-05,147.298885106
9.302734375e-05,146.672945692
9.3046875e-05,146.048954997
9.306640625e-05,145.427069528
9.30859375e-05,144.807443221
9.310546875e-05,144.190227439
9.3125e-05,143.57557096
9.314453125e-05,142.963619983
9.31640625e-05,142.354518121
9.318359375e-05,141.748406402
9.3203125e-05,141.145423274
9.322265625e-05,140.545704606
9.32421875e-05,139.949383695
9.326171875e-05,139.35659127
9.328125e-05,138.767455504
9.330078125e-05,138.18210202
9.33203125e-05,137.600653906
9.333984375e-05,137.023231723
9.3359375e-05,136.449953518
9.337890625e-05,135.880934846
9.33984375e-05,135.316288777
9.341796875e-05,134.756125919
9.34375e-05,134.200554433
9.345703125e-05,133.649680055
9.34765625e-05,133.103606112
9.349609375e-05,132.56243355
9.3515625e-05,132.026260951
9.353515625e-05,131.495184556
9.35546875e-05,130.969298292
9.357421875e-05,130.448693796
9.359375e-05,129.933460439
9.361328125e-05,129.423685354
9.36328125e-05,128.919453462
9.365234375e-05,128.420847501
9.3671875e-05,127.927948052
9.369140625e-05,127.44083357
9.37109375e-05,126.959580414
9.373046875e-05,126.484262875
9.375e-05,126.014953205
9.376953125e-05,125.551721653
9.37890625e-05,125.094636491
9.380859375e-05,124.643764048
9.3828125e-05,124.199168742
9.384765625e-05,123.760913109
9.38671875e-05,123.329057841
9.388671875e-05,122.903661811
9.390625e-05,122.484782112
9.392578125e-05,122.072474088
9.39453125e-05,121.666791365
9.396484375e-05,121.267785884
9.3984375e-05,120.875507937
9.400390625e-05,120.490006196
9.40234375e-05,120.111327749
9.404296875e-05,119.739518129
9.40625e-05,119.37462135
9.408203125e-05,119.016679939
9.41015625e-05,118.665734967
9.412109375e-05,118.321826081
9.4140625e-05,117.984991535
9.416015625e-05,117.655268226
9.41796875e-05,117.332691721
9.419921875e-05,117.017296287
9.421875e-05,116.709114926
9.423828125e-05,116.408179401
9.42578125e-05,116.114520271
9.427734375e-05,115.828166914
9.4296875e-05,115.549147559
9.431640625e-05,115.277489317
9.43359375e-05,115.013218203
9.435546875e-05,114.756359171
9.4375e-05,114.506936134
9.439453125e-05,114.264971993
9.44140625e-05,114.030488666
9.443359375e-05,113.803507107
9.4453125e-05,113.584047337
9.447265625e-05,113.372128462
9.44921875e-05,113.167768702
9.451171875e-05,112.970985407
9.453125e-05,112.781795086
9.455078125e-05,112.600213425
9.45703125e-05,112.426255305
9.458984375e-05,112.259934827
9.4609375e-05,112.101265327
9.462890625e-05,111.950259395
9.46484375e-05,111.806928896
9.466796875e-05,111.671284982
9.46875e-05,111.54333811
9.470703125e-05,111.423098058
9.47265625e-05,111.310573938
9.474609375e-05,111.20577421
9.4765625e-05,111.108706696
9.478515625e-05,111.019378589
9.48046875e-05,110.937796467
9.482421875e-05,110.8639663
9.484375e-05,110.797893463
9.486328125e-05,110.739582742
9.48828125e-05,110.689038342
9.490234375e-05,110.646263894
9.4921875e-05,110.611262459
9.494140625e-05,110.584036537
9.49609375e-05,110.564588068
9.498046875e-05,110.552918434
9.5e-05,110.549028463
9.501953125e-05,110.552918434
9.50390625e-05,110.564588068
9.505859375e-05,110.584036537
9.5078125e-05,110.611262459
9.509765625e-05,110.646263894
9.51171875e-05,110.689038342
9.513671875e-05,110.739582742
9.515625e-05,110.797893463
9.517578125e-05,110.8639663
9.51953125e-05,110.937796467
9.521484375e-05,111.019378589
9.5234375e-05,111.108706696
9.525390625e-05,111.20577421
9.52734375e-05,111.310573938
9.529296875e-05,111.423098058
9.53125e-05,111.54333811
9.533203125e-05,111.671284982
9.53515625e-05,111.806928896
9.537109375e-05,111.950259395
9.5390625e-05,112.101265327
9.541015625e-05,112.259934827
9.54296875e-05,112.426255305
9.544921875e-05,112.600213425
9.546875e-05,112.781795086
9.548828125e-05,112.970985407
9.55078125e-05,113.167768702
9.552734375e-05,113.372128462
9.5546875e-05,113.584047337
9.556640625e-05,113.803507107
9.55859375e-05,114.030488666
9.560546875e-05,114.264971993
9.5625e-05,114.506936134
9.564453125e-05,114.756359171
9.56640625e-05,115.013218203
9.568359375e-05,115.277489317
9.5703125e-05,115.549147559
9.572265625e-05,115.828166914
9.57421875e-05,116.114520271
9.576171875e-05,116.408179401
9.578125e-05,116.709114926
9.580078125e-05,117.017296287
9.58203125e-05,117.332691721
9.583984375e-05,117.655268226
9.5859375e-05,117.984991535
9.587890625e-05,118.321826081
9.58984375e-05,118.665734967
9.591796875e-05,119.016679939
9.59375e-05,119.37462135
9.595703125e-05,119.739518129
9.59765625e-05,120.111327749
9.599609375e-05,120.490006196
9.6015625e-05,120.875507937
9.603515625e-05,121.267785884
9.60546875e-05,121.666791365
9.607421875e-05,122.072474088
9.609375e-05,122.484782112
9.611328125e-05,122.903661811
9.61328125e-05,123.329057841
9.615234375e-05,123.760913109
9.6171875e-05,124.199168742
9.619140625e-05,124.643764048
9.62109375e-05,125.094636491
9.623046875e-05,125.551721653
9.625e-05,126.014953205
9.626953125e-05,126.484262875
9.62890625e-05,126.959580414
9.630859375e-05,127.44083357
9.6328125e-05,127.927948052
9.634765625e-05,128.420847501
9.63671875e-05,128.919453462
9.638671875e-05,129.423685354
9.640625e-05,129.933460439
9.642578125e-05,130.448693796
9.64453125e-05,130.969298292
9.646484375e-05,131.495184556
9.6484375e-05,132.026260951
9.650390625e-05,132.56243355
9.65234375e-05,133.103606112
9.654296875e-05,133.649680055
9.65625e-05,134.200554433
9.658203125e-05,134.756125919
9.66015625e-05,135.316288777
9.662109375e-05,135.880934846
9.6640625e-05,136.449953518
9.666015625e-05,137.023231723
9.66796875e-05,137.600653906
9.669921875e-05,138.18210202
9.671875e-05,138.767455504
9.673828125e-05,139.35659127
9.67578125e-05,139.949383695
9.677734375e-05,140.545704606
9.6796875e-05,141.145423274
9.681640625e-05,141.748406402
9.68359375e-05,142.354518121
9.685546875e-05,142.963619983
9.6875e-05,143.57557096
9.689453125e-05,144.190227439
9.69140625e-05,144.807443221
9.693359375e-05,145.427069528
9.6953125e-05,146.048954997
9.697265625e-05,146.672945692
9.69921875e-05,147.298885106
9.701171875e-05,147.926614168
9.703125e-05,148.55597126
9.705078125e-05,149.186792218
9.70703125e-05,149.818910356
9.708984375e-05,150.452156474
9.7109375e-05,151.086358878
9.712890625e-05,151.7213434
9.71484375e-05,152.356933418
9.716796875e-05,152.992949881
9.71875e-05,153.629211333
9.720703125e-05,154.265533942
9.72265625e-05,154.901731526
9.724609375e-05,155.537615588
9.7265625e-05,156.172995352
9.728515625e-05,156.807677791
9.73046875e-05,157.441467674
9.732421875e-05,158.074167601
9.734375e-05,158.705578045
9.736328125e-05,159.335497403
9.73828125e-05,159.963722033
9.740234375e-05,160.590046313
9.7421875e-05,161.214262685
9.744140625e-05,161.836161714
9.74609375e-05,162.455532138
9.748046875e-05,163.072160934
9.75e-05,163.685833369
9.751953125e-05,164.29633307
9.75390625e-05,164.903442085
9.755859375e-05,165.50694095
9.7578125e-05,166.106608762
9.759765625e-05,166.702223243
9.76171875e-05,167.29356082
9.763671875e-05,167.8803967
9.765625e-05,168.462504944
9.767578125e-05,169.03965855
9.76953125e-05,169.611629533
9.771484375e-05,170.178189012
9.7734375e-05,170.739107295
9.775390625e-05,171.294153963
9.77734375e-05,171.843097967
9.779296875e-05,172.385707716
9.78125e-05,172.921751171
9.783203125e-05,173.450995942
9.78515625e-05,173.973209383
9.787109375e-05,174.488158696
9.7890625e-05,174.99561103
9.791015625e-05,175.49533358
9.79296875e-05,175.987093698
9.794921875e-05,176.470658995
9.796875e-05,176.945797448
9.798828125e-05,177.412277512
9.80078125e-05,177.869868228
9.802734375e-05,178.318339335
9.8046875e-05,178.757461385
9.806640625e-05,179.187005852
9.80859375e-05,179.606745255
9.810546875e-05,180.016453267
9.8125e-05,180.415904836
9.814453125e-05,180.804876305
9.81640625e-05,181.183145527
9.818359375e-05,181.550491985
9.8203125e-05,181.906696916
9.822265625e-05,182.251543431
9.82421875e-05,182.584816634
9.826171875e-05,182.906303747
9.828125e-05,183.215794228
9.830078125e-05,183.513079901
9.83203125e-05,183.79795507
9.833984375e-05,184.070216648
9.8359375e-05,184.329664279
9.837890625e-05,184.576100455
9.83984375e-05,184.809330646
9.841796875e-05,185.029163417
9.84375e-05,185.23541055
9.845703125e-05,185.427887169
9.84765625e-05,185.606411853
9.849609375e-05,185.770806763
9.8515625e-05,185.920897757
9.853515625e-05,186.056514507
9.85546875e-05,186.17749062
9.857421875e-05,186.28366375
9.859375e-05,186.374875711
9.861328125e-05,186.450972597
9.86328125e-05,186.511804886
9.865234375e-05,186.557227554
9.8671875e-05,186.587100185
9.869140625e-05,186.601287072
9.87109375e-05,186.599657327
9.873046875e-05,186.582084984
9.875e-05,186.548449095
9.876953125e-05,186.498633833
9.87890625e-05,186.432528588
9.880859375e-05,186.350028059
9.8828125e-05,186.251032347
9.884765625e-05,186.135447044
9.88671875e-05,186.00318332
9.888671875e-05,185.854158006
9.890625e-05,185.688293675
9.892578125e-05,185.505518719
9.89453125e-05,185.305767426
9.896484375e-05,185.088980051
9.8984375e-05,184.855102886
9.900390625e-05,184.604088323
9.90234375e-05,184.335894917
9.904296875e-05,184.050487448
9.90625e-05,183.747836973
9.908203125e-05,183.427920878
9.91015625e-05,183.090722928
9.912109375e-05,182.736233312
9.9140625e-05,182.364448681
9.916015625e-05,181.975372188
9.91796875e-05,181.56901352
9.919921875e-05,181.145388929
9.921875e-05,180.704521253
9.923828125e-05,180.246439944
9.92578125e-05,179.771181082
9.927734375e-05,179.278787386
9.9296875e-05,178.769308229
9.931640625e-05,178.242799639
9.93359375e-05,177.6993243
9.935546875e-05,177.138951553
9.9375e-05,176.561757383
9.939453125e-05,175.967824411
9.94140625e-05,175.357241878
9.943359375e-05,174.730105625
9.9453125e-05,174.086518067
9.947265625e-05,173.426588165
9.94921875e-05,172.750431396
9.951171875e-05,172.058169711
9.953125e-05,171.349931498
9.955078125e-05,170.625851537
9.95703125e-05,169.886070946
9.958984375e-05,169.130737129
9.9609375e-05,168.360003721
9.962890625e-05,167.574030523
9.96484375e-05,166.772983435
9.966796875e-05,165.957034389
9.96875e-05,165.126361271
9.970703125e-05,164.281147848
9.97265625e-05,163.421583678
9.974609375e-05,162.547864033
9.9765625e-05,161.660189804
9.978515625e-05,160.758767407
9.98046875e-05,159.843808688
9.982421875e-05,158.915530823
9.984375e-05,157.974156211
9.986328125e-05,157.019912368
9.98828125e-05,156.053031816
9.990234375e-05,155.073751967
9.9921875e-05,154.082315007
9.994140625e-05,153.078967775
9.99609375e-05,152.063961638
9.998046875e-05,151.037552366
